customerID,gender,SeniorCitizen,Partner,Dependents,tenure,PhoneService,MultipleLines,InternetService,OnlineSecurity,OnlineBackup,DeviceProtection,TechSupport,StreamingTV,StreamingMovies,Contract,PaperlessBilling,PaymentMethod,MonthlyCharges,TotalCharges,Churn
7263-CASBF,Female,0,No,No,48,Yes,Yes,Fiber optic,No,Yes,No,Yes,Yes,No,One year,Yes,Bank transfer (automatic),103.3,4898.1,No
6776-YNWRV,Male,0,No,No,5,Yes,No,No,No internet service,No internet service,No internet service,No internet service,No internet service,No internet service,Month-to-month,Yes,Electronic check,23.45,121.11,Yes
3012-MPWLQ,Male,0,Yes,No,67,Yes,No,DSL,No,Yes,Yes,No,Yes,No,Two year,No,Bank transfer (automatic),72.92,4816.0,No
9794-JTPRM,Male,0,No,No,52,Yes,No,Fiber optic,No,Yes,No,Yes,Yes,Yes,Two year,No,Mailed check,98.65,5038.72,No
3460-NFVTH,Female,0,Yes,No,70,Yes,No,Fiber optic,Yes,Yes,No,Yes,Yes,No,Two year,Yes,Mailed check,91.44,6235.78,No
7223-DCOOR,Female,0,No,No,2,Yes,No,No,No internet service,No internet service,No internet service,No internet service,No internet service,No internet service,Month-to-month,Yes,Mailed check,26.94,54.89,No
9490-JCALW,Female,0,Yes,Yes,61,Yes,No,Fiber optic,No,No,No,No,No,Yes,One year,No,Credit card (automatic),81.14,5136.19,No
9053-CPWYK,Male,0,No,No,69,Yes,No,Fiber optic,No,No,No,No,Yes,No,Two year,No,Credit card (automatic),82.76,5864.83,No
3329-DKCKC,Male,0,Yes,No,1,Yes,Yes,Fiber optic,Yes,No,No,Yes,Yes,Yes,Month-to-month,No,Mailed check,113.01,114.58,Yes
8404-BLJLK,Female,0,No,No,72,Yes,Yes,DSL,Yes,No,No,No,No,No,One year,No,Bank transfer (automatic),67.28,4755.2,No
8256-MVWDA,Male,0,No,No,14,Yes,Yes,Fiber optic,No,No,No,Yes,Yes,No,Month-to-month,No,Electronic check,97.77,1334.47,Yes
8687-MBSVJ,Female,0,Yes,Yes,8,Yes,Yes,Fiber optic,Yes,Yes,No,Yes,Yes,Yes,Month-to-month,Yes,Credit card (automatic),113.93,912.41,Yes
3160-ZDWMP,Female,0,Yes,No,23,Yes,No,Fiber optic,Yes,No,No,Yes,Yes,Yes,One year,No,Mailed check,98.48,2174.24,No
1592-VGTHH,Male,0,Yes,Yes,1,No,No phone service,DSL,No,Yes,No,No,Yes,No,Month-to-month,Yes,Mailed check,59.45,59.05,Yes
1667-AUIWQ,Female,0,No,No,69,No,No phone service,Fiber optic,No,Yes,No,No,Yes,Yes,Two year,Yes,Electronic check,93.21,6504.49,No
8018-VOGTZ,Male,0,Yes,Yes,11,Yes,No,Fiber optic,No,No,Yes,Yes,Yes,No,Month-to-month,Yes,Bank transfer (automatic),92.17,1048.61,Yes
3671-XCJKK,Female,0,No,No,34,Yes,No,No,No internet service,No internet service,No internet service,No internet service,No internet service,No internet service,Month-to-month,No,Electronic check,25.91,869.51,No
4539-YLBKN,Male,0,No,No,45,Yes,No,No,No internet service,No internet service,No internet service,No internet service,No internet service,No internet service,Two year,No,Bank transfer (automatic),23.72,1036.83,No
5820-ZTGVD,Female,1,Yes,No,61,No,No phone service,Fiber optic,No,No,No,No,Yes,No,One year,Yes,Mailed check,77.03,4714.34,Yes
1086-RTVXJ,Female,0,Yes,Yes,10,No,No phone service,Fiber optic,No,No,No,Yes,No,Yes,Month-to-month,Yes,Mailed check,77.36,771.42,Yes
3555-BGCHW,Male,1,No,No,54,No,No phone service,Fiber optic,No,Yes,Yes,No,No,Yes,One year,Yes,Credit card (automatic),85.72,4557.03,No
3956-VOECE,Male,0,Yes,No,3,Yes,Yes,DSL,No,No,Yes,Yes,No,No,Month-to-month,Yes,Credit card (automatic),71.57,207.25,Yes
7263-PQSKP,Male,0,Yes,No,53,Yes,Yes,DSL,No,Yes,No,No,Yes,No,Month-to-month,Yes,Electronic check,71.28,3872.5,No
3605-KIVGL,Male,0,No,No,70,Yes,No,DSL,No,Yes,No,Yes,No,Yes,Two year,No,Credit card (automatic),70.53,4827.37,No
4775-YIZQU,Female,0,Yes,No,2,Yes,Yes,DSL,Yes,No,Yes,No,Yes,No,Month-to-month,Yes,Electronic check,83.87,168.15,Yes
1797-KCXXQ,Male,0,Yes,Yes,3,Yes,No,DSL,No,No,Yes,Yes,No,Yes,Month-to-month,Yes,Electronic check,69.14,200.87,Yes
1671-XKTXO,Male,0,Yes,Yes,38,Yes,No,Fiber optic,No,Yes,No,No,Yes,No,One year,No,Bank transfer (automatic),87.28,3471.67,No
4670-KXBTX,Male,0,No,No,1,Yes,No,Fiber optic,No,No,No,No,Yes,No,Month-to-month,No,Bank transfer (automatic),81.69,84.23,Yes
9976-ILMZI,Female,0,Yes,Yes,6,Yes,Yes,No,No internet service,No internet service,No internet service,No internet service,No internet service,No internet service,One year,Yes,Credit card (automatic),31.55,193.83,No
5539-MNHLW,Female,0,No,No,6,Yes,No,Fiber optic,Yes,No,No,No,Yes,No,Month-to-month,No,Mailed check,81.1,483.78,Yes
7712-HARLR,Male,0,Yes,No,30,Yes,No,DSL,No,Yes,No,No,Yes,No,Month-to-month,Yes,Electronic check,67.21,2096.81,No
8748-XVTOZ,Female,0,Yes,Yes,10,Yes,Yes,DSL,No,Yes,No,Yes,No,No,Month-to-month,No,Mailed check,67.49,641.97,Yes
2657-NLDWF,Female,1,No,No,29,Yes,Yes,No,No internet service,No internet service,No internet service,No internet service,No internet service,No internet service,One year,Yes,Electronic check,33.64,986.02,No
4742-OYTEG,Male,0,Yes,Yes,34,Yes,No,DSL,No,Yes,Yes,No,No,Yes,Month-to-month,No,Electronic check,70.44,2368.0,Yes
6167-YDHIZ,Female,0,Yes,Yes,55,Yes,Yes,No,No internet service,No internet service,No internet service,No internet service,No internet service,No internet service,Two year,Yes,Bank transfer (automatic),35.22,1847.52,No
8299-ANLXJ,Male,0,Yes,Yes,71,Yes,No,DSL,No,Yes,No,No,Yes,No,Month-to-month,Yes,Mailed check,62.24,4301.89,No
6472-GYTMO,Male,1,No,No,32,Yes,Yes,Fiber optic,Yes,No,Yes,No,Yes,No,Month-to-month,No,Electronic check,96.54,2982.14,No
4331-CQBST,Female,0,Yes,No,18,Yes,No,Fiber optic,Yes,Yes,Yes,No,Yes,No,Month-to-month,Yes,Bank transfer (automatic),96.3,1724.78,Yes
6099-LBJWI,Male,1,No,No,11,Yes,Yes,DSL,No,No,No,No,Yes,Yes,Month-to-month,No,Credit card (automatic),82.85,942.0,No
5223-ACKMV,Female,0,No,No,46,Yes,No,Fiber optic,Yes,No,No,Yes,Yes,No,Two year,No,Mailed check,93.88,4212.77,No
4166-JSUEG,Male,1,Yes,No,71,Yes,Yes,DSL,Yes,No,Yes,Yes,No,Yes,One year,Yes,Mailed check,85.42,6149.02,No
2473-ZXEKK,Male,0,Yes,Yes,58,Yes,Yes,Fiber optic,Yes,No,No,No,No,Yes,Two year,Yes,Credit card (automatic),95.55,5386.98,No
6929-IJGDS,Female,0,No,No,7,Yes,Yes,Fiber optic,Yes,Yes,Yes,No,Yes,Yes,Month-to-month,No,Electronic check,117.0,795.39,Yes
4163-IFZQP,Female,0,No,Yes,70,No,No phone service,DSL,No,Yes,No,No,No,No,One year,Yes,Credit card (automatic),47.97,3241.89,No
6911-PGMME,Female,0,No,No,56,Yes,No,DSL,Yes,No,Yes,No,No,No,Two year,Yes,Electronic check,62.13,3477.32,No
5270-DSUCM,Male,0,Yes,Yes,3,Yes,Yes,No,No internet service,No internet service,No internet service,No internet service,No internet service,No internet service,Month-to-month,Yes,Credit card (automatic),32.2,95.55,Yes
8243-SEZHK,Female,0,Yes,No,54,Yes,Yes,DSL,Yes,Yes,No,Yes,Yes,No,Two year,Yes,Electronic check,85.73,4474.36,No
8732-RJOXV,Female,0,No,No,13,Yes,Yes,DSL,Yes,No,Yes,Yes,No,Yes,Month-to-month,Yes,Electronic check,88.83,1138.88,Yes
5883-ONMIW,Male,0,No,No,31,Yes,No,DSL,No,No,No,Yes,No,Yes,One year,No,Electronic check,64.05,1916.93,No
9679-LBWIM,Female,0,No,No,14,Yes,No,DSL,Yes,No,No,No,Yes,No,One year,Yes,Electronic check,64.29,889.67,No
7990-IWHKP,Female,0,Yes,No,2,Yes,Yes,DSL,No,No,Yes,No,Yes,No,One year,Yes,Mailed check,77.48,157.57,No
8214-CBVHH,Male,0,No,No,59,Yes,Yes,DSL,Yes,Yes,No,Yes,Yes,Yes,Month-to-month,Yes,Mailed check,95.38,5852.5,No
7291-QFJAU,Male,0,Yes,Yes,64,Yes,Yes,DSL,No,No,Yes,Yes,No,No,Two year,Yes,Credit card (automatic),73.15,4602.25,No
9301-FIAEG,Male,0,Yes,Yes,9,Yes,No,No,No internet service,No internet service,No internet service,No internet service,No internet service,No internet service,Month-to-month,Yes,Bank transfer (automatic),22.86,200.42,No
5824-AXRDT,Female,0,No,Yes,9,Yes,No,Fiber optic,Yes,No,Yes,No,No,Yes,Month-to-month,Yes,Mailed check,92.02,815.71,Yes
1978-FBOQP,Male,0,No,No,25,Yes,Yes,DSL,No,Yes,Yes,No,No,Yes,Two year,Yes,Credit card (automatic),83.4,2062.1,No
5303-PLRKQ,Female,0,Yes,Yes,63,Yes,Yes,No,No internet service,No internet service,No internet service,No internet service,No internet service,No internet service,Two year,No,Mailed check,34.77,2183.51,No
8234-RPCBB,Male,0,No,No,2,Yes,Yes,No,No internet service,No internet service,No internet service,No internet service,No internet service,No internet service,Month-to-month,No,Electronic check,36.23,71.65,Yes
8953-QRASV,Female,0,Yes,No,62,Yes,No,DSL,Yes,No,No,Yes,No,No,Month-to-month,Yes,Credit card (automatic),60.47,3908.44,No
2229-RLNTW,Male,0,Yes,No,70,Yes,No,Fiber optic,No,Yes,Yes,No,Yes,Yes,Two year,No,Bank transfer (automatic),100.78,6960.92,No
6621-OUTJI,Female,0,No,No,38,Yes,No,No,No internet service,No internet service,No internet service,No internet service,No internet service,No internet service,Two year,No,Credit card (automatic),26.22,951.21,No
7582-LYLQU,Male,0,Yes,No,2,Yes,Yes,Fiber optic,No,No,No,No,Yes,Yes,Month-to-month,Yes,Electronic check,97.92,201.13,Yes
2990-WYFNH,Female,1,Yes,Yes,11,Yes,No,Fiber optic,No,Yes,No,No,No,Yes,Month-to-month,No,Credit card (automatic),83.17,906.85,Yes
1814-XWJDG,Female,0,Yes,No,3,Yes,Yes,Fiber optic,No,No,No,No,Yes,No,Month-to-month,Yes,Credit card (automatic),88.69,270.19,Yes
6039-WTMOL,Female,0,Yes,No,11,Yes,No,DSL,Yes,Yes,No,No,Yes,Yes,One year,No,Electronic check,77.49,861.19,No
1170-UMRZV,Male,1,Yes,Yes,63,Yes,No,No,No internet service,No internet service,No internet service,No internet service,No internet service,No internet service,Month-to-month,Yes,Bank transfer (automatic),27.84,1814.57,No
1063-RLLDK,Male,0,No,No,2,Yes,No,DSL,No,No,No,Yes,No,Yes,Month-to-month,No,Mailed check,63.47,129.98,Yes
6462-ERCJK,Female,0,No,Yes,12,Yes,No,DSL,No,Yes,Yes,Yes,No,No,One year,Yes,Mailed check,65.6,764.58,No
8532-GYXCO,Male,1,Yes,No,34,Yes,No,DSL,Yes,No,No,Yes,No,No,Month-to-month,Yes,Electronic check,57.03,2001.24,No
4621-OONUL,Male,0,No,No,68,Yes,No,Fiber optic,Yes,Yes,No,No,Yes,Yes,Month-to-month,Yes,Bank transfer (automatic),100.36,6817.47,Yes
1318-IFTCH,Female,0,No,No,10,Yes,Yes,No,No internet service,No internet service,No internet service,No internet service,No internet service,No internet service,One year,No,Electronic check,35.21,345.99,No
1818-HFJER,Male,0,No,No,60,Yes,No,Fiber optic,No,No,No,No,Yes,No,One year,Yes,Bank transfer (automatic),79.99,4758.31,No
9793-UQPSI,Male,0,Yes,Yes,41,No,No phone service,Fiber optic,Yes,No,No,No,Yes,No,One year,Yes,Electronic check,80.68,3458.61,No
1140-NOQLG,Female,1,Yes,No,50,Yes,No,Fiber optic,Yes,No,No,Yes,No,No,Two year,Yes,Mailed check,76.69,3664.5,No
3785-NDAWR,Male,0,No,No,67,Yes,Yes,Fiber optic,Yes,No,No,No,Yes,Yes,Two year,Yes,Mailed check,108.88,7611.42,No
5467-IQYAW,Male,0,Yes,Yes,1,Yes,Yes,No,No internet service,No internet service,No internet service,No internet service,No internet service,No internet service,Month-to-month,Yes,Electronic check,38.24,39.94,Yes
8209-SABPL,Female,0,Yes,No,35,Yes,Yes,DSL,No,Yes,Yes,No,Yes,No,Month-to-month,No,Electronic check,77.56,2618.04,No
6349-IGRXI,Male,0,No,No,57,No,No phone service,DSL,Yes,No,Yes,No,No,Yes,One year,No,Credit card (automatic),66.21,3733.87,No
5598-QOIGJ,Female,1,Yes,No,69,No,No phone service,Fiber optic,No,Yes,No,No,Yes,Yes,One year,Yes,Mailed check,91.44,6493.44,No
1712-HOWAB,Male,0,No,No,3,Yes,Yes,DSL,Yes,Yes,Yes,Yes,Yes,Yes,Month-to-month,Yes,Bank transfer (automatic),96.84,303.77,Yes
6154-KNRUU,Female,0,No,No,17,Yes,Yes,Fiber optic,Yes,No,Yes,No,Yes,Yes,Two year,Yes,Bank transfer (automatic),106.73,1766.32,No
5841-XRANF,Male,0,No,Yes,2,No,No phone service,Fiber optic,No,Yes,No,No,No,No,Month-to-month,Yes,Electronic check,70.05,133.87,Yes
9075-ZEPAI,Male,0,No,No,65,Yes,No,DSL,No,No,No,No,Yes,No,Month-to-month,Yes,Bank transfer (automatic),63.05,4164.33,No
2428-NGBIP,Male,0,Yes,No,67,Yes,No,Fiber optic,Yes,Yes,No,No,No,Yes,Month-to-month,Yes,Electronic check,86.24,5531.48,No
6209-DSPZL,Male,0,No,No,30,Yes,Yes,DSL,Yes,No,No,Yes,Yes,No,One year,No,Electronic check,78.37,2281.88,No
2542-QCKFF,Female,0,No,No,1,Yes,Yes,Fiber optic,Yes,Yes,Yes,No,No,Yes,One year,Yes,Electronic check,108.14,107.39,Yes
3550-BDRTU,Male,0,Yes,Yes,3,Yes,Yes,DSL,Yes,No,No,Yes,Yes,Yes,Month-to-month,Yes,Mailed check,88.59,267.37,Yes
3922-WQDOA,Female,1,No,No,45,No,No phone service,DSL,Yes,Yes,No,No,Yes,Yes,One year,No,Credit card (automatic),72.23,3239.93,No
8483-EDMRL,Female,0,No,No,72,Yes,No,No,No internet service,No internet service,No internet service,No internet service,No internet service,No internet service,Two year,Yes,Mailed check,23.91,1778.49,No
3168-NKDJB,Female,0,No,No,65,Yes,Yes,Fiber optic,No,Yes,No,No,No,Yes,One year,Yes,Bank transfer (automatic),98.28,6315.7,No
9704-AMNPG,Male,0,No,No,61,Yes,No,Fiber optic,No,No,No,No,Yes,Yes,Month-to-month,No,Electronic check,88.4,5401.17,No
2352-VCWTE,Male,0,Yes,No,23,Yes,Yes,Fiber optic,No,No,No,No,No,Yes,Month-to-month,Yes,Electronic check,89.16,2050.87,Yes
8461-UZXTL,Female,0,Yes,No,72,Yes,Yes,Fiber optic,No,Yes,No,Yes,Yes,Yes,Two year,Yes,Credit card (automatic),108.05,7548.31,No
5925-KESUX,Female,0,Yes,No,64,Yes,No,Fiber optic,No,No,Yes,No,No,Yes,One year,Yes,Electronic check,83.0,5245.03,No
9095-JQAGM,Female,1,Yes,Yes,17,Yes,Yes,Fiber optic,Yes,No,No,No,No,No,One year,No,Mailed check,84.17,1491.31,Yes
4960-DSZQM,Male,0,Yes,No,57,Yes,Yes,No,No internet service,No internet service,No internet service,No internet service,No internet service,No internet service,Two year,No,Credit card (automatic),32.61,1853.5,No
5271-NNACZ,Female,0,No,Yes,25,Yes,No,Fiber optic,Yes,No,Yes,Yes,No,No,Two year,Yes,Bank transfer (automatic),85.95,2066.24,No
4748-VZDLB,Female,1,No,No,49,Yes,Yes,DSL,Yes,Yes,Yes,No,Yes,No,One year,No,Bank transfer (automatic),83.46,4129.71,Yes
6021-UCKKQ,Male,0,Yes,Yes,72,Yes,No,DSL,No,Yes,Yes,No,Yes,Yes,Month-to-month,Yes,Electronic check,80.94,5808.65,No
8490-WNXBN,Female,0,No,No,10,Yes,Yes,DSL,No,Yes,Yes,Yes,No,Yes,Month-to-month,Yes,Electronic check,85.97,866.35,Yes
9553-PCHVV,Male,0,Yes,Yes,61,Yes,No,DSL,No,Yes,No,No,Yes,Yes,Month-to-month,No,Mailed check,78.17,4980.81,No
5943-CMCRK,Male,1,No,No,42,Yes,No,Fiber optic,No,No,No,No,Yes,No,Month-to-month,Yes,Mailed check,80.54,3401.59,Yes
4335-ZOIQW,Female,0,No,No,71,Yes,No,DSL,Yes,Yes,Yes,No,Yes,Yes,Two year,Yes,Bank transfer (automatic),87.73,6413.7,No
9309-PJIOV,Male,0,No,No,3,Yes,No,DSL,No,Yes,No,Yes,Yes,Yes,Month-to-month,Yes,Electronic check,81.74,245.8,Yes
5578-OYWFK,Female,0,Yes,Yes,54,No,No phone service,DSL,No,Yes,Yes,Yes,Yes,No,Two year,Yes,Credit card (automatic),67.31,3638.26,No
9548-HJQFI,Male,0,Yes,No,1,Yes,Yes,Fiber optic,No,No,No,Yes,No,Yes,Month-to-month,No,Credit card (automatic),91.87,94.55,Yes
6902-GKQWR,Male,0,No,No,10,Yes,No,No,No internet service,No internet service,No internet service,No internet service,No internet service,No internet service,One year,No,Credit card (automatic),28.03,276.24,No
3451-APNGF,Male,0,No,No,15,Yes,Yes,Fiber optic,No,No,No,No,No,No,Month-to-month,Yes,Bank transfer (automatic),76.46,1146.09,No
6343-JBKYJ,Female,1,No,No,25,Yes,No,Fiber optic,No,No,Yes,No,Yes,No,Two year,Yes,Bank transfer (automatic),82.98,2114.98,No
5088-MHPRA,Male,0,Yes,Yes,72,Yes,No,Fiber optic,No,Yes,Yes,No,Yes,Yes,Month-to-month,No,Bank transfer (automatic),101.36,7611.42,No
6609-PYCSM,Male,0,Yes,Yes,2,Yes,No,DSL,Yes,Yes,No,Yes,Yes,No,Month-to-month,Yes,Electronic check,76.07,153.88,Yes
5918-LSTOE,Female,1,Yes,No,5,Yes,No,No,No internet service,No internet service,No internet service,No internet service,No internet service,No internet service,Month-to-month,Yes,Credit card (automatic),28.18,141.85,Yes
7035-SPKHC,Male,0,No,No,7,Yes,Yes,Fiber optic,No,No,No,No,No,Yes,Month-to-month,Yes,Bank transfer (automatic),88.08,598.99,Yes
7636-CLCJQ,Male,0,No,No,24,Yes,Yes,Fiber optic,No,Yes,No,Yes,No,No,Two year,Yes,Electronic check,88.11,2069.4,Yes
1830-TQOKY,Male,0,Yes,No,2,Yes,Yes,DSL,No,No,No,No,Yes,No,Month-to-month,No,Mailed check,68.88,135.12,Yes
9697-YFRPB,Male,0,Yes,No,72,Yes,Yes,DSL,Yes,No,No,Yes,No,Yes,Two year,Yes,Electronic check,83.92,6177.56,No
4155-BGFQY,Male,0,No,No,38,Yes,Yes,Fiber optic,No,No,Yes,No,Yes,Yes,Two year,Yes,Electronic check,101.55,3941.14,No
9149-NKGRU,Male,0,No,No,63,Yes,No,Fiber optic,Yes,Yes,No,Yes,Yes,Yes,Two year,Yes,Bank transfer (automatic),103.8,6375.48,No
6680-POWCT,Male,0,Yes,Yes,59,Yes,No,No,No internet service,No internet service,No internet service,No internet service,No internet service,No internet service,Month-to-month,Yes,Mailed check,21.86,1229.23,No
4008-RAZZM,Female,0,Yes,Yes,49,Yes,No,No,No internet service,No internet service,No internet service,No internet service,No internet service,No internet service,Two year,No,Electronic check,27.25,1280.0,No
4535-EWUGM,Male,0,No,No,70,Yes,No,No,No internet service,No internet service,No internet service,No internet service,No internet service,No internet service,Month-to-month,Yes,Electronic check,23.01,1636.63,No
8322-UKEPG,Female,0,Yes,No,70,Yes,No,Fiber optic,No,No,No,No,Yes,Yes,Two year,No,Electronic check,86.41,6134.07,No
6056-AUPGW,Female,0,No,No,3,Yes,Yes,Fiber optic,No,No,No,No,No,Yes,One year,No,Electronic check,89.94,279.46,No
6092-JZZTE,Male,0,Yes,Yes,70,Yes,No,DSL,Yes,Yes,Yes,No,Yes,No,Month-to-month,No,Credit card (automatic),76.11,5080.7,No
4679-ALDQG,Female,0,No,No,35,Yes,No,Fiber optic,Yes,No,No,Yes,Yes,No,Month-to-month,Yes,Electronic check,92.68,3102.4,No
3621-RNEIM,Male,0,No,No,11,Yes,No,DSL,No,Yes,Yes,No,Yes,No,Month-to-month,Yes,Mailed check,66.11,752.15,No
7768-MRXVJ,Male,0,Yes,Yes,43,No,No phone service,DSL,No,No,No,Yes,No,No,One year,Yes,Electronic check,52.04,2296.34,No
6804-LPFIQ,Male,0,No,No,12,Yes,Yes,Fiber optic,Yes,Yes,No,No,No,Yes,Month-to-month,No,Bank transfer (automatic),97.13,1219.93,Yes
4495-YWVZF,Female,0,No,Yes,30,Yes,Yes,No,No internet service,No internet service,No internet service,No internet service,No internet service,No internet service,Month-to-month,Yes,Electronic check,37.14,1097.28,Yes
1209-XFGAF,Male,0,Yes,Yes,63,Yes,Yes,No,No internet service,No internet service,No internet service,No internet service,No internet service,No internet service,Two year,Yes,Electronic check,32.23,2099.58,No
3753-FEQBR,Male,0,Yes,Yes,1,No,No phone service,Fiber optic,No,No,Yes,Yes,No,No,Month-to-month,No,Mailed check,73.41,72.15,No
6982-ZITQI,Male,0,No,No,6,Yes,Yes,Fiber optic,No,No,Yes,Yes,Yes,No,Month-to-month,Yes,Mailed check,96.42,593.96,Yes
3861-KXNLP,Female,0,No,No,71,Yes,No,Fiber optic,No,Yes,No,No,Yes,No,Month-to-month,Yes,Electronic check,84.0,6060.01,No
1390-OHNAM,Male,1,Yes,Yes,26,Yes,No,Fiber optic,No,No,No,No,Yes,No,One year,Yes,Credit card (automatic),77.96,2048.93,No
3676-EYFCP,Male,0,Yes,Yes,14,Yes,No,Fiber optic,No,Yes,No,Yes,Yes,No,One year,Yes,Electronic check,87.0,1193.35,No
8050-GALDY,Male,0,No,No,70,Yes,No,DSL,No,No,Yes,Yes,No,No,Two year,No,Electronic check,58.32,3968.6,No
2308-KCTJJ,Female,0,Yes,Yes,70,Yes,Yes,DSL,No,No,No,Yes,Yes,Yes,Two year,No,Credit card (automatic),81.06,5739.46,No
1110-QHZBZ,Male,0,No,No,1,Yes,Yes,DSL,Yes,Yes,No,Yes,Yes,No,Month-to-month,Yes,Bank transfer (automatic),88.03,86.34,Yes
8230-DTPXJ,Male,0,No,No,19,Yes,No,No,No internet service,No internet service,No internet service,No internet service,No internet service,No internet service,Month-to-month,Yes,Electronic check,24.59,480.58,Yes
6203-ACHWL,Female,0,No,No,70,Yes,No,Fiber optic,No,Yes,No,Yes,No,No,Two year,Yes,Mailed check,79.55,5790.31,No
3795-RRIEU,Male,0,No,No,6,Yes,Yes,Fiber optic,No,No,Yes,No,No,No,Month-to-month,Yes,Credit card (automatic),86.27,513.85,Yes
5315-BXYEG,Female,0,No,No,40,Yes,Yes,Fiber optic,Yes,No,No,No,Yes,No,Two year,Yes,Bank transfer (automatic),92.34,3731.1,No
9294-GHJSS,Female,0,No,No,15,Yes,No,No,No internet service,No internet service,No internet service,No internet service,No internet service,No internet service,Two year,No,Electronic check,27.83,406.05,No
4768-POPYD,Female,1,Yes,Yes,56,Yes,Yes,No,No internet service,No internet service,No internet service,No internet service,No internet service,No internet service,Two year,Yes,Electronic check,31.76,1801.78,No
9864-ALUBD,Male,0,No,No,4,Yes,Yes,DSL,Yes,No,Yes,No,No,Yes,Month-to-month,No,Bank transfer (automatic),79.3,311.77,Yes
8345-LYEUM,Male,0,No,No,42,Yes,Yes,DSL,No,Yes,No,Yes,No,Yes,Two year,No,Mailed check,81.97,3442.52,No
9119-YTLPJ,Male,0,No,No,0,Yes,No,DSL,No,No,No,Yes,Yes,Yes,Month-to-month,Yes,Credit card (automatic),74.35, ,Yes
2822-PBQZB,Female,1,No,No,10,Yes,No,No,No internet service,No internet service,No internet service,No internet service,No internet service,No internet service,Month-to-month,Yes,Bank transfer (automatic),23.85,245.51,No
9316-WGWBU,Female,0,No,No,5,Yes,Yes,Fiber optic,No,Yes,Yes,No,No,No,Month-to-month,Yes,Credit card (automatic),90.92,455.35,Yes
7254-ZZHVM,Male,0,Yes,No,8,Yes,Yes,Fiber optic,No,No,No,No,No,Yes,Month-to-month,Yes,Electronic check,92.8,727.37,No
3516-DLHWW,Female,0,No,No,67,Yes,Yes,Fiber optic,Yes,No,Yes,No,No,Yes,Two year,Yes,Electronic check,101.47,6899.75,No
7515-QPKSA,Female,0,Yes,Yes,70,Yes,No,No,No internet service,No internet service,No internet service,No internet service,No internet service,No internet service,Month-to-month,Yes,Bank transfer (automatic),22.29,1591.16,No
6348-DCSTY,Male,1,No,No,57,Yes,No,DSL,No,No,Yes,Yes,No,No,One year,Yes,Bank transfer (automatic),60.97,3579.26,No
4157-CHSIS,Male,0,Yes,No,41,Yes,Yes,Fiber optic,No,Yes,No,No,No,Yes,Two year,Yes,Credit card (automatic),98.74,4118.09,No
2025-VGDQF,Male,1,Yes,Yes,9,Yes,Yes,DSL,Yes,No,Yes,No,Yes,Yes,Month-to-month,No,Bank transfer (automatic),90.16,850.97,Yes
7216-NERXY,Male,0,No,No,12,Yes,No,Fiber optic,No,Yes,No,Yes,No,Yes,One year,No,Bank transfer (automatic),88.72,1013.05,Yes
5162-PLDAD,Female,0,No,No,15,No,No phone service,Fiber optic,Yes,No,No,No,Yes,No,Month-to-month,No,Mailed check,80.96,1232.02,Yes
2552-IMYME,Female,0,No,No,59,Yes,Yes,DSL,No,No,Yes,Yes,No,No,Two year,Yes,Bank transfer (automatic),66.51,3763.29,No
3761-IYHZJ,Male,1,Yes,Yes,10,Yes,Yes,No,No internet service,No internet service,No internet service,No internet service,No internet service,No internet service,Month-to-month,Yes,Bank transfer (automatic),37.02,384.29,No
4123-EUCBH,Male,0,No,Yes,72,Yes,No,DSL,No,Yes,Yes,Yes,No,No,One year,No,Mailed check,63.52,4374.76,No
7127-HIDUU,Male,0,No,No,61,Yes,No,DSL,Yes,Yes,Yes,No,No,Yes,Two year,No,Credit card (automatic),71.49,4578.59,No
1355-QQUWE,Female,0,Yes,No,72,No,No phone service,DSL,Yes,Yes,Yes,No,Yes,No,Month-to-month,No,Bank transfer (automatic),71.57,5304.25,No
3306-WIKUX,Female,0,No,No,28,Yes,Yes,No,No internet service,No internet service,No internet service,No internet service,No internet service,No internet service,Two year,Yes,Electronic check,32.23,946.83,No
3171-DIMMO,Female,0,No,No,41,Yes,No,DSL,No,No,No,Yes,Yes,Yes,One year,Yes,Electronic check,72.11,3059.18,Yes
9734-ZEYTB,Female,0,Yes,Yes,12,Yes,Yes,DSL,Yes,No,No,Yes,Yes,Yes,Two year,Yes,Bank transfer (automatic),88.16,1030.24,No
2087-NQYMM,Male,0,No,No,43,Yes,No,Fiber optic,No,No,No,No,No,No,Two year,Yes,Mailed check,68.47,2851.46,No
5802-LYLFJ,Male,0,No,No,72,Yes,No,No,No internet service,No internet service,No internet service,No internet service,No internet service,No internet service,One year,Yes,Mailed check,24.65,1727.68,No
3857-UDYYA,Female,0,No,No,1,Yes,Yes,Fiber optic,No,No,No,No,Yes,Yes,Month-to-month,Yes,Credit card (automatic),102.54,99.84,Yes
7628-MYCEP,Male,0,Yes,Yes,13,Yes,Yes,Fiber optic,Yes,No,Yes,Yes,Yes,No,Month-to-month,No,Mailed check,108.37,1411.25,Yes
3261-HABOT,Female,0,No,No,12,Yes,Yes,Fiber optic,No,No,No,No,Yes,Yes,One year,Yes,Electronic check,96.19,1158.67,Yes
3659-VVVBW,Male,0,No,No,72,No,No phone service,Fiber optic,No,No,Yes,Yes,No,No,One year,No,Mailed check,73.5,5477.29,No
9706-PEUJS,Female,0,Yes,No,3,Yes,Yes,Fiber optic,No,No,Yes,No,No,Yes,Month-to-month,No,Credit card (automatic),95.52,280.54,No
1244-KXAKW,Female,0,Yes,No,63,Yes,Yes,Fiber optic,No,Yes,Yes,No,No,Yes,One year,No,Credit card (automatic),99.19,6087.61,No
8413-ALORW,Female,0,No,No,12,Yes,Yes,Fiber optic,No,No,Yes,No,Yes,Yes,Month-to-month,No,Credit card (automatic),107.79,1269.89,Yes
2725-YCTQN,Female,0,No,Yes,67,Yes,Yes,Fiber optic,No,No,No,Yes,No,No,Two year,Yes,Bank transfer (automatic),81.87,5239.87,No
3642-ZZQSL,Male,0,No,No,31,Yes,Yes,Fiber optic,No,No,Yes,No,No,Yes,Month-to-month,No,Mailed check,97.19,2883.85,Yes
3713-ZNGAZ,Female,0,No,No,10,Yes,No,DSL,Yes,Yes,Yes,No,No,No,Month-to-month,Yes,Mailed check,65.73,644.62,No
3102-ODFYJ,Male,0,No,No,53,Yes,Yes,No,No internet service,No internet service,No internet service,No internet service,No internet service,No internet service,Two year,Yes,Credit card (automatic),34.56,1876.7,No
2416-EERVN,Female,0,No,No,65,Yes,No,No,No internet service,No internet service,No internet service,No internet service,No internet service,No internet service,One year,Yes,Electronic check,25.84,1691.7,No
4723-IRBYQ,Male,0,Yes,Yes,29,Yes,No,Fiber optic,Yes,No,No,No,No,Yes,One year,Yes,Mailed check,88.78,2502.99,No
3925-ARGAA,Female,0,Yes,No,54,Yes,No,DSL,No,No,Yes,Yes,Yes,Yes,Two year,Yes,Credit card (automatic),76.61,4247.65,No
9613-DUAGX,Male,0,No,No,6,Yes,Yes,DSL,No,No,No,No,Yes,Yes,One year,No,Mailed check,78.53,467.14,No
4985-XAOHZ,Male,1,No,No,71,No,No phone service,Fiber optic,Yes,Yes,Yes,No,Yes,No,One year,No,Bank transfer (automatic),90.67,6656.83,No
4901-ZAKPR,Male,0,No,No,3,Yes,No,DSL,No,Yes,Yes,Yes,Yes,No,Month-to-month,Yes,Mailed check,76.17,237.65,No
2069-MYINA,Female,0,No,No,8,Yes,No,Fiber optic,No,Yes,No,No,No,No,Month-to-month,Yes,Electronic check,71.75,591.43,Yes
8543-MDOFA,Male,0,No,No,13,Yes,No,DSL,No,No,No,No,No,Yes,One year,Yes,Mailed check,57.43,782.28,No
9921-XSXOV,Male,0,Yes,Yes,4,Yes,No,No,No internet service,No internet service,No internet service,No internet service,No internet service,No internet service,Month-to-month,Yes,Electronic check,21.7,85.66,Yes
9633-WBDUG,Male,0,No,Yes,22,Yes,Yes,No,No internet service,No internet service,No internet service,No internet service,No internet service,No internet service,Month-to-month,No,Bank transfer (automatic),35.57,743.73,No
6117-COOKV,Male,0,Yes,No,28,Yes,Yes,No,No internet service,No internet service,No internet service,No internet service,No internet service,No internet service,One year,No,Electronic check,38.1,1018.36,No
2875-RRBDA,Male,0,No,No,34,Yes,No,Fiber optic,No,Yes,Yes,No,No,Yes,Month-to-month,Yes,Mailed check,93.55,3314.74,Yes
3315-CGNGG,Female,0,No,No,1,Yes,No,DSL,No,No,No,Yes,Yes,No,Month-to-month,No,Mailed check,63.82,65.01,No
2409-CNYOM,Male,0,No,No,8,Yes,Yes,DSL,No,No,Yes,No,Yes,Yes,Month-to-month,Yes,Mailed check,83.21,643.25,Yes
4321-SIQIN,Female,1,Yes,No,62,Yes,No,Fiber optic,No,No,Yes,Yes,No,No,Two year,Yes,Bank transfer (automatic),76.3,4816.8,No
1560-DTZXX,Male,0,Yes,No,63,No,No phone service,Fiber optic,No,Yes,No,Yes,No,Yes,Month-to-month,No,Bank transfer (automatic),84.31,5536.8,No
5513-LUNPK,Male,0,Yes,Yes,16,No,No phone service,Fiber optic,No,Yes,No,No,No,No,Month-to-month,Yes,Bank transfer (automatic),66.08,1068.68,No
3544-BSPRB,Female,0,No,No,28,Yes,No,Fiber optic,No,No,No,No,No,Yes,Month-to-month,Yes,Credit card (automatic),82.78,2380.57,Yes
6973-HZGYW,Male,0,Yes,Yes,6,Yes,Yes,Fiber optic,No,No,No,No,Yes,No,Month-to-month,No,Electronic check,89.88,560.81,Yes
7380-HGAPF,Male,0,Yes,No,64,Yes,Yes,DSL,Yes,Yes,No,No,No,Yes,Two year,Yes,Electronic check,83.79,5412.99,No
4195-ECODO,Male,1,No,Yes,71,Yes,Yes,No,No internet service,No internet service,No internet service,No internet service,No internet service,No internet service,Two year,Yes,Electronic check,32.96,2437.11,No
6933-TVKFU,Male,0,No,No,13,Yes,Yes,DSL,No,Yes,No,Yes,Yes,Yes,One year,No,Electronic check,89.98,1208.04,Yes
6445-KCPFK,Female,0,Yes,No,60,Yes,Yes,DSL,No,No,Yes,No,Yes,No,Month-to-month,Yes,Electronic check,77.5,4511.36,No
1671-APBRU,Female,0,No,Yes,18,Yes,No,Fiber optic,Yes,No,No,Yes,Yes,No,Month-to-month,No,Mailed check,87.76,1540.37,No
6273-KRNNF,Female,0,No,No,1,Yes,No,DSL,No,Yes,No,No,Yes,Yes,Month-to-month,Yes,Bank transfer (automatic),74.33,77.56,No
3674-QTRFO,Male,0,No,No,42,Yes,No,No,No internet service,No internet service,No internet service,No internet service,No internet service,No internet service,One year,Yes,Electronic check,27.92,1187.23,No
7509-VSILK,Male,0,No,No,23,Yes,Yes,Fiber optic,No,No,No,No,No,Yes,Month-to-month,Yes,Electronic check,91.48,2046.96,No
7069-JULOF,Male,0,Yes,Yes,58,Yes,No,DSL,Yes,No,Yes,No,Yes,Yes,One year,No,Bank transfer (automatic),81.2,4512.84,No
1637-LFTMR,Female,0,Yes,Yes,57,No,No phone service,DSL,No,Yes,Yes,No,No,Yes,One year,No,Electronic check,65.59,3913.99,No
1718-MHVMX,Male,0,Yes,No,71,Yes,Yes,Fiber optic,No,No,No,No,Yes,No,Two year,No,Electronic check,90.21,6337.16,No
6648-EMTAJ,Male,0,Yes,Yes,25,Yes,No,Fiber optic,No,No,No,Yes,Yes,No,Month-to-month,No,Electronic check,84.81,2134.47,Yes
9576-GWZKZ,Female,1,No,Yes,30,Yes,Yes,DSL,No,No,No,No,No,Yes,Two year,Yes,Electronic check,66.86,2081.63,Yes
8979-RFRSV,Male,1,Yes,No,22,Yes,No,DSL,No,No,No,Yes,No,No,One year,No,Bank transfer (automatic),53.94,1140.87,No
6319-BFVJL,Female,0,No,No,13,No,No phone service,DSL,No,No,Yes,No,Yes,Yes,Two year,Yes,Electronic check,69.96,902.92,No
7882-LTMWF,Male,0,No,No,47,Yes,No,No,No internet service,No internet service,No internet service,No internet service,No internet service,No internet service,Two year,Yes,Electronic check,28.75,1303.33,No
3609-JOEXK,Female,0,Yes,No,64,Yes,No,No,No internet service,No internet service,No internet service,No internet service,No internet service,No internet service,Month-to-month,Yes,Credit card (automatic),23.66,1585.53,No
6774-XHUOV,Male,1,Yes,Yes,4,Yes,No,Fiber optic,No,Yes,Yes,No,No,Yes,One year,No,Mailed check,87.71,368.1,Yes
3646-TKGZP,Female,1,Yes,No,72,Yes,Yes,Fiber optic,Yes,No,No,No,Yes,No,Two year,Yes,Mailed check,91.2,6300.06,No
6032-QNGVS,Male,1,Yes,Yes,51,Yes,Yes,Fiber optic,Yes,No,No,Yes,Yes,Yes,Two year,No,Electronic check,109.74,5629.35,No
3072-CDMUB,Male,0,No,No,60,Yes,Yes,DSL,Yes,No,Yes,No,Yes,No,Month-to-month,Yes,Bank transfer (automatic),77.73,4697.77,No
9915-ATQLO,Male,0,No,Yes,72,Yes,Yes,No,No internet service,No internet service,No internet service,No internet service,No internet service,No internet service,Two year,No,Mailed check,36.09,2545.79,No
8871-GOVQR,Female,0,No,No,32,Yes,No,Fiber optic,No,Yes,No,No,No,No,Month-to-month,Yes,Mailed check,75.48,2338.81,No
5480-XZJBQ,Female,0,No,No,2,Yes,Yes,Fiber optic,No,No,No,No,Yes,No,Month-to-month,No,Credit card (automatic),90.5,187.07,Yes
9618-GKBBF,Male,0,Yes,No,61,Yes,No,No,No internet service,No internet service,No internet service,No internet service,No internet service,No internet service,One year,Yes,Electronic check,24.63,1549.56,No
1782-SXTNH,Female,0,No,No,68,Yes,Yes,No,No internet service,No internet service,No internet service,No internet service,No internet service,No internet service,Two year,No,Electronic check,36.59,2541.84,No
1459-ONCTM,Female,0,No,No,5,Yes,No,No,No internet service,No internet service,No internet service,No internet service,No internet service,No internet service,Month-to-month,No,Credit card (automatic),25.93,134.99,Yes
6004-PHHQQ,Male,0,Yes,Yes,1,No,No phone service,Fiber optic,No,Yes,No,Yes,No,Yes,Month-to-month,No,Credit card (automatic),87.2,88.42,Yes
1063-EBOBK,Male,0,No,No,3,Yes,No,Fiber optic,No,No,No,No,No,No,Month-to-month,No,Mailed check,71.84,218.35,No
9044-ZOJPG,Female,1,Yes,Yes,16,Yes,Yes,DSL,No,No,Yes,No,Yes,No,Two year,Yes,Credit card (automatic),71.92,1125.37,No
5310-DJISO,Male,0,No,No,71,Yes,No,DSL,No,Yes,Yes,Yes,No,No,Two year,No,Bank transfer (automatic),68.79,4930.38,No
9484-MTQYO,Male,1,No,No,1,Yes,Yes,Fiber optic,No,No,Yes,No,Yes,No,Month-to-month,Yes,Credit card (automatic),92.77,88.39,Yes
6337-CBZVJ,Male,1,No,Yes,62,Yes,Yes,DSL,No,No,No,Yes,No,Yes,One year,Yes,Mailed check,77.0,4792.63,No
6613-RTAGQ,Male,0,No,No,67,Yes,No,Fiber optic,No,Yes,No,No,No,No,Two year,No,Bank transfer (automatic),77.25,5131.96,No
9722-WHQMG,Female,0,No,No,63,Yes,Yes,DSL,Yes,Yes,No,No,Yes,No,One year,Yes,Credit card (automatic),80.45,4919.36,No
2088-XDYAK,Male,0,No,No,2,Yes,Yes,Fiber optic,Yes,No,Yes,Yes,Yes,No,Month-to-month,Yes,Electronic check,101.88,198.22,Yes
1181-NIXLR,Male,0,No,No,50,Yes,Yes,Fiber optic,No,Yes,No,Yes,No,No,Two year,Yes,Electronic check,87.29,4406.9,No
8345-ENJOA,Male,0,Yes,No,71,Yes,Yes,Fiber optic,No,No,No,No,No,Yes,Two year,Yes,Mailed check,93.56,6794.9,No
2878-HDSWR,Male,1,No,No,3,No,No phone service,Fiber optic,No,No,No,Yes,No,Yes,Month-to-month,Yes,Electronic check,79.76,244.11,Yes
6859-BXSBP,Male,0,No,No,1,Yes,Yes,Fiber optic,No,No,No,Yes,No,Yes,Month-to-month,Yes,Electronic check,93.92,92.77,Yes
5515-QQLTR,Female,0,Yes,No,68,No,No phone service,Fiber optic,Yes,Yes,No,No,Yes,No,Two year,Yes,Bank transfer (automatic),87.43,5769.99,No
9779-WUXDL,Male,1,Yes,No,47,Yes,Yes,Fiber optic,No,Yes,Yes,Yes,No,No,Two year,No,Electronic check,92.75,4531.94,No
3042-SKTWD,Female,0,Yes,No,47,Yes,Yes,DSL,No,No,Yes,No,No,No,Two year,Yes,Bank transfer (automatic),65.31,3214.05,No
3180-IHBPM,Male,0,Yes,No,72,Yes,No,DSL,Yes,No,Yes,Yes,No,No,Two year,Yes,Mailed check,65.19,4786.55,No
8721-NIRTF,Male,0,Yes,No,59,Yes,Yes,Fiber optic,No,Yes,No,No,Yes,Yes,One year,Yes,Credit card (automatic),101.26,6140.5,Yes
7598-PWWMW,Male,0,Yes,Yes,22,Yes,Yes,No,No internet service,No internet service,No internet service,No internet service,No internet service,No internet service,One year,No,Credit card (automatic),35.32,796.42,No
2617-FTFZY,Female,0,Yes,No,25,Yes,Yes,Fiber optic,No,No,Yes,No,Yes,Yes,Month-to-month,No,Credit card (automatic),104.92,2615.9,Yes
6761-CKRCZ,Female,0,Yes,Yes,4,Yes,No,No,No internet service,No internet service,No internet service,No internet service,No internet service,No internet service,Month-to-month,Yes,Electronic check,26.49,105.75,Yes
4453-UAMVR,Male,0,Yes,No,14,Yes,No,DSL,No,No,Yes,Yes,No,Yes,Month-to-month,No,Credit card (automatic),72.44,1051.37,No
8212-OXPUW,Male,0,No,No,26,Yes,No,Fiber optic,Yes,No,No,No,No,Yes,Month-to-month,No,Mailed check,88.04,2243.31,No
1763-DZADD,Female,0,No,No,11,Yes,Yes,Fiber optic,Yes,No,Yes,No,Yes,No,One year,Yes,Bank transfer (automatic),97.26,1091.53,No
6330-PVUTL,Male,0,No,No,70,Yes,Yes,DSL,No,Yes,No,No,Yes,No,Two year,No,Mailed check,72.34,5018.21,No
8778-QGZNQ,Female,0,No,No,1,Yes,Yes,DSL,Yes,No,Yes,No,Yes,No,Month-to-month,Yes,Bank transfer (automatic),83.14,80.53,Yes
6713-HMDSC,Male,0,Yes,Yes,41,Yes,No,Fiber optic,No,No,No,Yes,Yes,No,Month-to-month,No,Mailed check,81.49,3407.17,No
4205-MWJXY,Female,0,No,Yes,59,Yes,Yes,DSL,No,Yes,Yes,Yes,No,No,Two year,Yes,Bank transfer (automatic),76.49,4558.19,No
8084-LHVVI,Female,0,No,No,55,Yes,Yes,Fiber optic,No,Yes,Yes,Yes,Yes,Yes,Two year,Yes,Mailed check,115.78,6530.0,No
8224-NJIWO,Male,0,Yes,Yes,47,Yes,No,Fiber optic,Yes,Yes,Yes,Yes,Yes,No,Two year,No,Credit card (automatic),101.33,4955.61,No
6413-JCSQG,Female,0,Yes,Yes,23,Yes,Yes,Fiber optic,No,Yes,Yes,No,Yes,No,One year,No,Credit card (automatic),103.82,2390.09,Yes
1674-WRTZI,Male,1,No,No,70,Yes,Yes,Fiber optic,Yes,No,No,No,No,No,Two year,Yes,Mailed check,83.61,6079.56,No
3172-EJECW,Male,0,Yes,Yes,16,Yes,No,Fiber optic,No,Yes,No,No,Yes,No,One year,No,Mailed check,86.55,1426.45,No
2338-ZSKPE,Male,0,No,No,57,Yes,Yes,No,No internet service,No internet service,No internet service,No internet service,No internet service,No internet service,One year,Yes,Electronic check,38.11,2213.15,No
7935-RMEZX,Male,0,No,No,71,Yes,Yes,Fiber optic,No,No,Yes,Yes,No,No,Month-to-month,Yes,Electronic check,92.73,6816.15,No
9915-PTFIM,Male,1,Yes,No,3,Yes,No,DSL,No,Yes,Yes,No,No,No,One year,Yes,Bank transfer (automatic),60.53,188.92,No
1211-KRRGJ,Female,0,Yes,Yes,71,Yes,Yes,DSL,Yes,No,No,Yes,Yes,Yes,Two year,Yes,Bank transfer (automatic),92.37,6444.36,No
7436-RLKIG,Female,0,No,No,59,Yes,Yes,Fiber optic,Yes,No,No,Yes,No,Yes,One year,Yes,Bank transfer (automatic),99.83,5984.12,No
5389-HRPUL,Male,0,Yes,Yes,44,Yes,Yes,DSL,Yes,No,No,No,No,No,Two year,No,Mailed check,62.6,2663.49,No
6404-ECTCC,Female,0,No,No,20,Yes,Yes,DSL,No,No,Yes,Yes,Yes,Yes,One year,Yes,Mailed check,87.13,1770.62,No
8185-PWGDY,Male,0,Yes,No,70,Yes,No,DSL,No,Yes,No,No,No,Yes,One year,Yes,Electronic check,63.38,4546.09,No
3280-UXDUG,Female,1,No,Yes,1,Yes,No,Fiber optic,No,No,No,No,No,Yes,Month-to-month,No,Credit card (automatic),76.5,76.17,Yes
7073-QILVS,Male,0,Yes,Yes,25,Yes,No,No,No internet service,No internet service,No internet service,No internet service,No internet service,No internet service,One year,No,Credit card (automatic),23.19,564.37,No
2289-TODZO,Female,0,No,No,58,Yes,No,Fiber optic,No,No,Yes,Yes,Yes,No,One year,No,Electronic check,88.31,5035.55,No
5254-XWTPN,Female,0,Yes,Yes,63,Yes,Yes,DSL,No,Yes,Yes,No,No,Yes,One year,No,Mailed check,80.8,4945.38,No
3910-OTBIN,Female,0,Yes,Yes,7,Yes,No,No,No internet service,No internet service,No internet service,No internet service,No internet service,No internet service,One year,No,Electronic check,27.77,188.67,Yes
8398-KTKQC,Male,0,No,No,2,Yes,No,Fiber optic,No,Yes,No,No,Yes,Yes,Month-to-month,No,Bank transfer (automatic),95.97,185.52,Yes
1151-RDXKQ,Male,0,Yes,No,62,Yes,Yes,Fiber optic,No,No,Yes,No,Yes,Yes,One year,No,Bank transfer (automatic),107.94,6960.76,No
1822-PRGJG,Male,0,Yes,Yes,24,Yes,No,No,No internet service,No internet service,No internet service,No internet service,No internet service,No internet service,Month-to-month,Yes,Electronic check,23.99,597.34,No
2603-KECMJ,Male,1,Yes,No,4,Yes,No,No,No internet service,No internet service,No internet service,No internet service,No internet service,No internet service,One year,No,Electronic check,21.24,88.52,Yes
8049-HBROX,Male,0,No,No,2,Yes,No,No,No internet service,No internet service,No internet service,No internet service,No internet service,No internet service,Month-to-month,No,Electronic check,21.42,41.87,No
2885-DZBHJ,Female,0,No,No,47,Yes,No,DSL,Yes,Yes,No,Yes,No,Yes,Two year,Yes,Bank transfer (automatic),78.55,3618.45,No
8819-QVVSI,Female,0,No,No,41,Yes,Yes,Fiber optic,No,No,Yes,No,No,Yes,Two year,Yes,Electronic check,92.55,3757.36,No
3380-OSQMB,Male,0,Yes,No,67,Yes,No,No,No internet service,No internet service,No internet service,No internet service,No internet service,No internet service,Two year,No,Credit card (automatic),23.29,1563.33,No
7614-OBBWV,Male,0,Yes,Yes,1,Yes,No,DSL,No,Yes,Yes,Yes,No,No,Month-to-month,Yes,Electronic check,61.59,58.77,Yes
1038-QLIOR,Female,0,Yes,No,68,Yes,Yes,DSL,No,Yes,Yes,Yes,Yes,Yes,Two year,Yes,Electronic check,98.74,6696.34,No
5458-HMKQO,Female,0,No,No,70,Yes,No,DSL,No,No,Yes,Yes,Yes,No,One year,No,Electronic check,73.48,4927.37,No
2438-IDUGV,Male,0,No,No,26,Yes,Yes,No,No internet service,No internet service,No internet service,No internet service,No internet service,No internet service,Month-to-month,No,Credit card (automatic),35.12,944.13,Yes
2633-NZTJS,Male,0,No,No,2,Yes,No,Fiber optic,No,Yes,No,Yes,No,No,Month-to-month,Yes,Credit card (automatic),79.45,165.93,Yes
7443-KFSRE,Female,0,No,No,71,Yes,Yes,DSL,No,No,Yes,No,No,No,Two year,Yes,Bank transfer (automatic),62.18,4253.21,No
9312-AFFUP,Female,0,No,No,2,No,No phone service,Fiber optic,No,Yes,Yes,Yes,No,No,Month-to-month,Yes,Credit card (automatic),82.64,173.41,Yes
9796-NMOVU,Male,0,Yes,No,42,Yes,No,Fiber optic,No,Yes,No,No,Yes,No,One year,No,Electronic check,84.74,3543.74,No
7009-MUWEX,Female,1,Yes,No,31,No,No phone service,No,No internet service,No internet service,No internet service,No internet service,No internet service,No internet service,Two year,No,Credit card (automatic),23.2,721.81,No
5611-PXPWB,Female,0,Yes,Yes,65,Yes,Yes,Fiber optic,No,No,No,No,No,No,One year,Yes,Bank transfer (automatic),80.04,5223.75,No
4526-VJWOB,Male,0,Yes,No,32,Yes,No,No,No internet service,No internet service,No internet service,No internet service,No internet service,No internet service,Two year,No,Electronic check,21.28,704.47,No
2195-VNZZM,Female,1,No,No,29,Yes,No,DSL,No,No,Yes,No,Yes,No,Month-to-month,No,Credit card (automatic),61.86,1724.94,No
8281-NYOFX,Male,0,No,No,69,Yes,No,Fiber optic,No,Yes,Yes,No,Yes,Yes,One year,Yes,Bank transfer (automatic),103.2,7267.58,No
1479-EPNNN,Female,0,No,No,72,Yes,No,Fiber optic,No,No,No,Yes,Yes,Yes,One year,Yes,Electronic check,95.59,6997.09,No
1232-GOHSK,Female,0,Yes,Yes,37,Yes,No,Fiber optic,No,Yes,Yes,No,Yes,No,Two year,No,Mailed check,92.99,3601.9,No
9428-ZYNZV,Male,1,No,No,27,Yes,Yes,DSL,Yes,No,No,Yes,Yes,Yes,Month-to-month,No,Electronic check,86.38,2379.02,No
4501-CDHRD,Female,0,Yes,No,64,Yes,Yes,No,No internet service,No internet service,No internet service,No internet service,No internet service,No internet service,Two year,No,Electronic check,38.31,2570.58,No
8179-WLMYM,Female,0,Yes,Yes,64,Yes,Yes,No,No internet service,No internet service,No internet service,No internet service,No internet service,No internet service,One year,Yes,Electronic check,34.94,2239.11,No
4276-WQPBT,Female,0,No,No,15,Yes,Yes,DSL,Yes,No,No,Yes,Yes,Yes,One year,Yes,Electronic check,88.64,1276.64,No
6673-UJGZO,Male,0,Yes,No,40,Yes,Yes,Fiber optic,No,Yes,No,Yes,Yes,No,One year,No,Credit card (automatic),96.36,4043.35,No
3394-WIAHW,Male,0,Yes,No,4,Yes,Yes,DSL,No,No,Yes,Yes,Yes,Yes,Month-to-month,No,Mailed check,92.61,371.86,No
1959-LUXZC,Female,0,No,No,46,Yes,Yes,No,No internet service,No internet service,No internet service,No internet service,No internet service,No internet service,Month-to-month,Yes,Credit card (automatic),35.12,1641.52,No
1259-IXQXP,Female,0,No,No,65,Yes,No,DSL,Yes,Yes,No,Yes,No,No,Two year,Yes,Bank transfer (automatic),64.69,4155.76,No
7720-VUDZP,Female,1,Yes,No,6,Yes,Yes,Fiber optic,No,Yes,Yes,Yes,Yes,No,One year,Yes,Bank transfer (automatic),106.24,617.02,Yes
3048-MSNZR,Male,0,No,No,16,Yes,No,Fiber optic,No,No,Yes,Yes,Yes,No,Month-to-month,Yes,Electronic check,88.13,1475.58,Yes
7719-FYJID,Male,0,No,No,27,No,No phone service,No,No internet service,No internet service,No internet service,No internet service,No internet service,No internet service,Month-to-month,Yes,Electronic check,23.59,646.09,No
5989-WYVPX,Male,0,Yes,Yes,66,Yes,Yes,No,No internet service,No internet service,No internet service,No internet service,No internet service,No internet service,Two year,Yes,Mailed check,32.56,2125.11,No
4022-EDZUT,Female,0,Yes,Yes,55,Yes,Yes,Fiber optic,No,No,Yes,Yes,Yes,No,One year,No,Bank transfer (automatic),103.8,5778.98,No
3228-SBMVT,Female,0,No,No,15,Yes,No,No,No internet service,No internet service,No internet service,No internet service,No internet service,No internet service,One year,No,Mailed check,26.3,391.06,Yes
3625-ZHXFY,Male,1,Yes,Yes,10,Yes,Yes,DSL,No,No,Yes,No,Yes,No,Month-to-month,No,Credit card (automatic),78.14,817.09,Yes
8693-IOUCB,Male,0,Yes,No,52,Yes,No,No,No internet service,No internet service,No internet service,No internet service,No internet service,No internet service,Two year,No,Bank transfer (automatic),27.23,1387.11,No
3948-VDWBG,Male,0,No,No,30,Yes,Yes,Fiber optic,No,Yes,No,No,No,No,Two year,No,Electronic check,83.29,2589.19,No
6539-UOHZD,Female,1,No,No,42,No,No phone service,Fiber optic,No,No,No,No,Yes,Yes,Two year,No,Mailed check,87.39,3629.71,No
2176-UQWYK,Female,0,Yes,Yes,48,No,No phone service,DSL,No,Yes,Yes,No,No,No,One year,Yes,Electronic check,51.65,2399.92,No
6690-ATKZS,Female,1,Yes,No,38,Yes,Yes,Fiber optic,No,Yes,No,Yes,Yes,No,Month-to-month,Yes,Mailed check,96.81,3815.69,Yes
1288-ALTUO,Male,1,No,No,44,Yes,No,No,No internet service,No internet service,No internet service,No internet service,No internet service,No internet service,Month-to-month,No,Mailed check,25.39,1145.81,No
5656-IZWMK,Male,0,Yes,No,70,Yes,No,Fiber optic,No,Yes,Yes,No,No,Yes,Two year,No,Credit card (automatic),93.9,6398.79,No
9864-GSBNR,Male,0,No,No,68,Yes,No,No,No internet service,No internet service,No internet service,No internet service,No internet service,No internet service,Two year,Yes,Mailed check,26.33,1701.64,No
3547-CPLER,Female,1,No,Yes,4,Yes,Yes,Fiber optic,Yes,No,No,Yes,Yes,No,Month-to-month,No,Bank transfer (automatic),97.15,393.92,Yes
8084-HPXCM,Male,0,Yes,No,41,No,No phone service,DSL,Yes,Yes,Yes,No,No,No,Month-to-month,No,Mailed check,63.15,2476.17,Yes
2853-ZXXHP,Female,0,No,No,26,Yes,Yes,Fiber optic,Yes,Yes,No,No,Yes,Yes,Month-to-month,Yes,Bank transfer (automatic),111.44,2780.15,Yes
2104-AEYFZ,Female,0,No,No,13,Yes,No,DSL,No,No,Yes,No,Yes,Yes,One year,Yes,Electronic check,78.21,996.91,No
4437-TNNNL,Male,0,Yes,Yes,46,No,No phone service,Fiber optic,No,Yes,Yes,No,No,Yes,Two year,Yes,Electronic check,86.89,4155.84,No
9710-BAWYR,Male,0,Yes,Yes,33,Yes,Yes,No,No internet service,No internet service,No internet service,No internet service,No internet service,No internet service,Month-to-month,Yes,Credit card (automatic),31.5,1046.87,No
1153-NQRUC,Female,1,Yes,No,59,Yes,Yes,DSL,No,No,No,Yes,Yes,No,One year,No,Mailed check,74.36,4385.38,No
9796-EJJUI,Male,1,Yes,Yes,2,Yes,No,DSL,No,No,No,Yes,Yes,No,One year,No,Electronic check,62.96,119.78,Yes
8425-YHLVI,Male,1,Yes,No,14,Yes,No,Fiber optic,No,No,No,No,Yes,Yes,Month-to-month,No,Electronic check,88.81,1226.46,Yes
4696-DJQDS,Female,0,Yes,Yes,1,Yes,No,Fiber optic,No,Yes,Yes,No,No,No,Month-to-month,Yes,Bank transfer (automatic),78.56,81.67,Yes
5720-VTAET,Female,0,Yes,No,57,Yes,Yes,Fiber optic,No,Yes,No,Yes,Yes,Yes,Two year,Yes,Mailed check,113.59,6443.23,No
1595-KWRGR,Female,0,Yes,Yes,70,Yes,Yes,No,No internet service,No internet service,No internet service,No internet service,No internet service,No internet service,Two year,Yes,Electronic check,32.21,2272.98,No
1797-RGKEH,Male,0,Yes,Yes,41,Yes,Yes,DSL,No,No,No,No,Yes,Yes,Two year,No,Credit card (automatic),79.01,3096.97,No
5721-AXALO,Female,0,Yes,No,44,Yes,Yes,DSL,No,No,No,No,No,No,Two year,Yes,Credit card (automatic),63.39,2810.27,No
9923-IDOCW,Male,0,Yes,No,1,Yes,No,Fiber optic,Yes,No,Yes,Yes,No,Yes,Month-to-month,Yes,Electronic check,92.0,87.42,Yes
5875-HVTFC,Male,1,Yes,Yes,32,Yes,No,DSL,No,Yes,Yes,No,No,Yes,One year,Yes,Electronic check,67.53,2099.86,No
8674-UYOOD,Male,0,No,No,35,Yes,Yes,Fiber optic,No,No,No,No,Yes,No,Month-to-month,Yes,Mailed check,92.13,3236.78,Yes
9469-HEOAA,Male,0,Yes,No,1,Yes,No,Fiber optic,Yes,No,No,Yes,Yes,Yes,Two year,No,Mailed check,99.7,97.9,No
6916-JLNRX,Female,0,No,No,60,Yes,No,DSL,No,Yes,No,Yes,Yes,No,Month-to-month,Yes,Electronic check,66.1,4061.87,No
4094-XFUXQ,Female,0,Yes,No,12,Yes,Yes,Fiber optic,No,Yes,Yes,No,Yes,Yes,Two year,No,Credit card (automatic),109.92,1295.1,No
2263-WFGXI,Female,0,No,No,55,Yes,No,No,No internet service,No internet service,No internet service,No internet service,No internet service,No internet service,One year,Yes,Electronic check,24.43,1316.39,No
5002-YWBIN,Female,0,Yes,No,22,Yes,Yes,DSL,No,Yes,Yes,No,No,No,Month-to-month,Yes,Mailed check,71.94,1504.45,No
9355-QGJEJ,Male,0,No,No,72,Yes,No,DSL,Yes,No,No,No,Yes,No,Month-to-month,No,Bank transfer (automatic),63.33,4634.54,No
9712-YSCEU,Male,1,Yes,No,8,Yes,Yes,Fiber optic,No,Yes,No,No,No,Yes,Month-to-month,No,Credit card (automatic),91.44,738.71,No
7279-JZPHA,Female,0,No,No,2,Yes,No,DSL,No,Yes,No,No,Yes,Yes,Month-to-month,Yes,Electronic check,73.11,144.09,Yes
3493-LPDEH,Female,0,Yes,No,72,Yes,Yes,Fiber optic,No,Yes,Yes,No,No,No,Two year,Yes,Electronic check,93.86,7033.61,No
8938-NWKXV,Male,0,Yes,No,10,Yes,Yes,Fiber optic,No,Yes,No,No,Yes,No,Month-to-month,Yes,Bank transfer (automatic),93.8,959.22,Yes
9084-DHGOF,Male,0,Yes,No,46,Yes,No,DSL,Yes,Yes,No,No,Yes,No,Two year,Yes,Electronic check,71.57,3139.35,No
4598-UYQXR,Male,0,No,No,20,Yes,No,No,No internet service,No internet service,No internet service,No internet service,No internet service,No internet service,Two year,No,Bank transfer (automatic),23.07,464.41,No
6202-PGUGP,Male,0,No,No,47,Yes,No,No,No internet service,No internet service,No internet service,No internet service,No internet service,No internet service,One year,Yes,Electronic check,22.19,1008.24,No
2742-JIAPF,Male,0,Yes,No,42,Yes,Yes,No,No internet service,No internet service,No internet service,No internet service,No internet service,No internet service,One year,Yes,Bank transfer (automatic),36.88,1505.61,No
9033-XHTQM,Male,0,No,No,53,No,No phone service,Fiber optic,No,Yes,No,No,Yes,No,One year,Yes,Bank transfer (automatic),82.66,4564.28,No
9935-GQUKZ,Male,0,No,No,1,Yes,Yes,Fiber optic,Yes,No,Yes,Yes,Yes,Yes,Month-to-month,Yes,Bank transfer (automatic),118.76,123.32,No
7604-GOLZA,Male,0,No,No,65,Yes,Yes,Fiber optic,Yes,Yes,Yes,Yes,Yes,Yes,One year,No,Bank transfer (automatic),118.83,7884.52,No
4983-VPCQI,Male,0,No,No,30,Yes,Yes,No,No internet service,No internet service,No internet service,No internet service,No internet service,No internet service,Month-to-month,No,Bank transfer (automatic),34.71,992.03,No
7451-ICCJG,Female,0,Yes,No,34,Yes,No,Fiber optic,No,Yes,Yes,Yes,No,Yes,Month-to-month,Yes,Credit card (automatic),95.9,3266.71,No
4138-HHWZT,Female,0,Yes,Yes,23,Yes,No,DSL,No,Yes,Yes,Yes,No,Yes,Two year,Yes,Credit card (automatic),77.49,1698.49,No
4966-ZUOAQ,Female,0,No,No,72,Yes,No,Fiber optic,No,No,No,Yes,Yes,No,Two year,No,Electronic check,88.23,6140.89,No
8381-OTCLO,Female,0,Yes,Yes,62,Yes,No,DSL,No,Yes,Yes,No,Yes,No,Month-to-month,No,Mailed check,72.45,4643.19,Yes
9714-QOPXB,Female,0,No,No,15,Yes,Yes,DSL,No,Yes,Yes,No,No,No,One year,No,Credit card (automatic),66.68,1040.42,No
1824-YBWZT,Male,1,No,No,60,Yes,Yes,DSL,Yes,No,No,No,Yes,Yes,One year,No,Mailed check,83.48,5181.11,No
9572-WHUAI,Male,0,No,No,25,No,No phone service,Fiber optic,Yes,No,Yes,Yes,Yes,No,Month-to-month,Yes,Electronic check,90.36,2211.12,Yes
1949-EJIAM,Female,0,Yes,Yes,68,Yes,Yes,No,No internet service,No internet service,No internet service,No internet service,No internet service,No internet service,One year,Yes,Credit card (automatic),33.8,2257.31,No
6962-CTWZD,Female,0,Yes,No,1,Yes,No,Fiber optic,Yes,No,Yes,No,Yes,No,Month-to-month,Yes,Mailed check,93.26,96.59,Yes
2670-LZSZO,Male,0,Yes,No,18,Yes,Yes,No,No internet service,No internet service,No internet service,No internet service,No internet service,No internet service,Month-to-month,Yes,Electronic check,35.25,632.07,No
3301-AWIQN,Female,0,No,No,25,Yes,No,Fiber optic,No,No,No,No,No,No,One year,Yes,Mailed check,67.2,1627.99,Yes
4239-LVXSZ,Male,1,Yes,No,56,Yes,Yes,DSL,Yes,Yes,Yes,No,Yes,No,Month-to-month,No,Mailed check,86.29,4945.76,Yes
7796-PHLQP,Male,0,Yes,No,6,No,No phone service,Fiber optic,No,Yes,Yes,Yes,Yes,No,Month-to-month,No,Electronic check,89.26,548.55,Yes
1319-QHQIF,Male,1,Yes,Yes,13,Yes,Yes,Fiber optic,No,No,No,No,No,Yes,Month-to-month,No,Mailed check,92.61,1195.82,Yes
6870-ANJRK,Male,0,Yes,No,55,Yes,No,Fiber optic,No,No,Yes,No,No,Yes,One year,No,Electronic check,87.85,4819.95,No
3410-EPOJN,Male,0,Yes,Yes,2,Yes,Yes,Fiber optic,No,Yes,Yes,Yes,No,Yes,Month-to-month,Yes,Bank transfer (automatic),107.34,213.33,Yes
4346-WYIPZ,Female,1,Yes,Yes,7,Yes,No,No,No internet service,No internet service,No internet service,No internet service,No internet service,No internet service,Month-to-month,Yes,Mailed check,21.33,142.17,Yes
1870-ATNQM,Male,0,Yes,No,57,Yes,Yes,DSL,No,No,No,Yes,No,No,One year,Yes,Electronic check,62.34,3535.69,No
4499-DKEBQ,Male,0,No,No,69,Yes,Yes,Fiber optic,No,Yes,No,Yes,Yes,No,Month-to-month,No,Credit card (automatic),102.03,7037.43,No
6427-ECJKQ,Male,1,No,No,55,Yes,No,DSL,No,No,Yes,No,No,No,Two year,Yes,Credit card (automatic),54.88,3012.54,No
7958-EVPLS,Female,1,No,No,35,Yes,No,DSL,No,Yes,Yes,No,Yes,Yes,Month-to-month,No,Credit card (automatic),82.09,2841.12,Yes
2730-DZNNZ,Female,1,Yes,No,3,Yes,No,DSL,Yes,Yes,No,No,No,No,Month-to-month,No,Electronic check,59.47,178.05,Yes
6326-ICQYQ,Male,1,No,Yes,64,Yes,No,No,No internet service,No internet service,No internet service,No internet service,No internet service,No internet service,One year,No,Electronic check,23.24,1461.01,No
9698-NHPVE,Male,0,No,No,3,Yes,No,DSL,No,Yes,Yes,Yes,No,Yes,Month-to-month,Yes,Mailed check,72.23,220.43,Yes
3832-TXEBF,Male,0,No,No,21,Yes,Yes,Fiber optic,No,No,Yes,No,Yes,No,Month-to-month,Yes,Bank transfer (automatic),95.86,1975.4,Yes
4207-WDCOF,Female,0,Yes,No,2,Yes,No,Fiber optic,Yes,No,Yes,No,Yes,No,Month-to-month,No,Credit card (automatic),90.41,188.2,Yes
3075-GHGRX,Male,1,No,No,53,Yes,No,DSL,No,Yes,No,Yes,No,No,One year,Yes,Mailed check,58.09,3013.22,No
1831-RYCDN,Male,0,Yes,Yes,32,Yes,No,DSL,Yes,Yes,No,Yes,No,No,One year,No,Mailed check,63.09,1919.8,No
3959-CXWBC,Male,0,Yes,No,70,Yes,No,Fiber optic,Yes,Yes,No,Yes,No,No,One year,Yes,Electronic check,86.14,6104.8,No
6300-GFFVH,Male,0,Yes,Yes,3,Yes,No,Fiber optic,No,Yes,No,No,No,No,Month-to-month,Yes,Credit card (automatic),71.79,204.63,Yes
6622-VEDDF,Female,0,No,No,63,Yes,No,Fiber optic,No,No,Yes,No,Yes,No,Two year,No,Mailed check,88.56,5746.3,No
8937-AJBLW,Male,0,No,No,33,Yes,No,Fiber optic,Yes,Yes,No,No,No,No,One year,No,Credit card (automatic),80.85,2613.13,No
2229-LJTUR,Male,0,Yes,No,19,Yes,No,Fiber optic,Yes,Yes,No,No,No,No,Two year,Yes,Mailed check,80.44,1580.18,No
2141-DAXGB,Female,0,No,No,47,Yes,No,No,No internet service,No internet service,No internet service,No internet service,No internet service,No internet service,Two year,No,Electronic check,21.86,1049.92,No
2472-JYSCD,Female,0,Yes,No,61,Yes,Yes,Fiber optic,Yes,No,Yes,No,No,Yes,Two year,Yes,Electronic check,96.62,5655.09,No
2961-NRFEB,Male,0,Yes,Yes,26,Yes,No,Fiber optic,No,No,No,Yes,Yes,No,Month-to-month,Yes,Mailed check,83.32,2089.69,Yes
1131-LHOUW,Female,0,Yes,No,9,Yes,No,Fiber optic,No,No,No,No,Yes,Yes,Month-to-month,No,Credit card (automatic),92.85,841.23,No
9713-PBQVT,Female,0,No,No,70,Yes,Yes,Fiber optic,No,Yes,No,Yes,Yes,No,One year,Yes,Electronic check,102.35,7411.5,No
7439-JBLWF,Male,0,Yes,Yes,15,Yes,No,Fiber optic,Yes,No,No,No,No,Yes,Month-to-month,No,Electronic check,85.52,1286.37,Yes
9484-YJOND,Male,0,Yes,Yes,72,Yes,No,Fiber optic,Yes,No,No,Yes,No,Yes,Two year,Yes,Electronic check,91.83,6445.66,No
5144-IQEZY,Male,0,No,No,59,No,No phone service,DSL,Yes,Yes,No,Yes,Yes,Yes,One year,Yes,Electronic check,83.94,4976.12,No
9221-OFWUP,Male,0,No,Yes,51,Yes,Yes,Fiber optic,No,Yes,Yes,No,No,Yes,One year,Yes,Mailed check,97.5,4907.92,No
9418-USMGJ,Male,0,Yes,Yes,1,Yes,No,Fiber optic,No,No,No,No,Yes,Yes,Month-to-month,No,Credit card (automatic),91.96,95.68,Yes
5888-IUTSS,Female,1,No,No,27,Yes,No,DSL,Yes,No,No,Yes,Yes,No,Two year,Yes,Electronic check,71.07,1855.46,No
3610-USJCN,Female,0,Yes,No,32,Yes,No,Fiber optic,Yes,No,No,No,No,Yes,Month-to-month,Yes,Mailed check,88.77,2794.28,No
8361-HOGFA,Male,1,No,No,20,Yes,No,No,No internet service,No internet service,No internet service,No internet service,No internet service,No internet service,Month-to-month,Yes,Bank transfer (automatic),21.19,404.82,No
5507-PPRHJ,Male,0,Yes,Yes,4,Yes,No,Fiber optic,No,Yes,Yes,Yes,No,No,Month-to-month,Yes,Mailed check,82.26,329.07,Yes
3350-TUQWX,Male,0,Yes,Yes,19,Yes,Yes,DSL,No,No,No,No,No,No,One year,No,Electronic check,57.02,1043.04,Yes
4111-EFJOD,Female,0,Yes,No,2,Yes,No,DSL,No,No,No,No,No,Yes,Month-to-month,Yes,Electronic check,57.37,110.35,Yes
6164-WMIQR,Female,0,Yes,Yes,13,Yes,Yes,No,No internet service,No internet service,No internet service,No internet service,No internet service,No internet service,One year,No,Bank transfer (automatic),36.72,469.62,No
9627-TDKMI,Male,0,No,No,2,Yes,Yes,DSL,No,No,No,No,Yes,No,Month-to-month,No,Electronic check,67.5,141.58,Yes
5620-MJRQT,Female,0,No,No,57,Yes,No,DSL,Yes,No,No,No,No,Yes,Two year,Yes,Electronic check,66.05,3729.99,No
9776-NHNLJ,Male,0,No,No,50,Yes,No,Fiber optic,Yes,No,No,No,Yes,No,Two year,Yes,Credit card (automatic),85.19,4249.72,No
5402-JLVDR,Female,0,No,Yes,71,No,No phone service,Fiber optic,No,No,Yes,No,Yes,Yes,Two year,Yes,Electronic check,89.45,6097.49,No
6668-FPLLC,Male,0,No,No,20,Yes,Yes,No,No internet service,No internet service,No internet service,No internet service,No internet service,No internet service,One year,No,Electronic check,34.6,723.71,No
1299-ARSVT,Male,0,Yes,Yes,60,Yes,No,Fiber optic,No,No,Yes,No,Yes,No,Two year,Yes,Bank transfer (automatic),84.35,5164.43,No
6300-JGBJX,Male,0,No,No,41,Yes,No,No,No internet service,No internet service,No internet service,No internet service,No internet service,No internet service,Two year,No,Electronic check,28.89,1129.54,No
1258-LSOVP,Female,0,Yes,No,47,Yes,No,No,No internet service,No internet service,No internet service,No internet service,No internet service,No internet service,Two year,Yes,Credit card (automatic),28.91,1393.36,No
3550-ZVFNG,Female,1,No,No,37,Yes,No,DSL,No,No,No,Yes,No,Yes,One year,Yes,Credit card (automatic),63.53,2434.53,No
3781-DOHON,Female,0,No,No,60,Yes,No,Fiber optic,No,Yes,Yes,No,Yes,Yes,Two year,Yes,Mailed check,97.79,5676.11,No
7785-GNPOG,Male,0,Yes,Yes,1,Yes,Yes,No,No internet service,No internet service,No internet service,No internet service,No internet service,No internet service,Month-to-month,No,Credit card (automatic),32.58,34.09,No
1780-VJLAR,Male,0,Yes,Yes,2,Yes,No,Fiber optic,No,No,No,No,Yes,Yes,Month-to-month,Yes,Electronic check,90.09,185.28,Yes
7147-EMWPV,Male,0,Yes,Yes,3,Yes,Yes,DSL,No,Yes,No,Yes,No,No,Month-to-month,Yes,Electronic check,72.4,225.17,Yes
8494-TVZNK,Female,0,Yes,No,13,No,No phone service,Fiber optic,No,Yes,No,Yes,Yes,No,Two year,Yes,Electronic check,84.96,1106.95,No
1315-ZAAOH,Female,0,No,No,42,Yes,Yes,Fiber optic,No,No,Yes,No,Yes,No,Month-to-month,Yes,Electronic check,98.89,4237.21,Yes
5846-UZFSR,Female,0,No,No,47,No,No phone service,Fiber optic,Yes,Yes,Yes,No,No,Yes,One year,No,Bank transfer (automatic),93.52,4454.88,No
8500-PMBSS,Female,1,Yes,No,54,No,No phone service,No,No internet service,No internet service,No internet service,No internet service,No internet service,No internet service,Two year,No,Credit card (automatic),22.24,1252.61,No
8457-WMGWQ,Female,0,Yes,No,12,Yes,Yes,No,No internet service,No internet service,No internet service,No internet service,No internet service,No internet service,Month-to-month,No,Electronic check,37.65,459.03,Yes
2440-WWFVC,Female,0,Yes,No,48,No,No phone service,Fiber optic,No,Yes,Yes,Yes,No,Yes,Two year,No,Credit card (automatic),92.25,4270.67,No
4944-MPUJJ,Male,1,No,No,3,Yes,No,Fiber optic,Yes,No,No,No,Yes,Yes,Month-to-month,No,Bank transfer (automatic),97.74,279.03,Yes
8906-OBXSI,Female,0,No,No,1,Yes,No,DSL,No,No,Yes,Yes,No,No,Month-to-month,No,Mailed check,58.02,56.77,No
3204-GRBBZ,Female,1,No,Yes,52,Yes,Yes,Fiber optic,No,No,No,No,No,No,Month-to-month,No,Bank transfer (automatic),79.65,4011.93,No
9125-XWOKY,Male,0,No,No,54,Yes,Yes,Fiber optic,No,No,Yes,No,No,Yes,One year,No,Mailed check,92.61,4885.48,No
8128-WKLMD,Female,0,No,No,45,Yes,No,No,No internet service,No internet service,No internet service,No internet service,No internet service,No internet service,Two year,Yes,Electronic check,25.71,1132.87,No
1176-RSAYI,Male,0,Yes,Yes,11,Yes,Yes,No,No internet service,No internet service,No internet service,No internet service,No internet service,No internet service,Month-to-month,Yes,Electronic check,33.54,377.22,No
5757-CAASD,Male,0,No,No,71,Yes,No,Fiber optic,No,No,No,No,No,No,One year,No,Bank transfer (automatic),71.87,5306.32,No
7170-ONUAK,Female,1,No,Yes,69,Yes,Yes,No,No internet service,No internet service,No internet service,No internet service,No internet service,No internet service,Month-to-month,No,Electronic check,36.9,2541.1,No
3712-QAOWB,Male,0,Yes,Yes,34,Yes,No,Fiber optic,No,Yes,No,No,No,Yes,Two year,Yes,Credit card (automatic),88.45,3106.01,No
6611-MZMAX,Male,0,Yes,No,72,Yes,No,Fiber optic,No,No,No,No,No,No,One year,No,Bank transfer (automatic),73.37,5093.29,No
8632-LDUMI,Female,0,No,No,14,Yes,No,DSL,Yes,No,Yes,Yes,No,Yes,One year,Yes,Bank transfer (automatic),72.21,962.79,No
1836-QRLEI,Male,0,Yes,No,31,Yes,Yes,Fiber optic,No,Yes,No,No,Yes,Yes,One year,Yes,Bank transfer (automatic),102.55,3132.83,No
6839-ALXBU,Male,0,No,No,71,Yes,Yes,No,No internet service,No internet service,No internet service,No internet service,No internet service,No internet service,Month-to-month,No,Bank transfer (automatic),36.58,2491.94,No
6890-ZXWYQ,Female,0,No,No,28,Yes,Yes,Fiber optic,No,Yes,Yes,No,No,No,Month-to-month,No,Credit card (automatic),93.71,2734.17,Yes
4259-LBCCL,Male,1,No,No,29,Yes,No,Fiber optic,No,Yes,No,Yes,Yes,No,Two year,Yes,Electronic check,86.74,2476.19,No
3576-YFDTC,Male,0,No,No,2,Yes,Yes,Fiber optic,Yes,No,Yes,No,No,Yes,Month-to-month,Yes,Bank transfer (automatic),99.92,192.77,Yes
6154-QTOUQ,Male,0,No,No,8,Yes,No,Fiber optic,Yes,Yes,Yes,No,No,Yes,Month-to-month,Yes,Electronic check,98.83,752.51,Yes
9461-VPDQJ,Male,0,Yes,Yes,4,Yes,No,DSL,No,Yes,No,No,Yes,Yes,Month-to-month,Yes,Bank transfer (automatic),74.93,303.71,Yes
2539-JSMRO,Male,0,Yes,No,39,Yes,Yes,DSL,No,No,No,No,No,No,One year,Yes,Mailed check,56.79,2188.99,No
7285-EYGHO,Female,0,Yes,No,15,Yes,Yes,Fiber optic,No,No,No,No,No,Yes,Month-to-month,No,Credit card (automatic),92.31,1379.31,Yes
9648-WSICU,Male,0,No,No,2,Yes,Yes,DSL,Yes,No,Yes,Yes,No,No,Month-to-month,Yes,Mailed check,77.21,147.92,Yes
6979-EREGW,Male,0,No,No,33,Yes,No,Fiber optic,Yes,No,No,Yes,No,No,One year,Yes,Credit card (automatic),78.37,2553.17,No
1240-QXOGS,Female,0,Yes,Yes,50,No,No phone service,Fiber optic,No,Yes,Yes,No,No,Yes,Month-to-month,Yes,Mailed check,87.39,4463.94,Yes
6790-RLCZY,Female,0,No,No,56,Yes,No,No,No internet service,No internet service,No internet service,No internet service,No internet service,No internet service,One year,No,Credit card (automatic),24.49,1361.63,No
1164-OZHGN,Male,0,No,No,65,Yes,Yes,Fiber optic,No,No,No,No,Yes,No,One year,No,Credit card (automatic),87.99,5624.85,No
6393-FBMJU,Female,0,No,No,30,No,No phone service,Fiber optic,No,No,No,Yes,Yes,No,Month-to-month,Yes,Credit card (automatic),76.78,2348.95,No
7694-OWBHL,Female,0,Yes,Yes,21,Yes,Yes,Fiber optic,No,No,Yes,Yes,No,Yes,Two year,Yes,Mailed check,98.85,2007.36,No
2067-LZHLX,Female,0,No,No,51,Yes,Yes,Fiber optic,No,No,No,No,No,Yes,Two year,Yes,Credit card (automatic),91.93,4806.36,No
9817-OEVMR,Female,0,No,No,1,No,No phone service,No,No internet service,No internet service,No internet service,No internet service,No internet service,No internet service,Month-to-month,Yes,Credit card (automatic),21.84,21.67,No
6774-TDTNE,Male,1,Yes,Yes,46,Yes,No,No,No internet service,No internet service,No internet service,No internet service,No internet service,No internet service,Two year,No,Electronic check,27.16,1214.09,No
1318-KDIEE,Male,0,Yes,Yes,22,Yes,No,Fiber optic,No,No,No,No,Yes,Yes,Month-to-month,No,Electronic check,93.47,2097.63,Yes
7742-OTUZG,Male,0,Yes,No,27,Yes,No,Fiber optic,No,Yes,No,Yes,Yes,Yes,One year,Yes,Electronic check,99.87,2648.49,No
5849-ZTHIG,Female,0,Yes,Yes,13,Yes,Yes,No,No internet service,No internet service,No internet service,No internet service,No internet service,No internet service,One year,Yes,Electronic check,35.34,466.5,Yes
4123-MEJLQ,Female,0,Yes,Yes,3,Yes,Yes,DSL,Yes,Yes,Yes,Yes,Yes,No,Month-to-month,Yes,Credit card (automatic),90.98,259.89,No
6347-XKTRZ,Male,1,No,No,22,Yes,Yes,Fiber optic,No,Yes,No,Yes,No,No,Month-to-month,Yes,Electronic check,90.46,2074.92,No
6515-EPZYM,Male,0,No,No,14,Yes,No,Fiber optic,No,Yes,No,Yes,No,No,Month-to-month,Yes,Bank transfer (automatic),83.7,1129.06,No
3341-OOGCN,Female,0,No,No,71,Yes,Yes,Fiber optic,No,Yes,No,Yes,No,No,Two year,Yes,Mailed check,87.29,6385.91,No
1989-DACTK,Male,0,Yes,No,71,No,No phone service,No,No internet service,No internet service,No internet service,No internet service,No internet service,No internet service,Two year,No,Credit card (automatic),22.3,1551.97,No
1486-SVEQZ,Male,0,No,No,47,No,No phone service,DSL,No,No,No,No,Yes,No,One year,Yes,Electronic check,51.8,2404.2,No
4812-TBVPR,Female,0,No,No,70,Yes,Yes,Fiber optic,No,Yes,Yes,No,No,Yes,Month-to-month,No,Mailed check,98.15,6804.52,No
6456-NFJPR,Male,0,No,No,57,Yes,Yes,DSL,No,Yes,Yes,Yes,No,Yes,One year,Yes,Electronic check,81.12,4602.65,No
9292-SNDEK,Male,0,No,No,17,No,No phone service,DSL,No,No,Yes,Yes,Yes,No,Month-to-month,Yes,Bank transfer (automatic),63.42,1078.04,No
5637-ECDYW,Male,1,No,No,43,Yes,Yes,Fiber optic,Yes,Yes,Yes,No,Yes,No,Two year,No,Credit card (automatic),103.11,4570.19,No
8647-CZTBR,Female,0,Yes,No,8,Yes,No,Fiber optic,No,Yes,No,No,No,Yes,Month-to-month,Yes,Electronic check,84.36,670.81,Yes
6318-NYNYB,Male,0,No,No,51,Yes,Yes,No,No internet service,No internet service,No internet service,No internet service,No internet service,No internet service,Two year,Yes,Credit card (automatic),31.77,1613.98,No
3827-KFLIY,Female,0,No,No,1,Yes,No,DSL,Yes,No,No,Yes,Yes,Yes,Month-to-month,Yes,Electronic check,77.08,73.63,Yes
4676-IZSXQ,Male,0,No,No,64,Yes,Yes,DSL,No,No,No,No,Yes,Yes,One year,No,Mailed check,76.17,4710.4,No
2139-YXMSQ,Female,0,No,No,41,Yes,No,Fiber optic,No,No,No,No,Yes,Yes,One year,Yes,Electronic check,92.99,3773.82,No
2299-NCWLH,Male,0,No,No,2,Yes,No,Fiber optic,Yes,No,Yes,No,Yes,Yes,Month-to-month,Yes,Bank transfer (automatic),98.78,203.94,No
4057-EMSMR,Male,0,No,No,68,Yes,No,DSL,No,Yes,No,Yes,No,No,Two year,No,Bank transfer (automatic),62.02,4094.43,No
2721-YPOZO,Female,0,No,No,69,Yes,No,No,No internet service,No internet service,No internet service,No internet service,No internet service,No internet service,Two year,No,Mailed check,27.12,1960.15,No
9607-SXYCL,Male,0,No,No,66,Yes,Yes,Fiber optic,No,Yes,Yes,No,Yes,Yes,Two year,No,Electronic check,113.44,7624.81,No
5570-DZOCE,Female,0,No,No,59,Yes,Yes,Fiber optic,No,No,No,No,No,No,One year,No,Bank transfer (automatic),79.82,4742.0,No
7999-NZFWV,Male,0,No,Yes,50,Yes,Yes,Fiber optic,No,Yes,No,No,Yes,No,Two year,Yes,Mailed check,93.2,4761.15,No
5380-DOCVQ,Male,0,Yes,No,22,Yes,Yes,Fiber optic,No,No,Yes,No,Yes,No,Month-to-month,No,Mailed check,92.02,2065.98,Yes
6372-GIBYJ,Female,0,No,No,3,Yes,No,No,No internet service,No internet service,No internet service,No internet service,No internet service,No internet service,Month-to-month,Yes,Credit card (automatic),25.5,79.96,Yes
6370-EPZRF,Female,0,Yes,Yes,13,Yes,Yes,No,No internet service,No internet service,No internet service,No internet service,No internet service,No internet service,One year,No,Bank transfer (automatic),35.48,443.6,No
5661-BZBVL,Male,0,No,No,18,Yes,No,Fiber optic,Yes,No,No,No,No,Yes,Month-to-month,No,Electronic check,81.68,1504.71,Yes
3739-ZBXMF,Female,1,Yes,Yes,18,Yes,No,Fiber optic,No,Yes,No,Yes,No,Yes,Month-to-month,Yes,Electronic check,87.27,1639.95,Yes
7160-BFZEI,Male,0,Yes,No,39,Yes,Yes,DSL,No,No,Yes,Yes,No,Yes,Month-to-month,Yes,Electronic check,80.88,3193.45,No
5770-KBRDQ,Male,1,Yes,Yes,8,No,No phone service,DSL,Yes,Yes,Yes,No,No,No,Month-to-month,Yes,Mailed check,62.65,480.81,Yes
7924-IUMIK,Male,0,No,No,6,Yes,No,DSL,No,Yes,No,No,No,Yes,Month-to-month,Yes,Electronic check,62.99,361.76,Yes
4534-UTEXL,Male,0,No,No,54,Yes,No,DSL,Yes,No,Yes,Yes,No,No,Two year,Yes,Electronic check,68.34,3672.02,No
2206-MASOA,Male,0,No,No,1,Yes,No,DSL,Yes,No,No,No,No,No,Month-to-month,Yes,Electronic check,53.31,52.93,No
9820-PJTEM,Female,0,No,No,4,Yes,Yes,Fiber optic,Yes,No,No,No,No,Yes,Month-to-month,Yes,Mailed check,92.21,355.88,Yes
4139-TKJVM,Male,0,No,No,25,Yes,Yes,Fiber optic,No,Yes,No,Yes,Yes,Yes,One year,Yes,Electronic check,110.51,2844.54,Yes
4998-TQEHS,Male,0,Yes,No,4,Yes,Yes,Fiber optic,No,Yes,No,No,No,No,Month-to-month,Yes,Mailed check,86.33,360.23,Yes
9423-CZEMM,Female,0,No,No,71,Yes,No,DSL,Yes,No,No,No,Yes,Yes,Two year,Yes,Electronic check,73.4,5429.17,No
2159-KTAZG,Male,0,No,Yes,50,Yes,No,DSL,Yes,No,No,No,No,Yes,One year,Yes,Credit card (automatic),65.35,3274.55,No
2914-EMPAM,Male,0,No,No,25,Yes,No,Fiber optic,Yes,Yes,No,No,Yes,Yes,Month-to-month,No,Mailed check,100.77,2487.62,No
8933-XHLUJ,Male,0,Yes,No,3,Yes,No,DSL,No,Yes,No,No,No,No,One year,No,Bank transfer (automatic),54.95,169.18,No
9953-NTDNZ,Male,0,No,Yes,21,Yes,Yes,Fiber optic,No,Yes,Yes,No,No,No,Month-to-month,Yes,Electronic check,86.78,1748.26,No
8939-QNXRK,Male,0,Yes,No,48,Yes,No,Fiber optic,No,No,Yes,No,No,Yes,Two year,Yes,Credit card (automatic),85.28,4103.6,No
5258-XQANF,Male,0,Yes,No,72,Yes,No,No,No internet service,No internet service,No internet service,No internet service,No internet service,No internet service,Two year,Yes,Mailed check,28.24,1989.62,No
2760-KEIGG,Female,0,Yes,Yes,29,Yes,No,No,No internet service,No internet service,No internet service,No internet service,No internet service,No internet service,One year,Yes,Bank transfer (automatic),21.85,644.3,No
3719-KBWSS,Female,1,Yes,No,52,Yes,Yes,Fiber optic,No,Yes,Yes,Yes,Yes,Yes,One year,No,Credit card (automatic),118.7,6119.02,No
9461-WLCEQ,Female,0,No,No,7,Yes,No,No,No internet service,No internet service,No internet service,No internet service,No internet service,No internet service,Month-to-month,Yes,Electronic check,26.04,181.03,Yes
5306-JQCUS,Female,1,No,No,45,Yes,Yes,No,No internet service,No internet service,No internet service,No internet service,No internet service,No internet service,Month-to-month,Yes,Mailed check,37.23,1625.26,No
7458-RRDOS,Male,0,Yes,No,9,Yes,No,DSL,No,Yes,No,No,Yes,Yes,Month-to-month,Yes,Bank transfer (automatic),73.88,667.83,Yes
8715-BUFKA,Male,1,No,No,7,Yes,No,No,No internet service,No internet service,No internet service,No internet service,No internet service,No internet service,Month-to-month,Yes,Electronic check,27.17,184.46,Yes
2239-KBYRY,Female,0,No,No,33,Yes,No,No,No internet service,No internet service,No internet service,No internet service,No internet service,No internet service,Month-to-month,Yes,Bank transfer (automatic),23.32,783.71,No
9813-EDANG,Male,1,No,No,8,Yes,No,DSL,Yes,Yes,Yes,Yes,Yes,No,Month-to-month,Yes,Credit card (automatic),81.43,677.98,No
6840-SCNQM,Male,0,No,No,54,Yes,No,DSL,Yes,No,Yes,Yes,No,Yes,Two year,No,Bank transfer (automatic),72.58,4078.24,No
8378-RTHAX,Female,0,No,No,71,Yes,No,DSL,No,No,Yes,No,Yes,No,One year,Yes,Electronic check,66.78,4757.24,No
3122-LSQFU,Male,0,No,No,21,Yes,Yes,Fiber optic,Yes,Yes,Yes,No,No,No,Month-to-month,Yes,Bank transfer (automatic),94.96,1966.82,Yes
8742-TZUMV,Female,0,Yes,Yes,16,Yes,No,No,No internet service,No internet service,No internet service,No internet service,No internet service,No internet service,Month-to-month,Yes,Credit card (automatic),24.12,375.93,No
5435-UUVCE,Male,0,Yes,No,6,Yes,Yes,Fiber optic,No,Yes,Yes,No,Yes,No,Month-to-month,No,Electronic check,103.74,607.57,Yes
3694-HDAVE,Female,0,Yes,Yes,21,Yes,Yes,DSL,Yes,Yes,No,No,Yes,Yes,Month-to-month,Yes,Credit card (automatic),89.25,1935.65,Yes
8099-VVUUB,Female,1,No,No,38,Yes,Yes,DSL,Yes,No,No,Yes,No,Yes,Month-to-month,No,Bank transfer (automatic),76.92,2998.63,No
9401-PHYZT,Male,0,No,No,20,Yes,No,Fiber optic,No,Yes,No,Yes,No,Yes,Two year,Yes,Mailed check,86.39,1807.29,No
7436-UABEW,Female,0,No,No,45,Yes,Yes,DSL,Yes,Yes,No,Yes,Yes,Yes,Two year,Yes,Credit card (automatic),94.35,4205.38,No
5907-ZWQSF,Female,0,Yes,Yes,49,Yes,No,DSL,Yes,No,No,No,No,Yes,One year,No,Electronic check,62.16,3003.75,Yes
3982-ZDWML,Female,0,No,Yes,3,Yes,Yes,No,No internet service,No internet service,No internet service,No internet service,No internet service,No internet service,Month-to-month,Yes,Mailed check,36.68,106.01,No
4448-MWNCW,Male,0,No,No,52,No,No phone service,Fiber optic,No,No,No,No,Yes,Yes,Two year,No,Bank transfer (automatic),82.01,4288.32,No
7136-UGJMQ,Male,0,No,Yes,70,Yes,No,No,No internet service,No internet service,No internet service,No internet service,No internet service,No internet service,Two year,Yes,Electronic check,25.85,1753.02,No
7209-LTJIP,Male,1,Yes,Yes,1,Yes,No,No,No internet service,No internet service,No internet service,No internet service,No internet service,No internet service,Month-to-month,No,Credit card (automatic),25.27,25.11,Yes
7521-EIAIJ,Male,0,Yes,No,37,Yes,Yes,No,No internet service,No internet service,No internet service,No internet service,No internet service,No internet service,One year,Yes,Mailed check,32.78,1269.22,No
3751-TGQHM,Female,0,No,No,43,Yes,Yes,DSL,No,No,No,Yes,Yes,No,One year,Yes,Electronic check,75.03,3367.02,No
9989-TVCHS,Male,0,No,No,53,Yes,Yes,Fiber optic,No,Yes,Yes,No,No,Yes,One year,No,Electronic check,99.29,5075.09,Yes
1519-WNDUN,Male,0,Yes,No,21,Yes,No,Fiber optic,Yes,No,Yes,No,No,Yes,Month-to-month,No,Electronic check,87.65,1817.51,Yes
2079-ZXSRI,Male,0,Yes,No,63,Yes,No,No,No internet service,No internet service,No internet service,No internet service,No internet service,No internet service,One year,No,Electronic check,22.86,1495.65,No
5954-EBIKT,Female,0,No,No,36,Yes,Yes,Fiber optic,No,No,Yes,No,Yes,Yes,Two year,No,Electronic check,101.82,3536.18,No
7938-IOOZJ,Female,0,No,No,23,Yes,No,Fiber optic,No,No,No,Yes,No,Yes,Month-to-month,No,Electronic check,85.66,1932.68,No
8135-EVKLR,Female,0,Yes,Yes,54,Yes,Yes,DSL,No,Yes,Yes,Yes,Yes,No,One year,No,Bank transfer (automatic),87.82,4548.52,No
3385-EMDQC,Female,0,No,No,71,No,No phone service,DSL,Yes,Yes,Yes,Yes,Yes,No,One year,Yes,Electronic check,78.76,5836.56,No
5429-MIGLE,Female,0,Yes,Yes,63,Yes,No,Fiber optic,Yes,No,No,No,No,Yes,Two year,Yes,Bank transfer (automatic),86.36,5389.97,No
2318-PLLZS,Female,0,No,No,71,Yes,No,DSL,No,Yes,No,Yes,No,Yes,Two year,No,Electronic check,72.14,5010.24,No
1493-CRXOF,Male,0,No,No,11,Yes,No,Fiber optic,No,Yes,No,No,No,Yes,Month-to-month,No,Mailed check,83.11,889.51,Yes
2407-AAMCJ,Male,0,Yes,Yes,3,Yes,No,Fiber optic,No,No,No,No,No,No,Month-to-month,No,Mailed check,73.43,221.42,Yes
8714-DPPUZ,Female,0,Yes,Yes,36,Yes,Yes,DSL,No,No,Yes,No,Yes,Yes,One year,Yes,Mailed check,88.23,3113.89,No
2721-LLNBB,Male,0,Yes,Yes,1,Yes,No,Fiber optic,No,Yes,Yes,Yes,No,Yes,Month-to-month,Yes,Bank transfer (automatic),94.77,92.31,Yes
7950-IPRMR,Female,1,No,No,50,Yes,No,DSL,No,Yes,No,No,Yes,No,Two year,Yes,Electronic check,64.29,3202.21,No
5577-ZCEYG,Male,0,Yes,No,9,Yes,Yes,No,No internet service,No internet service,No internet service,No internet service,No internet service,No internet service,Month-to-month,Yes,Electronic check,33.54,309.26,Yes
8691-NEETV,Female,0,No,No,27,Yes,Yes,Fiber optic,No,No,No,Yes,No,Yes,Month-to-month,Yes,Credit card (automatic),94.03,2548.19,No
3105-MTZQI,Male,0,No,No,48,Yes,Yes,Fiber optic,Yes,No,No,No,No,No,Two year,Yes,Electronic check,85.62,4274.42,No
5529-PAWKO,Male,1,No,No,30,Yes,No,DSL,No,Yes,No,No,Yes,No,Month-to-month,Yes,Mailed check,68.32,1948.31,Yes
9039-DBNBB,Female,0,No,No,9,Yes,Yes,Fiber optic,No,No,Yes,No,No,Yes,Month-to-month,Yes,Mailed check,94.93,863.92,Yes
5540-IUDQY,Male,0,No,Yes,69,Yes,No,DSL,Yes,No,No,No,Yes,No,Two year,No,Electronic check,63.43,4478.77,No
2586-KPWLH,Female,0,No,Yes,58,Yes,No,Fiber optic,No,No,No,Yes,Yes,No,Two year,No,Mailed check,81.61,4565.42,No
4491-BBQUB,Female,0,No,No,43,Yes,Yes,No,No internet service,No internet service,No internet service,No internet service,No internet service,No internet service,Two year,Yes,Mailed check,33.37,1397.11,No
3589-SJGEC,Female,0,No,No,52,Yes,No,DSL,Yes,Yes,Yes,No,No,No,One year,No,Credit card (automatic),67.54,3602.91,No
7811-EWCRK,Female,0,Yes,No,23,Yes,No,Fiber optic,No,Yes,Yes,No,Yes,No,One year,Yes,Electronic check,87.82,2091.55,No
7666-VBCMK,Male,0,No,No,20,No,No phone service,Fiber optic,Yes,Yes,Yes,Yes,No,No,Month-to-month,No,Bank transfer (automatic),82.4,1577.63,No
6724-IGRJB,Female,0,Yes,No,5,Yes,Yes,Fiber optic,No,No,Yes,No,Yes,Yes,Month-to-month,No,Bank transfer (automatic),108.48,538.0,No
8546-NZDYM,Male,0,No,No,62,No,No phone service,DSL,No,Yes,Yes,No,Yes,No,Two year,Yes,Credit card (automatic),62.22,3745.49,No
5911-MJYTN,Male,0,No,No,20,Yes,Yes,No,No internet service,No internet service,No internet service,No internet service,No internet service,No internet service,Month-to-month,No,Electronic check,36.45,760.35,No
8978-OAIKS,Female,1,Yes,No,52,Yes,Yes,DSL,Yes,No,No,No,Yes,Yes,Month-to-month,Yes,Mailed check,87.94,4492.48,No
8579-CMVBP,Female,1,Yes,Yes,14,Yes,No,DSL,Yes,No,No,No,Yes,No,Month-to-month,Yes,Mailed check,67.02,956.83,Yes
2615-WKEIC,Male,0,Yes,Yes,61,No,No phone service,Fiber optic,No,No,No,No,No,Yes,Two year,No,Electronic check,77.65,4747.44,No
1419-WFSIL,Male,0,Yes,Yes,3,Yes,No,Fiber optic,No,No,Yes,No,No,No,Month-to-month,Yes,Electronic check,77.15,232.57,No
2382-WDJMD,Female,1,No,No,45,Yes,No,Fiber optic,No,Yes,No,No,No,No,Month-to-month,Yes,Bank transfer (automatic),75.63,3413.04,Yes
4495-CZFVM,Male,0,No,No,62,Yes,No,Fiber optic,Yes,No,No,No,Yes,No,One year,Yes,Bank transfer (automatic),83.45,5065.79,No
9811-AQPKM,Female,0,Yes,No,49,Yes,Yes,DSL,No,No,No,Yes,Yes,Yes,Two year,Yes,Electronic check,83.97,4189.09,No
7153-DVDFZ,Female,1,Yes,Yes,52,Yes,Yes,No,No internet service,No internet service,No internet service,No internet service,No internet service,No internet service,One year,No,Mailed check,31.5,1715.77,No
2070-GVRPN,Male,0,No,Yes,35,Yes,No,Fiber optic,No,Yes,Yes,No,No,Yes,Month-to-month,No,Electronic check,90.77,3035.34,Yes
4956-LVRCG,Male,0,Yes,Yes,38,Yes,No,No,No internet service,No internet service,No internet service,No internet service,No internet service,No internet service,One year,Yes,Electronic check,21.74,829.58,No
2913-AQVBX,Male,0,No,No,2,Yes,No,Fiber optic,Yes,No,No,Yes,Yes,No,Month-to-month,Yes,Credit card (automatic),91.01,181.96,Yes
3057-XNRVI,Female,1,Yes,Yes,10,Yes,No,Fiber optic,No,Yes,No,No,No,No,Month-to-month,No,Electronic check,75.56,738.68,Yes
7010-ZFCEN,Female,0,No,Yes,54,Yes,Yes,No,No internet service,No internet service,No internet service,No internet service,No internet service,No internet service,One year,Yes,Electronic check,32.78,1823.79,No
7512-LLFGH,Female,0,Yes,No,71,Yes,No,No,No internet service,No internet service,No internet service,No internet service,No internet service,No internet service,Month-to-month,No,Bank transfer (automatic),27.64,2046.14,No
7063-BOOGU,Male,0,Yes,No,36,No,No phone service,No,No internet service,No internet service,No internet service,No internet service,No internet service,No internet service,Two year,Yes,Electronic check,22.94,866.2,No
2598-LIBPA,Female,1,Yes,Yes,55,Yes,Yes,DSL,Yes,No,No,Yes,No,No,One year,Yes,Mailed check,66.28,3489.94,No
4099-YLUUX,Male,0,No,No,51,Yes,No,No,No internet service,No internet service,No internet service,No internet service,No internet service,No internet service,One year,Yes,Electronic check,23.9,1250.8,No
7267-ZYRVT,Female,0,Yes,Yes,72,Yes,Yes,DSL,No,No,Yes,Yes,No,Yes,One year,Yes,Bank transfer (automatic),81.05,5784.2,No
1038-OWKTB,Male,0,No,No,61,Yes,No,Fiber optic,Yes,Yes,No,No,No,Yes,One year,Yes,Mailed check,90.27,5535.96,No
1364-CPIHT,Female,0,Yes,No,45,Yes,No,No,No internet service,No internet service,No internet service,No internet service,No internet service,No internet service,Two year,No,Credit card (automatic),25.11,1178.47,No
1325-KKGBS,Female,0,Yes,No,3,Yes,Yes,DSL,No,Yes,No,No,Yes,Yes,Month-to-month,No,Bank transfer (automatic),88.92,265.88,Yes
8852-HSFWO,Male,0,No,No,19,Yes,Yes,Fiber optic,No,No,Yes,No,No,No,Two year,Yes,Credit card (automatic),84.16,1521.03,No
6938-FEERC,Female,0,Yes,No,10,Yes,Yes,No,No internet service,No internet service,No internet service,No internet service,No internet service,No internet service,Month-to-month,Yes,Credit card (automatic),37.52,376.12,Yes
7703-JYLKY,Male,0,Yes,No,67,Yes,Yes,Fiber optic,No,Yes,No,No,No,No,Two year,Yes,Credit card (automatic),85.45,5977.96,No
3663-ZZLBK,Male,0,Yes,Yes,26,Yes,No,No,No internet service,No internet service,No internet service,No internet service,No internet service,No internet service,Month-to-month,Yes,Credit card (automatic),27.06,711.64,No
2900-TQGQZ,Male,0,No,No,36,Yes,Yes,DSL,No,No,Yes,No,No,Yes,One year,No,Credit card (automatic),73.55,2693.74,No
4854-KIGMB,Female,0,No,No,72,Yes,No,Fiber optic,No,Yes,No,No,No,Yes,Two year,No,Bank transfer (automatic),83.5,6294.17,No
8751-BBELP,Female,0,No,No,65,Yes,Yes,Fiber optic,No,No,No,No,Yes,Yes,Month-to-month,No,Electronic check,102.37,6806.74,No
4681-KNVON,Female,0,Yes,No,61,Yes,No,Fiber optic,No,Yes,Yes,Yes,No,No,Two year,Yes,Credit card (automatic),81.24,5066.22,No
2074-UDOQL,Female,0,Yes,No,3,Yes,Yes,No,No internet service,No internet service,No internet service,No internet service,No internet service,No internet service,One year,Yes,Mailed check,31.37,96.28,No
2316-XAKLZ,Male,0,Yes,Yes,1,Yes,Yes,No,No internet service,No internet service,No internet service,No internet service,No internet service,No internet service,Month-to-month,Yes,Mailed check,37.75,37.7,Yes
1401-LDXKF,Male,0,Yes,Yes,3,Yes,No,Fiber optic,No,Yes,Yes,No,No,Yes,Month-to-month,Yes,Mailed check,92.86,274.46,Yes
5697-WFHWZ,Male,0,Yes,No,56,Yes,Yes,DSL,No,No,No,No,No,Yes,One year,No,Electronic check,68.81,3981.56,No
9701-SVZQV,Female,0,Yes,Yes,23,Yes,Yes,DSL,No,No,No,No,Yes,No,One year,No,Electronic check,68.14,1511.18,No
5531-OSGSS,Female,0,Yes,No,3,Yes,No,DSL,No,Yes,No,No,No,No,Month-to-month,Yes,Bank transfer (automatic),54.84,167.77,Yes
2932-DRXWA,Male,0,Yes,Yes,56,Yes,Yes,Fiber optic,No,No,No,No,No,Yes,Two year,No,Bank transfer (automatic),87.29,4963.61,No
6351-TEYBL,Female,0,Yes,Yes,7,Yes,No,Fiber optic,No,Yes,No,No,Yes,Yes,Month-to-month,No,Electronic check,96.57,678.02,No
3258-WCVRF,Female,0,Yes,Yes,41,Yes,No,Fiber optic,No,Yes,No,No,No,Yes,Two year,No,Bank transfer (automatic),86.88,3513.8,No
4793-PTSJQ,Male,0,Yes,No,56,Yes,Yes,No,No internet service,No internet service,No internet service,No internet service,No internet service,No internet service,One year,Yes,Electronic check,32.57,1818.06,No
9657-FJNUZ,Female,0,No,No,43,Yes,No,Fiber optic,Yes,Yes,No,Yes,Yes,No,Two year,Yes,Mailed check,91.21,3987.64,No
5570-UDFNG,Female,0,Yes,Yes,72,Yes,Yes,Fiber optic,No,Yes,No,No,Yes,Yes,One year,No,Electronic check,106.64,7869.26,No
6813-ZWUVV,Male,1,Yes,Yes,25,Yes,No,Fiber optic,No,No,Yes,No,No,Yes,Month-to-month,No,Bank transfer (automatic),86.18,2061.13,Yes
6061-CROHR,Female,0,Yes,Yes,15,Yes,No,Fiber optic,Yes,Yes,Yes,No,Yes,No,Two year,No,Credit card (automatic),93.49,1388.36,No
5798-NLLKQ,Male,0,No,No,7,Yes,No,No,No internet service,No internet service,No internet service,No internet service,No internet service,No internet service,Month-to-month,No,Mailed check,27.21,183.46,No
3599-UNPFH,Male,0,No,No,32,Yes,Yes,Fiber optic,No,Yes,No,No,Yes,No,Month-to-month,Yes,Credit card (automatic),98.45,3198.56,Yes
5473-OCXJI,Male,0,Yes,Yes,66,Yes,Yes,Fiber optic,Yes,No,No,No,No,Yes,Month-to-month,Yes,Bank transfer (automatic),91.16,6166.56,No
4851-UCOUJ,Female,1,No,No,71,Yes,Yes,DSL,No,Yes,No,No,No,Yes,Month-to-month,Yes,Bank transfer (automatic),72.57,5250.8,No
8493-HPSAC,Male,0,No,No,72,Yes,Yes,Fiber optic,No,Yes,No,Yes,Yes,Yes,Two year,No,Mailed check,107.68,7432.51,No
4782-RRTXB,Female,0,No,No,35,Yes,Yes,DSL,No,Yes,No,No,No,No,One year,No,Mailed check,68.82,2392.97,No
4513-PXMVY,Female,0,No,No,43,Yes,Yes,Fiber optic,No,No,Yes,No,No,No,One year,Yes,Electronic check,83.46,3571.64,No
1111-KJILS,Male,0,No,No,41,Yes,Yes,Fiber optic,No,Yes,Yes,No,No,No,Month-to-month,Yes,Bank transfer (automatic),92.07,3825.14,No
1820-USEXH,Female,0,Yes,Yes,28,Yes,No,DSL,No,No,Yes,No,Yes,No,Month-to-month,Yes,Credit card (automatic),63.79,1832.1,No
9927-QCLFZ,Male,0,Yes,No,4,Yes,Yes,No,No internet service,No internet service,No internet service,No internet service,No internet service,No internet service,Month-to-month,No,Mailed check,33.65,133.65,Yes
5259-NANPV,Female,0,No,No,2,Yes,Yes,Fiber optic,No,Yes,No,No,Yes,Yes,Month-to-month,No,Mailed check,101.71,211.89,Yes
8069-YGTEA,Male,0,No,No,25,Yes,No,No,No internet service,No internet service,No internet service,No internet service,No internet service,No internet service,Month-to-month,No,Mailed check,21.98,531.61,No
8156-IIDCQ,Female,0,No,No,6,Yes,No,No,No internet service,No internet service,No internet service,No internet service,No internet service,No internet service,Month-to-month,No,Electronic check,26.88,159.94,Yes
4865-VLAUT,Female,0,Yes,No,70,Yes,Yes,Fiber optic,No,Yes,No,Yes,No,No,Two year,No,Credit card (automatic),87.52,6344.25,No
3172-NCRVF,Female,0,Yes,No,58,Yes,Yes,Fiber optic,Yes,No,No,Yes,No,No,Two year,No,Mailed check,93.82,5619.81,No
3513-SWCCE,Male,0,No,No,44,Yes,No,No,No internet service,No internet service,No internet service,No internet service,No internet service,No internet service,Month-to-month,Yes,Electronic check,28.11,1294.7,No
5133-ANPAU,Female,0,Yes,Yes,1,Yes,Yes,Fiber optic,No,No,Yes,No,No,Yes,Month-to-month,No,Electronic check,95.37,91.48,Yes
1027-HUQXY,Male,0,No,No,45,Yes,No,DSL,No,No,No,No,Yes,Yes,Two year,No,Bank transfer (automatic),72.9,3372.64,No
7474-XCTJA,Male,0,No,No,45,Yes,Yes,DSL,No,Yes,No,No,Yes,No,Month-to-month,Yes,Credit card (automatic),73.34,3386.39,No
7986-OHSWH,Male,0,Yes,Yes,26,Yes,No,Fiber optic,No,No,Yes,No,No,Yes,One year,Yes,Electronic check,82.79,2259.21,No
4012-AYEFB,Male,0,No,No,48,Yes,No,DSL,No,No,Yes,Yes,Yes,Yes,Two year,Yes,Mailed check,81.94,3932.8,No
1932-NEIHG,Female,0,No,No,67,Yes,Yes,Fiber optic,No,Yes,No,Yes,No,No,Two year,Yes,Electronic check,89.85,6201.39,No
3933-HOVFW,Female,0,Yes,Yes,58,Yes,No,DSL,No,Yes,No,Yes,Yes,No,Two year,Yes,Electronic check,69.17,4210.02,No
2184-YDXZG,Male,0,No,No,29,Yes,Yes,No,No internet service,No internet service,No internet service,No internet service,No internet service,No internet service,Two year,Yes,Electronic check,36.12,997.25,No
8975-MENPK,Female,0,No,No,11,Yes,Yes,Fiber optic,Yes,Yes,No,No,No,Yes,Month-to-month,Yes,Bank transfer (automatic),101.93,1147.31,Yes
8261-EPDET,Male,0,Yes,Yes,30,Yes,Yes,DSL,No,No,Yes,Yes,Yes,No,One year,Yes,Electronic check,78.7,2271.72,No
6040-TXXZK,Female,0,Yes,No,71,Yes,No,DSL,Yes,Yes,No,No,No,Yes,Two year,Yes,Electronic check,68.77,4988.9,No
6859-DHFWK,Female,0,Yes,No,0,Yes,Yes,Fiber optic,No,Yes,No,No,No,Yes,Month-to-month,Yes,Electronic check,93.84, ,Yes
2249-YQIQO,Female,0,No,Yes,1,Yes,No,DSL,No,Yes,No,No,Yes,Yes,Two year,No,Mailed check,78.56,77.64,No
8914-HHAME,Male,0,Yes,No,60,Yes,No,DSL,Yes,No,Yes,No,No,No,Month-to-month,Yes,Mailed check,61.73,3545.07,No
4722-LKSMD,Female,0,Yes,Yes,5,No,No phone service,Fiber optic,Yes,Yes,Yes,No,Yes,Yes,Month-to-month,Yes,Bank transfer (automatic),103.22,530.61,Yes
2748-PDAAV,Male,0,Yes,No,39,No,No phone service,DSL,Yes,Yes,Yes,No,No,Yes,Two year,No,Mailed check,66.71,2540.17,No
4013-REQYY,Female,0,Yes,Yes,62,Yes,No,Fiber optic,No,No,Yes,No,Yes,Yes,Month-to-month,Yes,Credit card (automatic),94.94,5628.74,Yes
8768-PYBBH,Female,0,Yes,No,38,Yes,Yes,DSL,Yes,Yes,Yes,No,No,Yes,One year,Yes,Mailed check,87.93,3449.69,No
4978-KVURJ,Female,0,No,No,22,Yes,No,DSL,Yes,Yes,No,Yes,Yes,Yes,One year,No,Mailed check,84.9,1892.28,Yes
2238-KORFV,Male,0,No,No,15,No,No phone service,Fiber optic,No,No,No,No,Yes,Yes,Month-to-month,Yes,Credit card (automatic),87.59,1364.83,Yes
2774-ORNZA,Female,0,No,No,14,Yes,No,DSL,No,Yes,No,Yes,Yes,No,Month-to-month,Yes,Electronic check,67.19,943.73,No
1256-GQYFT,Female,0,No,No,65,Yes,No,DSL,No,Yes,No,No,Yes,Yes,Month-to-month,Yes,Mailed check,76.3,4981.44,Yes
5142-JQGYB,Female,0,No,No,64,Yes,No,Fiber optic,No,Yes,No,No,No,Yes,Two year,Yes,Electronic check,82.73,5348.56,No
8768-LCIFZ,Female,0,Yes,No,64,Yes,No,Fiber optic,Yes,No,No,Yes,Yes,No,Two year,No,Mailed check,90.63,5723.32,No
2628-MRRXE,Female,1,No,Yes,12,Yes,No,Fiber optic,No,No,Yes,No,Yes,Yes,Two year,No,Credit card (automatic),98.47,1230.93,No
3720-NXKYG,Female,0,Yes,Yes,61,Yes,Yes,DSL,Yes,No,No,Yes,No,Yes,Two year,No,Credit card (automatic),82.57,4963.13,No
4190-YFCOC,Male,1,Yes,No,1,Yes,Yes,Fiber optic,No,No,Yes,Yes,Yes,No,Month-to-month,Yes,Electronic check,102.91,104.68,No
5753-IHJQW,Female,0,Yes,No,7,Yes,No,DSL,No,Yes,No,No,No,Yes,Month-to-month,Yes,Mailed check,64.0,429.74,Yes
1832-JUIOO,Male,0,Yes,No,34,Yes,No,No,No internet service,No internet service,No internet service,No internet service,No internet service,No internet service,Month-to-month,No,Mailed check,23.76,792.9,No
5216-WUBND,Female,0,Yes,Yes,22,Yes,No,DSL,No,No,Yes,No,No,Yes,Two year,Yes,Bank transfer (automatic),63.05,1348.38,No
4249-KEDBP,Female,0,Yes,No,3,Yes,Yes,DSL,No,No,No,No,No,No,Month-to-month,No,Credit card (automatic),58.37,180.03,No
9575-SVODL,Male,0,No,No,1,Yes,Yes,DSL,No,No,No,No,Yes,Yes,Month-to-month,No,Electronic check,81.48,81.79,Yes
8078-SYFUX,Female,0,No,No,44,Yes,No,Fiber optic,No,Yes,Yes,No,Yes,No,Two year,Yes,Mailed check,93.49,4059.77,No
8392-DXCJL,Female,0,Yes,No,15,Yes,No,No,No internet service,No internet service,No internet service,No internet service,No internet service,No internet service,Month-to-month,No,Electronic check,27.3,398.44,Yes
3036-CENDV,Male,0,No,Yes,1,Yes,Yes,Fiber optic,No,No,Yes,No,Yes,No,Month-to-month,No,Electronic check,92.64,89.79,Yes
8549-VSXEC,Male,1,No,No,25,No,No phone service,Fiber optic,No,Yes,No,No,Yes,Yes,Month-to-month,Yes,Bank transfer (automatic),87.71,2211.06,No
7984-LVHZQ,Male,0,No,No,14,Yes,No,No,No internet service,No internet service,No internet service,No internet service,No internet service,No internet service,Month-to-month,Yes,Credit card (automatic),24.25,338.87,No
4237-IMXHN,Female,0,No,No,40,Yes,Yes,DSL,No,Yes,No,Yes,Yes,No,One year,No,Electronic check,83.91,3431.12,No
8657-CRRQX,Male,0,Yes,No,71,Yes,No,DSL,No,Yes,Yes,No,No,Yes,Month-to-month,No,Mailed check,66.66,4956.32,No
1227-XZMHA,Female,0,No,No,14,Yes,No,Fiber optic,No,No,No,No,Yes,No,One year,Yes,Mailed check,78.78,1072.74,No
1988-UOPET,Male,0,No,No,72,Yes,No,Fiber optic,No,No,No,No,Yes,No,Two year,No,Credit card (automatic),77.39,5542.81,No
9333-CPMTX,Male,0,Yes,No,2,Yes,Yes,DSL,Yes,No,No,No,No,Yes,Month-to-month,Yes,Electronic check,72.2,145.08,Yes
3576-JCUYH,Female,0,Yes,Yes,2,Yes,Yes,Fiber optic,Yes,No,Yes,No,Yes,Yes,Month-to-month,Yes,Bank transfer (automatic),112.61,226.85,Yes
9260-HAEAG,Male,0,Yes,Yes,54,Yes,Yes,No,No internet service,No internet service,No internet service,No internet service,No internet service,No internet service,Two year,Yes,Electronic check,38.65,2000.12,No
9152-TLWMH,Female,0,No,No,57,Yes,No,No,No internet service,No internet service,No internet service,No internet service,No internet service,No internet service,Month-to-month,Yes,Bank transfer (automatic),24.69,1379.63,No
1950-XWWKO,Male,1,Yes,No,24,Yes,Yes,No,No internet service,No internet service,No internet service,No internet service,No internet service,No internet service,Month-to-month,Yes,Electronic check,33.02,787.95,Yes
5729-ZADGV,Female,0,No,No,13,Yes,Yes,DSL,Yes,No,No,No,No,No,Month-to-month,Yes,Bank transfer (automatic),64.16,808.9,No
6623-EHEKZ,Male,0,No,No,61,Yes,No,Fiber optic,Yes,No,Yes,No,Yes,Yes,Month-to-month,Yes,Credit card (automatic),99.9,6341.73,No
3775-MXPKF,Female,1,Yes,No,71,Yes,No,Fiber optic,No,No,No,Yes,No,Yes,One year,Yes,Credit card (automatic),87.81,5977.82,No
8055-SIPVZ,Male,0,No,No,72,Yes,No,Fiber optic,No,No,Yes,No,Yes,No,One year,Yes,Credit card (automatic),84.29,5855.83,No
1992-QJFGY,Female,0,No,No,46,Yes,Yes,Fiber optic,No,No,Yes,No,No,Yes,Two year,Yes,Electronic check,92.78,4184.55,Yes
2340-NVYRF,Male,0,Yes,No,56,Yes,No,No,No internet service,No internet service,No internet service,No internet service,No internet service,No internet service,Month-to-month,No,Bank transfer (automatic),24.46,1338.42,No
5647-SCRUS,Male,0,No,No,64,No,No phone service,DSL,Yes,No,Yes,No,No,Yes,One year,Yes,Electronic check,63.62,3924.86,No
4081-IYCVW,Female,0,No,Yes,61,Yes,No,DSL,No,No,No,No,No,Yes,Month-to-month,No,Mailed check,60.58,3812.53,No
3492-VNZBZ,Female,0,No,No,72,No,No phone service,DSL,No,No,No,No,Yes,Yes,Two year,Yes,Mailed check,61.22,4565.27,No
5019-KZUBH,Male,0,No,No,63,No,No phone service,Fiber optic,Yes,No,Yes,No,No,Yes,Two year,Yes,Electronic check,84.5,5366.24,No
8274-PCGBA,Male,0,Yes,No,49,Yes,No,No,No internet service,No internet service,No internet service,No internet service,No internet service,No internet service,Two year,Yes,Electronic check,25.72,1290.21,No
4358-RINEK,Female,0,Yes,Yes,20,Yes,Yes,Fiber optic,Yes,No,No,No,Yes,No,Month-to-month,No,Credit card (automatic),98.74,2009.99,Yes
8965-VDYWY,Male,0,No,No,42,Yes,Yes,Fiber optic,No,No,Yes,No,No,No,Two year,Yes,Bank transfer (automatic),85.13,3747.99,No
4938-BDRLR,Male,0,No,No,69,Yes,No,Fiber optic,No,No,Yes,Yes,Yes,Yes,Two year,No,Mailed check,96.26,6740.27,No
5310-VCEXK,Male,0,Yes,Yes,14,Yes,Yes,No,No internet service,No internet service,No internet service,No internet service,No internet service,No internet service,Month-to-month,Yes,Mailed check,34.96,478.1,Yes
7614-RMROD,Male,0,No,No,1,Yes,No,No,No internet service,No internet service,No internet service,No internet service,No internet service,No internet service,Month-to-month,Yes,Bank transfer (automatic),26.31,27.42,No
1496-XOXTT,Male,0,No,Yes,16,Yes,Yes,No,No internet service,No internet service,No internet service,No internet service,No internet service,No internet service,Month-to-month,Yes,Electronic check,38.35,607.46,No
4137-JBPPS,Male,0,Yes,No,71,Yes,No,DSL,No,Yes,No,No,Yes,No,Month-to-month,No,Bank transfer (automatic),64.56,4433.95,No
6517-CSAUA,Female,0,No,No,61,Yes,Yes,Fiber optic,No,Yes,No,No,Yes,Yes,Two year,Yes,Electronic check,104.53,6640.6,No
7488-BKRXO,Male,0,Yes,No,6,Yes,Yes,Fiber optic,No,No,No,No,No,No,One year,Yes,Electronic check,80.71,471.67,Yes
2841-YXMZG,Female,1,No,No,1,Yes,No,DSL,No,Yes,Yes,No,No,No,Month-to-month,No,Credit card (automatic),56.53,58.35,No
2144-EFSAP,Female,0,Yes,Yes,50,No,No phone service,DSL,No,Yes,Yes,No,Yes,Yes,Month-to-month,Yes,Mailed check,71.18,3567.96,No
5197-EAAYT,Female,0,Yes,Yes,40,Yes,No,Fiber optic,No,Yes,No,No,No,Yes,Two year,No,Bank transfer (automatic),83.08,3275.48,No
1772-HNEZX,Female,1,No,No,2,Yes,Yes,Fiber optic,No,Yes,Yes,Yes,Yes,No,Month-to-month,No,Electronic check,105.57,215.66,Yes
3045-AEXQR,Male,0,No,No,72,Yes,No,No,No internet service,No internet service,No internet service,No internet service,No internet service,No internet service,Two year,Yes,Mailed check,21.42,1608.36,No
4407-LTEBJ,Male,0,No,No,44,Yes,Yes,DSL,Yes,Yes,No,No,Yes,No,Month-to-month,Yes,Mailed check,83.58,3680.9,No
2353-TAUHG,Female,1,Yes,Yes,48,Yes,No,Fiber optic,No,Yes,Yes,No,No,Yes,Two year,Yes,Electronic check,93.43,4477.86,No
3212-NFOGN,Male,0,No,No,67,Yes,Yes,Fiber optic,Yes,No,No,No,No,No,One year,No,Bank transfer (automatic),86.85,5607.43,No
7300-RSQFL,Male,0,Yes,No,17,Yes,No,DSL,Yes,Yes,Yes,No,No,No,One year,Yes,Electronic check,62.72,1012.94,No
6985-YWEWY,Female,0,No,No,38,Yes,Yes,Fiber optic,No,Yes,No,Yes,Yes,No,Two year,Yes,Credit card (automatic),103.5,3950.08,No
5780-NEZXV,Male,0,No,No,40,Yes,Yes,DSL,No,No,Yes,No,No,Yes,One year,Yes,Electronic check,78.91,3181.94,No
3101-AMZBW,Female,0,Yes,Yes,72,Yes,No,DSL,Yes,Yes,Yes,No,No,Yes,One year,No,Electronic check,77.83,5716.43,No
8696-LYXQJ,Female,0,Yes,No,3,Yes,Yes,No,No internet service,No internet service,No internet service,No internet service,No internet service,No internet service,Month-to-month,Yes,Electronic check,38.04,116.11,No
6587-BTZRJ,Female,0,No,No,58,Yes,No,Fiber optic,No,Yes,Yes,Yes,Yes,Yes,One year,No,Electronic check,107.98,6126.79,No
7406-EOJXP,Female,0,No,No,40,Yes,Yes,Fiber optic,No,Yes,No,No,No,No,Two year,No,Credit card (automatic),82.0,3140.25,Yes
8026-VOOKH,Male,0,No,No,66,Yes,No,DSL,Yes,No,No,No,No,Yes,Month-to-month,No,Bank transfer (automatic),64.66,4202.48,Yes
6029-LUPND,Female,0,No,No,65,Yes,Yes,DSL,No,No,No,No,Yes,No,Two year,No,Credit card (automatic),68.19,4529.96,No
6591-HOFGT,Male,0,No,No,1,No,No phone service,DSL,Yes,Yes,Yes,Yes,No,Yes,Month-to-month,Yes,Electronic check,77.19,79.0,No
4171-PYRME,Female,0,Yes,Yes,10,Yes,No,DSL,Yes,Yes,Yes,No,No,Yes,Month-to-month,Yes,Mailed check,72.07,726.54,Yes
4429-JKWYP,Male,0,Yes,No,6,Yes,Yes,DSL,No,No,No,No,Yes,No,Month-to-month,No,Electronic check,71.96,416.76,Yes
8485-YPJID,Female,0,Yes,Yes,28,Yes,Yes,Fiber optic,No,No,No,No,Yes,Yes,Month-to-month,No,Electronic check,100.19,2750.71,Yes
2214-DSSUO,Female,0,Yes,Yes,70,Yes,No,Fiber optic,No,No,No,Yes,Yes,Yes,One year,Yes,Electronic check,93.43,6596.42,No
2531-MRZFC,Male,0,Yes,No,1,Yes,Yes,Fiber optic,No,No,Yes,Yes,Yes,No,Month-to-month,Yes,Bank transfer (automatic),101.41,98.47,Yes
2540-VNKNG,Male,0,Yes,No,31,Yes,No,DSL,Yes,Yes,No,Yes,No,Yes,Month-to-month,Yes,Mailed check,71.33,2231.61,No
3267-HQFGN,Male,0,No,No,69,Yes,Yes,Fiber optic,No,No,No,Yes,Yes,Yes,Two year,Yes,Credit card (automatic),101.05,6655.58,No
1948-AWIFB,Male,0,No,No,71,Yes,No,Fiber optic,No,No,No,No,No,Yes,Two year,Yes,Mailed check,76.55,5345.09,No
8670-NJLFL,Male,1,No,No,48,Yes,No,Fiber optic,No,No,No,No,No,No,One year,No,Bank transfer (automatic),70.15,3329.51,No
6969-ZXDHQ,Female,0,Yes,Yes,64,Yes,Yes,DSL,No,Yes,No,No,No,No,Month-to-month,Yes,Bank transfer (automatic),68.22,4291.33,Yes
5174-VIWEM,Male,0,Yes,No,16,Yes,Yes,No,No internet service,No internet service,No internet service,No internet service,No internet service,No internet service,Month-to-month,Yes,Electronic check,34.87,539.32,Yes
5942-VYEFF,Male,0,No,No,13,Yes,No,DSL,No,Yes,No,Yes,No,No,Month-to-month,No,Credit card (automatic),62.18,777.54,No
8215-MAVDO,Female,0,Yes,No,2,Yes,Yes,Fiber optic,Yes,No,No,No,No,No,Month-to-month,Yes,Mailed check,87.11,177.38,Yes
2466-TVOXG,Male,0,Yes,Yes,32,Yes,No,Fiber optic,Yes,No,No,No,No,No,Two year,Yes,Bank transfer (automatic),77.6,2390.66,No
4325-REWWV,Male,1,No,No,27,Yes,Yes,DSL,No,No,No,No,Yes,No,Month-to-month,Yes,Mailed check,68.93,1771.9,No
1122-IDRQV,Female,0,Yes,Yes,20,Yes,No,DSL,Yes,No,No,No,No,Yes,One year,Yes,Mailed check,61.82,1274.82,No
9895-EDFZD,Female,0,No,No,3,No,No phone service,No,No internet service,No internet service,No internet service,No internet service,No internet service,No internet service,Month-to-month,No,Mailed check,18.25,57.02,Yes
2464-GPRFT,Male,1,No,No,9,Yes,No,No,No internet service,No internet service,No internet service,No internet service,No internet service,No internet service,Month-to-month,No,Bank transfer (automatic),22.86,206.03,Yes
6208-PRSLH,Male,0,Yes,Yes,7,No,No phone service,DSL,No,Yes,Yes,No,Yes,Yes,Month-to-month,No,Electronic check,77.67,522.66,No
6087-GFQUX,Male,0,No,No,71,Yes,Yes,Fiber optic,Yes,Yes,No,Yes,Yes,Yes,Month-to-month,Yes,Bank transfer (automatic),113.34,8137.57,Yes
9775-HLXWH,Male,0,No,No,72,No,No phone service,DSL,Yes,Yes,Yes,No,No,Yes,Two year,Yes,Bank transfer (automatic),67.85,4814.41,No
8647-RWMED,Male,0,No,No,1,Yes,Yes,DSL,Yes,No,Yes,No,No,Yes,Month-to-month,Yes,Electronic check,78.57,76.51,Yes
5172-EIMEO,Female,0,No,No,5,Yes,No,No,No internet service,No internet service,No internet service,No internet service,No internet service,No internet service,Month-to-month,No,Bank transfer (automatic),24.9,129.12,No
8082-FMSJX,Female,0,No,No,70,Yes,No,Fiber optic,Yes,Yes,No,Yes,No,Yes,Two year,No,Electronic check,97.64,6886.58,No
6102-QMGAC,Male,0,Yes,No,1,Yes,Yes,No,No internet service,No internet service,No internet service,No internet service,No internet service,No internet service,Month-to-month,Yes,Electronic check,35.5,35.84,Yes
1789-QWLUW,Female,1,Yes,No,71,Yes,No,Fiber optic,No,No,No,No,Yes,Yes,Month-to-month,No,Electronic check,87.3,6353.56,No
4765-GOWNW,Male,0,No,No,20,Yes,No,No,No internet service,No internet service,No internet service,No internet service,No internet service,No internet service,Month-to-month,No,Credit card (automatic),21.95,420.68,Yes
3247-QOQWX,Female,0,Yes,Yes,36,Yes,No,Fiber optic,No,No,No,No,Yes,Yes,Two year,No,Electronic check,89.41,3221.59,No
9024-REBGJ,Female,0,No,No,58,Yes,Yes,Fiber optic,No,No,Yes,No,No,No,Two year,No,Electronic check,81.89,4627.0,No
3648-ANRRF,Female,1,No,No,10,Yes,Yes,Fiber optic,No,No,No,No,No,Yes,Month-to-month,Yes,Mailed check,88.52,860.8,Yes
9328-CHTVJ,Male,0,No,No,3,No,No phone service,No,No internet service,No internet service,No internet service,No internet service,No internet service,No internet service,Month-to-month,No,Electronic check,22.55,66.44,Yes
4012-WWYHM,Male,0,Yes,Yes,62,Yes,No,DSL,No,Yes,No,Yes,Yes,No,Month-to-month,No,Mailed check,68.27,4184.65,No
1257-FUKOI,Female,0,No,Yes,72,Yes,No,Fiber optic,No,Yes,No,No,No,No,Two year,No,Bank transfer (automatic),72.55,4998.56,No
5728-AKSIB,Male,0,Yes,No,49,Yes,No,DSL,Yes,No,No,Yes,No,No,Two year,Yes,Electronic check,60.75,3056.11,No
8382-LJBKJ,Male,0,No,No,64,Yes,No,Fiber optic,Yes,No,No,No,No,No,Month-to-month,Yes,Credit card (automatic),78.5,5256.05,No
7918-NDAHE,Male,0,No,No,71,Yes,No,Fiber optic,Yes,Yes,No,No,Yes,No,One year,Yes,Electronic check,88.51,6481.42,No
8531-BDGPA,Female,0,No,No,9,Yes,Yes,No,No internet service,No internet service,No internet service,No internet service,No internet service,No internet service,Month-to-month,No,Electronic check,33.56,307.29,No
8127-AIIMH,Male,0,Yes,No,18,Yes,Yes,No,No internet service,No internet service,No internet service,No internet service,No internet service,No internet service,One year,Yes,Mailed check,37.39,702.9,No
2157-GPOTB,Female,0,No,No,8,Yes,No,DSL,No,Yes,No,No,No,No,Month-to-month,No,Electronic check,55.99,445.03,Yes
6164-QWHUB,Male,0,No,Yes,2,Yes,Yes,DSL,No,No,No,No,Yes,Yes,Month-to-month,Yes,Bank transfer (automatic),76.78,159.78,No
5805-GXNXK,Male,1,Yes,Yes,55,Yes,No,Fiber optic,Yes,No,No,No,Yes,Yes,Two year,No,Mailed check,98.33,5585.53,No
8763-TIKXV,Female,0,No,Yes,4,Yes,No,DSL,No,Yes,No,Yes,Yes,Yes,Two year,Yes,Electronic check,78.09,316.17,No
6400-IMGHV,Male,0,No,Yes,2,Yes,No,Fiber optic,Yes,No,No,No,No,No,One year,No,Electronic check,71.1,147.34,No
1202-NMDBB,Male,0,No,No,18,Yes,No,DSL,No,No,No,No,No,No,Month-to-month,Yes,Bank transfer (automatic),51.08,888.54,Yes
4656-TKGLS,Male,0,Yes,Yes,2,Yes,No,No,No internet service,No internet service,No internet service,No internet service,No internet service,No internet service,Month-to-month,No,Mailed check,25.46,49.52,No
2009-MLBLF,Male,0,No,No,6,No,No phone service,Fiber optic,No,No,No,No,No,Yes,Month-to-month,Yes,Credit card (automatic),76.68,450.94,Yes
6644-GPAMA,Female,0,No,No,2,Yes,No,Fiber optic,No,No,No,Yes,No,No,Month-to-month,Yes,Electronic check,73.6,144.54,Yes
5754-BHGHM,Male,1,No,No,69,Yes,No,DSL,Yes,No,Yes,No,Yes,No,Month-to-month,No,Electronic check,72.27,4738.28,No
1721-QGMRN,Female,0,No,No,60,Yes,Yes,Fiber optic,No,Yes,No,No,Yes,Yes,Two year,Yes,Credit card (automatic),105.19,6200.05,No
7649-NKBBL,Female,0,Yes,Yes,67,Yes,Yes,Fiber optic,No,No,No,No,No,No,One year,No,Credit card (automatic),80.51,5642.64,No
8719-WIPCJ,Male,0,Yes,No,68,Yes,No,Fiber optic,No,Yes,No,Yes,No,Yes,Two year,No,Electronic check,93.82,6207.19,No
6812-QIYCP,Male,0,Yes,No,71,Yes,Yes,Fiber optic,No,No,No,No,No,No,One year,No,Electronic check,82.7,5634.58,No
7914-OCWOA,Male,0,Yes,No,6,Yes,Yes,DSL,Yes,Yes,Yes,Yes,No,No,Month-to-month,Yes,Credit card (automatic),78.3,458.71,Yes
5888-AQKIU,Male,0,No,Yes,70,Yes,No,DSL,Yes,No,No,Yes,No,Yes,One year,No,Credit card (automatic),71.15,4900.54,No
2017-EGVOU,Female,0,Yes,No,35,Yes,Yes,Fiber optic,Yes,No,No,Yes,Yes,No,Month-to-month,Yes,Credit card (automatic),101.38,3426.6,Yes
6735-UVRPK,Male,0,No,No,5,Yes,No,DSL,No,No,No,Yes,Yes,No,Month-to-month,Yes,Bank transfer (automatic),63.64,329.2,Yes
6221-RCYVX,Female,1,No,No,48,Yes,No,DSL,No,Yes,No,No,Yes,No,One year,No,Bank transfer (automatic),62.4,2852.49,No
4943-YFANP,Male,0,Yes,No,16,Yes,No,DSL,Yes,Yes,Yes,No,No,No,One year,No,Bank transfer (automatic),62.82,972.5,No
5719-DRWCQ,Male,0,Yes,No,1,Yes,Yes,Fiber optic,No,Yes,Yes,No,No,No,Month-to-month,No,Mailed check,89.55,92.66,Yes
6442-AASEM,Male,0,No,No,2,Yes,Yes,No,No internet service,No internet service,No internet service,No internet service,No internet service,No internet service,Month-to-month,Yes,Bank transfer (automatic),35.94,69.26,Yes
5782-VDSIU,Male,1,Yes,No,24,Yes,Yes,No,No internet service,No internet service,No internet service,No internet service,No internet service,No internet service,Month-to-month,Yes,Credit card (automatic),31.5,787.14,No
9804-MWMHK,Female,0,Yes,Yes,64,Yes,Yes,No,No internet service,No internet service,No internet service,No internet service,No internet service,No internet service,Two year,No,Mailed check,33.41,2145.27,No
1364-IGIMZ,Female,1,No,No,15,Yes,No,Fiber optic,No,Yes,No,No,Yes,Yes,One year,No,Electronic check,96.74,1422.66,Yes
6385-VGXBU,Male,0,No,No,58,Yes,Yes,No,No internet service,No internet service,No internet service,No internet service,No internet service,No internet service,Two year,Yes,Bank transfer (automatic),36.91,2058.25,No
7890-VJTAS,Female,0,No,No,2,Yes,Yes,DSL,No,No,No,Yes,Yes,No,Month-to-month,No,Credit card (automatic),78.65,161.95,Yes
4201-OLGTR,Female,0,No,Yes,21,Yes,No,Fiber optic,No,Yes,No,No,Yes,Yes,Two year,Yes,Bank transfer (automatic),95.66,1948.91,No
4239-WOQUR,Female,0,No,No,3,Yes,No,Fiber optic,No,Yes,Yes,Yes,Yes,Yes,Month-to-month,No,Bank transfer (automatic),106.64,325.26,Yes
8931-SDTUC,Female,0,Yes,No,67,Yes,Yes,No,No internet service,No internet service,No internet service,No internet service,No internet service,No internet service,Two year,No,Electronic check,36.57,2408.72,No
8965-IMRFW,Female,1,No,No,72,Yes,No,DSL,No,No,No,Yes,No,No,Two year,No,Mailed check,56.79,4067.7,No
3832-FEMPU,Male,0,Yes,No,16,Yes,Yes,Fiber optic,No,No,No,Yes,No,No,Two year,Yes,Mailed check,85.0,1395.85,No
1054-OMHUB,Male,0,No,No,72,Yes,Yes,Fiber optic,Yes,No,Yes,No,Yes,No,Month-to-month,Yes,Credit card (automatic),103.89,7329.29,No
9783-CQROQ,Male,0,No,No,57,Yes,Yes,Fiber optic,No,No,No,Yes,Yes,No,Two year,Yes,Credit card (automatic),96.33,5333.06,No
9101-TBQLL,Female,0,No,No,1,Yes,No,Fiber optic,No,Yes,Yes,Yes,No,Yes,Month-to-month,Yes,Bank transfer (automatic),91.92,87.89,Yes
4400-KZJBV,Female,0,No,No,30,No,No phone service,No,No internet service,No internet service,No internet service,No internet service,No internet service,No internet service,Month-to-month,Yes,Mailed check,22.12,691.38,No
2924-PHWHM,Female,0,Yes,No,65,Yes,No,No,No internet service,No internet service,No internet service,No internet service,No internet service,No internet service,Two year,No,Mailed check,26.67,1792.79,No
4374-YWPJY,Female,0,Yes,Yes,36,Yes,No,Fiber optic,Yes,No,Yes,No,No,No,Two year,Yes,Electronic check,78.69,2860.46,No
9885-ATBGY,Male,0,Yes,No,37,Yes,Yes,DSL,No,Yes,Yes,No,No,Yes,One year,Yes,Bank transfer (automatic),83.02,2936.21,No
1120-UEDVR,Female,1,Yes,Yes,26,Yes,No,No,No internet service,No internet service,No internet service,No internet service,No internet service,No internet service,One year,No,Electronic check,24.86,639.11,Yes
8537-WEOPH,Female,0,No,No,22,Yes,No,No,No internet service,No internet service,No internet service,No internet service,No internet service,No internet service,Month-to-month,No,Electronic check,25.94,563.79,Yes
3229-BQPBV,Female,1,Yes,Yes,1,Yes,No,DSL,No,No,No,No,No,Yes,Month-to-month,No,Credit card (automatic),63.56,63.61,Yes
6528-WGUPG,Female,0,No,No,45,Yes,No,Fiber optic,Yes,Yes,No,Yes,No,Yes,Month-to-month,Yes,Electronic check,95.84,4241.72,No
5897-NNDFK,Male,0,No,No,59,Yes,No,Fiber optic,No,Yes,No,No,Yes,Yes,Month-to-month,Yes,Credit card (automatic),97.28,5504.22,No
8826-RYFBS,Male,0,Yes,Yes,61,Yes,Yes,No,No internet service,No internet service,No internet service,No internet service,No internet service,No internet service,Two year,Yes,Mailed check,36.92,2243.35,No
3720-JHRAB,Female,0,Yes,Yes,45,Yes,Yes,Fiber optic,No,No,No,No,No,Yes,One year,No,Electronic check,89.91,3868.23,No
9523-SHNVI,Male,0,Yes,Yes,17,Yes,Yes,Fiber optic,Yes,Yes,No,Yes,Yes,No,Month-to-month,No,Electronic check,104.65,1753.33,Yes
4376-YBYNG,Male,0,No,No,1,Yes,Yes,No,No internet service,No internet service,No internet service,No internet service,No internet service,No internet service,One year,No,Electronic check,32.99,34.04,No
7107-AJCEY,Male,0,No,No,70,Yes,No,Fiber optic,No,No,No,No,Yes,Yes,Month-to-month,Yes,Electronic check,89.39,6519.63,No
1394-XVVCE,Male,0,Yes,Yes,25,Yes,Yes,No,No internet service,No internet service,No internet service,No internet service,No internet service,No internet service,Month-to-month,No,Mailed check,31.74,785.4,Yes
9239-PWXAX,Female,0,Yes,Yes,43,Yes,No,DSL,No,Yes,No,No,Yes,Yes,One year,Yes,Mailed check,76.14,3209.0,No
7588-PAMZG,Female,0,Yes,No,7,Yes,Yes,Fiber optic,Yes,Yes,No,No,Yes,Yes,Month-to-month,Yes,Bank transfer (automatic),107.85,755.16,Yes
8765-IAOXD,Female,1,Yes,No,3,Yes,No,No,No internet service,No internet service,No internet service,No internet service,No internet service,No internet service,Month-to-month,Yes,Credit card (automatic),28.0,82.21,No
1365-TVQAY,Male,0,No,No,2,Yes,Yes,Fiber optic,Yes,Yes,No,No,No,Yes,Month-to-month,Yes,Electronic check,96.81,186.35,Yes
6487-PVLBW,Female,0,No,No,61,Yes,No,Fiber optic,No,Yes,Yes,No,No,No,Month-to-month,Yes,Mailed check,77.3,4943.78,Yes
6433-UIMOM,Female,0,No,No,47,Yes,Yes,DSL,No,No,Yes,No,Yes,No,One year,No,Bank transfer (automatic),71.22,3263.72,No
9254-ETYZP,Female,0,No,No,45,Yes,Yes,DSL,No,Yes,Yes,No,No,No,Two year,No,Bank transfer (automatic),68.08,3023.74,No
2502-MTMDW,Female,1,Yes,No,70,Yes,No,Fiber optic,No,No,Yes,No,No,Yes,One year,Yes,Bank transfer (automatic),82.26,5659.13,No
1253-JOPFD,Female,1,Yes,No,4,Yes,No,No,No internet service,No internet service,No internet service,No internet service,No internet service,No internet service,Month-to-month,Yes,Bank transfer (automatic),22.14,84.23,Yes
4303-JSKGK,Male,1,No,No,5,Yes,Yes,No,No internet service,No internet service,No internet service,No internet service,No internet service,No internet service,Month-to-month,No,Electronic check,34.86,176.32,Yes
9332-APDQR,Male,1,Yes,Yes,6,Yes,No,No,No internet service,No internet service,No internet service,No internet service,No internet service,No internet service,Month-to-month,Yes,Bank transfer (automatic),21.66,129.95,No
3805-MXHOS,Female,1,Yes,Yes,24,Yes,Yes,DSL,No,Yes,Yes,No,No,Yes,Month-to-month,Yes,Credit card (automatic),78.32,1959.83,Yes
4945-TBCHK,Female,0,No,No,68,Yes,No,Fiber optic,No,No,Yes,Yes,Yes,No,Two year,Yes,Credit card (automatic),89.82,6204.66,No
8773-SVJZL,Female,1,Yes,Yes,69,Yes,No,No,No internet service,No internet service,No internet service,No internet service,No internet service,No internet service,One year,Yes,Electronic check,23.82,1623.37,No
3542-NAUHG,Male,0,Yes,Yes,42,Yes,No,DSL,No,No,No,Yes,Yes,No,Month-to-month,Yes,Electronic check,65.97,2727.27,No
3091-OHEQY,Female,0,No,No,49,Yes,Yes,No,No internet service,No internet service,No internet service,No internet service,No internet service,No internet service,One year,Yes,Electronic check,33.88,1592.61,No
1201-LTMUP,Male,0,Yes,Yes,70,Yes,Yes,DSL,No,No,Yes,Yes,Yes,Yes,Two year,Yes,Electronic check,87.31,6056.81,No
4176-QULWH,Male,0,Yes,Yes,45,Yes,No,Fiber optic,No,No,Yes,No,Yes,Yes,Two year,Yes,Bank transfer (automatic),98.28,4616.1,No
8014-CFUCV,Male,0,Yes,No,9,Yes,No,DSL,Yes,Yes,Yes,Yes,Yes,No,Month-to-month,Yes,Mailed check,79.94,716.72,Yes
5778-CVJJU,Female,0,No,No,53,Yes,Yes,No,No internet service,No internet service,No internet service,No internet service,No internet service,No internet service,Month-to-month,Yes,Mailed check,38.34,2074.64,No
4645-THFKS,Male,0,Yes,No,59,Yes,Yes,Fiber optic,Yes,No,No,Yes,No,No,Month-to-month,Yes,Electronic check,90.11,5308.58,No
6713-PUFXS,Female,0,No,No,46,Yes,No,Fiber optic,No,No,No,Yes,Yes,Yes,Two year,Yes,Mailed check,93.93,4301.99,No
2365-TQGYM,Male,0,No,No,12,Yes,No,No,No internet service,No internet service,No internet service,No internet service,No internet service,No internet service,Month-to-month,Yes,Electronic check,26.85,312.46,Yes
2172-VARGV,Female,0,Yes,Yes,22,No,No phone service,DSL,No,No,No,No,Yes,Yes,Month-to-month,Yes,Bank transfer (automatic),61.32,1283.2,No
8712-PQMFB,Female,0,No,No,29,Yes,Yes,DSL,No,Yes,No,No,No,No,One year,No,Mailed check,64.61,1830.68,No
3242-JHOJA,Female,1,No,No,4,Yes,No,Fiber optic,Yes,No,Yes,No,Yes,Yes,Month-to-month,Yes,Bank transfer (automatic),97.13,399.62,No
2821-YGIRQ,Male,0,Yes,No,27,Yes,Yes,DSL,No,Yes,Yes,Yes,Yes,No,Month-to-month,No,Electronic check,83.33,2161.29,Yes
3190-USYAQ,Male,1,No,No,5,No,No phone service,No,No internet service,No internet service,No internet service,No internet service,No internet service,No internet service,Month-to-month,No,Electronic check,22.75,119.37,Yes
6950-QHMTR,Female,0,No,No,32,Yes,Yes,Fiber optic,No,No,No,No,Yes,Yes,Two year,Yes,Bank transfer (automatic),98.05,3204.29,No
9625-LXXOS,Male,0,Yes,Yes,2,Yes,No,DSL,No,No,No,Yes,No,No,Month-to-month,Yes,Credit card (automatic),54.45,104.79,Yes
6932-PLVES,Male,0,Yes,Yes,71,No,No phone service,DSL,Yes,Yes,No,No,No,No,Month-to-month,Yes,Bank transfer (automatic),52.66,3752.73,No
2137-EGKZK,Male,0,Yes,No,10,Yes,No,Fiber optic,Yes,No,No,No,No,No,One year,Yes,Credit card (automatic),75.26,786.02,No
5517-GRETC,Female,1,Yes,No,29,Yes,Yes,Fiber optic,Yes,Yes,No,No,No,Yes,Month-to-month,Yes,Electronic check,96.86,2701.48,No
4346-VFOGL,Male,0,Yes,No,1,Yes,No,DSL,Yes,No,Yes,Yes,No,No,Month-to-month,Yes,Mailed check,65.79,62.53,No
6611-YVOIX,Male,1,No,No,7,No,No phone service,DSL,Yes,No,Yes,Yes,No,No,Month-to-month,Yes,Credit card (automatic),61.12,412.53,Yes
4958-YEVXO,Female,0,Yes,No,52,Yes,No,Fiber optic,Yes,No,Yes,Yes,No,Yes,Two year,Yes,Credit card (automatic),92.96,4761.19,No
8661-GBQKR,Female,0,Yes,Yes,3,Yes,Yes,DSL,Yes,Yes,Yes,No,No,Yes,Month-to-month,Yes,Electronic check,83.41,244.62,No
6906-OHHSI,Male,0,Yes,Yes,45,Yes,Yes,Fiber optic,No,Yes,No,No,No,No,Two year,No,Electronic check,87.97,3841.88,No
4968-OMQXZ,Male,0,No,No,1,No,No phone service,Fiber optic,No,No,Yes,Yes,Yes,Yes,Month-to-month,No,Electronic check,94.78,99.48,Yes
7196-BWLTN,Female,1,Yes,Yes,28,Yes,No,Fiber optic,Yes,No,No,No,No,No,Month-to-month,No,Electronic check,74.32,2111.07,No
8166-WZDFK,Male,0,Yes,No,54,Yes,Yes,Fiber optic,No,No,No,No,Yes,No,Two year,No,Electronic check,90.37,4724.16,No
9995-GMKHS,Female,0,Yes,Yes,71,Yes,No,DSL,Yes,No,Yes,No,Yes,Yes,Two year,Yes,Mailed check,81.42,5535.25,No
4241-RGGKD,Female,0,No,Yes,31,Yes,Yes,DSL,Yes,Yes,Yes,No,No,No,Month-to-month,Yes,Electronic check,76.68,2343.6,Yes
1707-FUTNT,Male,0,Yes,Yes,65,Yes,No,Fiber optic,Yes,Yes,Yes,No,Yes,Yes,Two year,Yes,Electronic check,106.94,6926.4,No
9244-UWFBQ,Female,0,Yes,No,62,Yes,Yes,DSL,No,No,No,No,Yes,Yes,Month-to-month,Yes,Electronic check,77.93,4924.34,Yes
7005-UFFMA,Male,0,Yes,No,13,Yes,No,Fiber optic,No,No,No,No,Yes,No,Two year,Yes,Credit card (automatic),79.1,1042.47,Yes
5839-CITFJ,Male,0,Yes,No,68,Yes,Yes,Fiber optic,No,No,No,No,Yes,Yes,Two year,Yes,Mailed check,103.36,6949.94,No
6122-OWNKO,Female,1,No,No,47,No,No phone service,Fiber optic,No,Yes,No,No,Yes,Yes,Two year,Yes,Bank transfer (automatic),89.88,4296.69,No
3535-MMQQE,Female,0,Yes,No,3,Yes,No,DSL,No,No,Yes,Yes,Yes,Yes,Month-to-month,Yes,Electronic check,76.65,227.76,Yes
5394-IGPWZ,Male,0,Yes,Yes,71,Yes,No,No,No internet service,No internet service,No internet service,No internet service,No internet service,No internet service,Two year,Yes,Mailed check,23.5,1662.25,No
2918-TOZVJ,Male,0,No,No,6,Yes,No,No,No internet service,No internet service,No internet service,No internet service,No internet service,No internet service,Month-to-month,No,Credit card (automatic),28.29,163.77,Yes
4888-LIZYC,Male,0,Yes,No,29,Yes,No,No,No internet service,No internet service,No internet service,No internet service,No internet service,No internet service,Month-to-month,Yes,Credit card (automatic),21.03,585.59,No
7973-DSKEX,Male,0,No,No,28,Yes,Yes,Fiber optic,No,No,No,No,No,No,One year,Yes,Electronic check,76.63,2136.48,Yes
4811-NZLRG,Female,0,Yes,No,45,Yes,No,DSL,No,No,No,Yes,Yes,No,Two year,No,Electronic check,65.17,3038.42,No
4072-LCKBP,Female,0,No,No,49,Yes,No,Fiber optic,Yes,No,No,No,No,Yes,One year,Yes,Mailed check,87.44,4368.07,No
4632-IONSQ,Male,0,No,No,9,Yes,No,Fiber optic,Yes,Yes,No,No,No,No,Month-to-month,No,Electronic check,83.02,772.14,No
1430-HGNWS,Male,0,No,No,18,Yes,Yes,Fiber optic,No,No,No,No,No,No,Month-to-month,Yes,Mailed check,82.61,1457.21,Yes
8144-AYQPR,Male,0,No,No,4,Yes,No,Fiber optic,No,No,No,Yes,No,Yes,One year,Yes,Mailed check,82.15,336.52,No
8634-PVNTX,Male,0,Yes,No,3,Yes,Yes,Fiber optic,No,Yes,No,Yes,No,Yes,Month-to-month,No,Mailed check,97.31,288.1,Yes
8175-HZQTT,Male,1,No,No,64,Yes,No,No,No internet service,No internet service,No internet service,No internet service,No internet service,No internet service,Month-to-month,Yes,Electronic check,28.23,1785.78,No
6885-BLCFX,Male,0,Yes,Yes,57,Yes,No,DSL,No,Yes,No,Yes,Yes,No,One year,Yes,Electronic check,71.67,4042.0,No
7058-HVCNB,Male,0,No,No,26,No,No phone service,No,No internet service,No internet service,No internet service,No internet service,No internet service,No internet service,One year,Yes,Bank transfer (automatic),23.07,571.13,No
6277-XQHLO,Female,0,Yes,Yes,3,Yes,Yes,Fiber optic,No,No,No,Yes,No,No,Month-to-month,No,Bank transfer (automatic),86.95,261.57,Yes
3326-PVQEL,Female,1,Yes,Yes,27,Yes,Yes,Fiber optic,No,No,No,No,No,Yes,Month-to-month,Yes,Bank transfer (automatic),86.15,2283.08,Yes
4039-HLDBY,Male,1,No,No,13,Yes,No,Fiber optic,No,No,No,No,Yes,No,One year,Yes,Electronic check,83.42,1062.56,Yes
3465-DPUPQ,Female,0,Yes,Yes,60,Yes,Yes,Fiber optic,No,No,No,No,Yes,Yes,Two year,No,Mailed check,102.92,6138.16,No
1033-ACYWR,Female,0,No,No,3,Yes,No,DSL,No,No,No,No,Yes,Yes,Month-to-month,Yes,Mailed check,71.23,204.79,Yes
1588-AUNBB,Female,0,No,No,27,Yes,Yes,Fiber optic,No,Yes,No,No,No,No,Month-to-month,Yes,Electronic check,83.09,2174.78,Yes
1535-MYJEX,Female,0,Yes,No,42,Yes,Yes,Fiber optic,No,Yes,No,No,Yes,No,One year,No,Credit card (automatic),92.59,3705.94,No
9889-AMTOE,Female,0,Yes,No,72,Yes,Yes,Fiber optic,Yes,No,No,Yes,Yes,Yes,Month-to-month,No,Mailed check,107.91,7689.27,No
7704-YJVPP,Female,0,Yes,Yes,2,Yes,Yes,DSL,No,No,Yes,No,Yes,Yes,Month-to-month,Yes,Electronic check,82.49,157.55,Yes
3268-AHYPZ,Male,0,No,No,3,No,No phone service,Fiber optic,No,Yes,No,No,Yes,No,Two year,No,Bank transfer (automatic),82.91,252.46,Yes
3024-KPJQS,Female,0,No,No,72,Yes,No,Fiber optic,No,No,No,Yes,Yes,No,One year,Yes,Credit card (automatic),87.92,6095.54,No
1658-XTOTX,Female,0,No,No,22,Yes,Yes,Fiber optic,Yes,Yes,No,Yes,No,No,Two year,Yes,Electronic check,91.54,2031.82,No
1400-MXGIK,Female,0,No,No,56,Yes,No,Fiber optic,No,No,Yes,No,Yes,Yes,Two year,Yes,Electronic check,93.21,5465.83,Yes
5808-QTYAI,Female,0,Yes,Yes,60,Yes,Yes,Fiber optic,No,Yes,No,No,No,No,One year,Yes,Mailed check,87.83,5349.59,No
7555-NTUXO,Male,0,Yes,No,15,Yes,No,Fiber optic,No,No,Yes,Yes,No,No,Month-to-month,Yes,Electronic check,81.51,1185.41,Yes
6245-BEQJN,Female,0,Yes,Yes,8,Yes,Yes,No,No internet service,No internet service,No internet service,No internet service,No internet service,No internet service,Month-to-month,Yes,Electronic check,35.95,284.87,Yes
5023-OMSVP,Male,0,No,No,12,Yes,No,Fiber optic,No,Yes,No,No,No,No,One year,Yes,Mailed check,77.08,882.1,No
1951-BIXSM,Female,0,Yes,No,58,Yes,Yes,No,No internet service,No internet service,No internet service,No internet service,No internet service,No internet service,Two year,Yes,Credit card (automatic),37.37,2222.1,No
2541-VNCLD,Female,1,No,No,65,No,No phone service,DSL,No,Yes,Yes,No,Yes,No,One year,No,Electronic check,65.43,4239.55,No
3309-OUJEZ,Female,0,No,No,52,Yes,Yes,No,No internet service,No internet service,No internet service,No internet service,No internet service,No internet service,One year,Yes,Mailed check,38.31,1977.78,No
6480-WAVHU,Female,0,Yes,No,26,Yes,Yes,No,No internet service,No internet service,No internet service,No internet service,No internet service,No internet service,Month-to-month,No,Mailed check,36.67,919.41,No
7509-NOHOV,Male,0,Yes,Yes,11,Yes,Yes,Fiber optic,No,Yes,Yes,Yes,Yes,Yes,Month-to-month,Yes,Bank transfer (automatic),111.77,1185.63,Yes
6017-SEETQ,Female,0,Yes,No,24,Yes,No,No,No internet service,No internet service,No internet service,No internet service,No internet service,No internet service,One year,No,Credit card (automatic),23.44,590.54,No
2845-WQMKC,Male,0,No,No,70,No,No phone service,No,No internet service,No internet service,No internet service,No internet service,No internet service,No internet service,Month-to-month,Yes,Mailed check,21.0,1409.45,No
5533-SAJVL,Female,0,Yes,No,67,Yes,Yes,DSL,No,Yes,No,Yes,No,No,Month-to-month,No,Bank transfer (automatic),72.58,5098.44,No
6351-XNEQV,Male,0,Yes,No,16,Yes,Yes,Fiber optic,No,No,No,No,Yes,No,Two year,Yes,Bank transfer (automatic),93.29,1563.01,No
4671-YOZHS,Male,0,No,No,16,Yes,Yes,No,No internet service,No internet service,No internet service,No internet service,No internet service,No internet service,One year,Yes,Electronic check,38.92,621.22,No
9623-GAQWY,Female,0,Yes,Yes,60,Yes,No,DSL,No,No,Yes,No,No,No,One year,Yes,Electronic check,51.94,2962.4,No
6392-DLMDJ,Female,0,Yes,No,24,Yes,No,No,No internet service,No internet service,No internet service,No internet service,No internet service,No internet service,Month-to-month,Yes,Electronic check,21.68,528.9,No
5564-WEFBH,Male,0,No,No,40,Yes,No,DSL,No,No,No,Yes,No,Yes,Two year,Yes,Electronic check,61.05,2435.81,No
9347-YPWBV,Female,0,No,No,24,Yes,No,Fiber optic,Yes,Yes,No,No,No,Yes,One year,Yes,Electronic check,93.15,2236.7,No
5490-JQDXO,Female,0,No,No,10,Yes,No,Fiber optic,No,No,Yes,Yes,Yes,No,Month-to-month,Yes,Mailed check,93.34,957.21,Yes
3302-SLKHC,Male,0,Yes,No,6,Yes,No,Fiber optic,No,No,Yes,No,No,Yes,One year,Yes,Bank transfer (automatic),87.2,499.78,No
8484-YSKLC,Female,0,Yes,Yes,3,Yes,Yes,DSL,No,No,Yes,No,No,Yes,Month-to-month,No,Electronic check,72.47,226.82,Yes
1027-UUQFN,Male,0,No,No,1,Yes,Yes,Fiber optic,No,No,Yes,No,Yes,No,Month-to-month,No,Mailed check,98.94,101.59,Yes
6602-RUMOJ,Female,0,Yes,Yes,12,Yes,Yes,Fiber optic,No,No,Yes,No,Yes,Yes,Two year,Yes,Credit card (automatic),105.9,1224.56,No
6991-TBKZG,Male,0,No,No,5,No,No phone service,Fiber optic,No,No,Yes,No,No,No,Month-to-month,Yes,Credit card (automatic),72.97,348.94,Yes
6970-QRRYW,Female,0,Yes,No,11,Yes,Yes,No,No internet service,No internet service,No internet service,No internet service,No internet service,No internet service,Month-to-month,No,Credit card (automatic),33.59,379.06,No
8865-NTJUL,Male,0,Yes,Yes,2,Yes,Yes,No,No internet service,No internet service,No internet service,No internet service,No internet service,No internet service,Two year,No,Mailed check,36.01,72.63,No
3521-GIENE,Male,0,Yes,No,17,Yes,Yes,DSL,Yes,Yes,Yes,No,Yes,No,One year,No,Bank transfer (automatic),84.84,1415.05,No
4392-WXSCT,Female,0,No,No,34,Yes,Yes,No,No internet service,No internet service,No internet service,No internet service,No internet service,No internet service,Month-to-month,Yes,Electronic check,37.01,1222.97,No
8141-CUCBC,Female,0,No,No,71,Yes,Yes,Fiber optic,No,Yes,Yes,Yes,Yes,Yes,One year,No,Bank transfer (automatic),118.54,8198.69,No
2707-ZFWDW,Female,0,Yes,Yes,18,Yes,Yes,Fiber optic,No,No,Yes,No,Yes,Yes,Month-to-month,No,Credit card (automatic),106.76,1924.74,Yes
2041-VXQFY,Female,0,No,Yes,1,Yes,No,DSL,No,No,No,No,Yes,Yes,Month-to-month,Yes,Credit card (automatic),69.15,70.22,Yes
3124-UXRRM,Female,0,Yes,No,19,Yes,No,DSL,Yes,Yes,Yes,No,No,No,One year,No,Electronic check,68.8,1258.22,No
5271-DWJVB,Male,1,Yes,Yes,63,Yes,No,DSL,Yes,No,No,Yes,Yes,Yes,One year,No,Mailed check,76.6,4876.28,No
3002-PNYBX,Male,0,Yes,Yes,17,Yes,No,No,No internet service,No internet service,No internet service,No internet service,No internet service,No internet service,One year,No,Credit card (automatic),24.79,421.04,No
9963-IMROJ,Male,1,Yes,No,13,Yes,No,Fiber optic,No,No,Yes,Yes,Yes,Yes,One year,No,Credit card (automatic),98.9,1349.66,Yes
1344-PTESJ,Male,0,Yes,No,70,Yes,Yes,DSL,No,No,No,Yes,No,No,Two year,Yes,Mailed check,67.45,4917.06,No
1121-ZUYPD,Female,0,Yes,Yes,14,Yes,Yes,Fiber optic,No,No,No,No,No,Yes,Month-to-month,Yes,Credit card (automatic),90.98,1263.32,No
3791-EKEQV,Male,0,Yes,No,72,No,No phone service,DSL,No,Yes,No,No,Yes,No,Two year,Yes,Credit card (automatic),56.75,4001.69,No
2690-EFGOZ,Male,1,Yes,Yes,65,Yes,Yes,Fiber optic,No,No,Yes,Yes,No,No,Two year,Yes,Electronic check,90.08,5925.47,No
7543-NJGMT,Male,0,Yes,No,51,Yes,Yes,DSL,Yes,No,Yes,No,No,Yes,Month-to-month,Yes,Credit card (automatic),82.41,4271.2,No
6471-TXKES,Male,0,No,No,42,Yes,Yes,No,No internet service,No internet service,No internet service,No internet service,No internet service,No internet service,One year,No,Bank transfer (automatic),35.73,1481.2,No
6748-VEGAM,Male,0,No,No,9,Yes,No,Fiber optic,No,No,No,No,Yes,No,Month-to-month,Yes,Bank transfer (automatic),78.72,709.66,Yes
5369-TSQPH,Female,0,No,No,55,Yes,No,Fiber optic,Yes,No,No,No,Yes,No,One year,Yes,Electronic check,83.34,4629.7,No
1909-UJADA,Male,0,Yes,No,18,Yes,No,DSL,No,No,Yes,No,Yes,Yes,Month-to-month,No,Credit card (automatic),78.62,1419.8,No
8095-KGYUJ,Female,0,Yes,Yes,30,Yes,No,Fiber optic,No,No,No,No,Yes,No,One year,No,Mailed check,77.11,2299.57,Yes
3401-XDQJW,Female,0,No,No,3,Yes,Yes,DSL,No,Yes,Yes,No,No,No,Month-to-month,No,Bank transfer (automatic),71.29,220.6,Yes
4920-MTQSW,Female,1,No,No,13,Yes,Yes,DSL,No,No,Yes,Yes,No,Yes,One year,Yes,Mailed check,83.93,1055.86,No
7775-COPNE,Female,1,No,No,35,Yes,Yes,Fiber optic,No,Yes,Yes,Yes,No,No,Month-to-month,Yes,Credit card (automatic),92.37,3300.46,Yes
2963-BRGZQ,Female,1,No,No,29,Yes,No,DSL,No,Yes,No,Yes,Yes,No,Month-to-month,Yes,Electronic check,67.4,2025.05,Yes
9986-UYZJC,Male,1,No,No,17,Yes,Yes,Fiber optic,No,No,Yes,Yes,Yes,No,Month-to-month,Yes,Electronic check,101.4,1770.95,Yes
5953-WFEEY,Male,0,No,No,29,Yes,Yes,Fiber optic,No,No,No,No,Yes,Yes,Month-to-month,Yes,Bank transfer (automatic),97.75,2885.7,No
8493-TCLEI,Female,1,No,No,57,Yes,No,DSL,Yes,No,No,Yes,No,No,Two year,Yes,Electronic check,56.52,3151.32,No
1589-QLXXT,Male,0,No,No,28,No,No phone service,Fiber optic,Yes,Yes,Yes,No,No,No,One year,Yes,Electronic check,79.17,2126.71,No
9455-XPTOG,Male,1,No,No,33,Yes,No,Fiber optic,No,Yes,Yes,Yes,Yes,Yes,Month-to-month,No,Electronic check,101.61,3401.57,No
8332-HHNXV,Male,0,Yes,Yes,52,No,No phone service,Fiber optic,No,No,Yes,No,No,No,Two year,Yes,Electronic check,69.23,3597.53,No
1496-XLMLN,Female,0,Yes,Yes,65,Yes,No,Fiber optic,Yes,Yes,Yes,Yes,Yes,No,Two year,Yes,Electronic check,103.13,6512.89,No
1546-RWNTH,Male,0,Yes,No,35,Yes,Yes,No,No internet service,No internet service,No internet service,No internet service,No internet service,No internet service,One year,No,Mailed check,34.56,1174.49,No
2897-IDZIH,Female,0,Yes,Yes,71,Yes,No,Fiber optic,No,No,Yes,No,Yes,No,One year,Yes,Mailed check,85.39,5945.74,No
4256-MXKMM,Female,1,Yes,No,18,No,No phone service,Fiber optic,Yes,Yes,Yes,No,No,Yes,Month-to-month,Yes,Bank transfer (automatic),89.31,1641.09,No
1803-JWNGL,Male,0,Yes,Yes,10,Yes,Yes,Fiber optic,Yes,No,No,Yes,No,No,Month-to-month,Yes,Electronic check,87.74,908.73,Yes
5789-VIOFP,Male,0,Yes,No,52,Yes,No,No,No internet service,No internet service,No internet service,No internet service,No internet service,No internet service,Month-to-month,Yes,Mailed check,23.25,1209.49,No
9215-WMPXM,Female,0,No,No,6,Yes,No,No,No internet service,No internet service,No internet service,No internet service,No internet service,No internet service,Month-to-month,Yes,Bank transfer (automatic),21.36,130.99,Yes
5847-KUJLE,Male,0,Yes,Yes,70,Yes,Yes,Fiber optic,No,No,No,No,No,Yes,Two year,Yes,Electronic check,93.85,6405.64,No
6184-LKQDW,Male,0,No,No,21,Yes,No,DSL,No,Yes,No,No,Yes,Yes,One year,No,Electronic check,77.22,1606.11,No
6340-UWTEV,Male,0,Yes,No,52,Yes,Yes,Fiber optic,No,Yes,Yes,No,No,Yes,Two year,No,Electronic check,96.76,5164.03,No
3091-YXSQB,Female,0,No,Yes,39,Yes,No,Fiber optic,No,Yes,Yes,Yes,No,No,Two year,No,Mailed check,87.66,3428.1,No
9941-HFCPQ,Female,0,No,No,2,No,No phone service,No,No internet service,No internet service,No internet service,No internet service,No internet service,No internet service,Month-to-month,Yes,Credit card (automatic),18.25,36.12,Yes
5835-KLEJY,Male,1,Yes,Yes,53,Yes,No,DSL,Yes,No,Yes,No,No,No,Two year,Yes,Bank transfer (automatic),58.3,3153.19,No
4012-VMPOE,Female,0,No,No,61,Yes,Yes,Fiber optic,Yes,Yes,No,No,Yes,Yes,Month-to-month,No,Bank transfer (automatic),108.61,6684.63,Yes
9232-FBQEY,Female,0,Yes,No,72,No,No phone service,DSL,No,Yes,No,No,No,No,One year,No,Mailed check,51.15,3783.54,No
6178-JOAVU,Male,1,No,Yes,23,Yes,No,Fiber optic,No,No,No,Yes,Yes,Yes,Two year,Yes,Bank transfer (automatic),98.72,2326.9,No
3560-BPBZS,Male,1,No,No,32,Yes,Yes,DSL,Yes,Yes,Yes,Yes,No,Yes,Two year,No,Bank transfer (automatic),92.47,2922.86,No
1497-PNQQC,Female,1,Yes,No,68,Yes,Yes,DSL,Yes,Yes,Yes,Yes,Yes,Yes,Month-to-month,No,Bank transfer (automatic),100.83,6514.65,No
5563-FITZD,Female,0,Yes,No,11,Yes,No,Fiber optic,No,No,Yes,No,No,No,Month-to-month,Yes,Credit card (automatic),74.39,854.12,Yes
7099-HXLAY,Female,0,Yes,No,6,Yes,Yes,Fiber optic,Yes,Yes,No,No,Yes,Yes,Month-to-month,Yes,Credit card (automatic),112.35,676.4,Yes
1063-JJFLQ,Male,0,No,No,3,Yes,No,DSL,No,Yes,No,No,Yes,Yes,Month-to-month,No,Mailed check,72.01,226.65,No
5270-VGVWS,Female,0,No,No,72,Yes,Yes,DSL,No,No,Yes,Yes,No,Yes,Two year,Yes,Credit card (automatic),78.13,5390.41,No
1933-OBCQY,Female,0,Yes,Yes,11,Yes,No,No,No internet service,No internet service,No internet service,No internet service,No internet service,No internet service,Month-to-month,Yes,Electronic check,27.8,313.64,Yes
4553-RMIWS,Male,0,No,No,58,Yes,Yes,DSL,No,Yes,No,No,Yes,No,Month-to-month,Yes,Bank transfer (automatic),77.51,4512.71,No
8790-FZDHS,Female,0,Yes,Yes,27,Yes,No,No,No internet service,No internet service,No internet service,No internet service,No internet service,No internet service,One year,No,Electronic check,24.69,636.15,No
8612-KCDJG,Male,1,Yes,No,10,Yes,No,Fiber optic,No,Yes,No,No,Yes,Yes,Month-to-month,Yes,Electronic check,96.15,949.91,Yes
3038-MROLO,Male,1,No,No,70,Yes,No,DSL,Yes,Yes,No,Yes,Yes,No,Two year,No,Credit card (automatic),76.99,5655.93,No
2299-RYTYU,Male,0,Yes,No,28,Yes,No,No,No internet service,No internet service,No internet service,No internet service,No internet service,No internet service,Month-to-month,Yes,Mailed check,21.38,620.48,Yes
3940-VBGIE,Female,0,Yes,No,39,Yes,Yes,Fiber optic,Yes,Yes,No,No,No,Yes,Month-to-month,Yes,Mailed check,99.65,4068.34,Yes
1018-BLQJB,Female,0,No,No,8,Yes,No,DSL,No,Yes,No,No,Yes,No,Month-to-month,Yes,Electronic check,64.84,502.04,No
8011-NJCYC,Female,0,Yes,No,16,Yes,No,DSL,Yes,Yes,Yes,No,No,No,Month-to-month,Yes,Bank transfer (automatic),67.81,1124.66,Yes
2151-CBXWI,Female,0,Yes,No,57,Yes,No,DSL,Yes,No,No,Yes,No,Yes,Two year,Yes,Electronic check,67.57,3937.82,No
6627-HWHJJ,Male,1,Yes,No,17,No,No phone service,DSL,No,No,No,Yes,Yes,Yes,Two year,No,Mailed check,67.3,1142.06,No
3990-HVICV,Female,0,No,No,33,Yes,No,DSL,No,No,No,Yes,Yes,Yes,Month-to-month,No,Mailed check,75.23,2524.89,No
6966-YPHST,Female,0,No,No,3,Yes,No,Fiber optic,No,No,No,Yes,Yes,Yes,Month-to-month,No,Electronic check,96.15,293.55,Yes
5848-RHWMJ,Female,0,Yes,Yes,66,Yes,Yes,Fiber optic,No,Yes,Yes,Yes,No,No,One year,No,Bank transfer (automatic),91.56,5800.86,No
1227-OJYPM,Male,0,No,No,56,Yes,No,Fiber optic,No,No,No,Yes,No,Yes,Two year,Yes,Credit card (automatic),84.7,4910.84,No
9056-WOKYV,Female,0,No,Yes,58,Yes,No,DSL,No,No,Yes,No,No,Yes,Month-to-month,Yes,Credit card (automatic),61.87,3754.61,No
6826-DQRQS,Male,0,No,No,6,Yes,Yes,DSL,Yes,Yes,Yes,Yes,Yes,No,Month-to-month,No,Mailed check,88.77,553.24,Yes
7988-KCAFR,Female,1,No,No,31,Yes,Yes,DSL,No,No,No,No,No,Yes,One year,No,Mailed check,70.92,2300.11,No
6966-BNMDN,Female,0,Yes,Yes,1,Yes,No,Fiber optic,No,No,Yes,No,Yes,Yes,Month-to-month,Yes,Mailed check,98.57,100.71,Yes
1567-CLEVQ,Female,1,Yes,No,15,No,No phone service,No,No internet service,No internet service,No internet service,No internet service,No internet service,No internet service,Month-to-month,Yes,Credit card (automatic),19.9,283.96,No
8812-ODEOQ,Male,0,No,Yes,18,Yes,No,DSL,Yes,No,No,No,Yes,No,Two year,No,Bank transfer (automatic),62.99,1083.94,No
4885-BYIUA,Male,1,Yes,Yes,70,Yes,No,DSL,No,No,No,No,No,No,Month-to-month,Yes,Mailed check,52.31,3810.57,No
5044-QOZLJ,Male,0,Yes,No,72,Yes,Yes,No,No internet service,No internet service,No internet service,No internet service,No internet service,No internet service,Two year,Yes,Bank transfer (automatic),33.01,2348.71,No
3945-CMQCJ,Female,0,Yes,Yes,44,No,No phone service,Fiber optic,No,Yes,Yes,No,No,Yes,Month-to-month,No,Mailed check,88.3,3865.55,Yes
7049-BCHXO,Female,0,No,No,34,Yes,Yes,No,No internet service,No internet service,No internet service,No internet service,No internet service,No internet service,Month-to-month,Yes,Bank transfer (automatic),32.93,1159.25,No
9705-DTXRK,Female,0,Yes,No,26,Yes,No,Fiber optic,No,Yes,Yes,No,Yes,Yes,One year,Yes,Credit card (automatic),100.29,2664.77,No
6634-ILWNA,Male,0,Yes,No,1,Yes,Yes,Fiber optic,No,No,Yes,No,Yes,Yes,Month-to-month,Yes,Electronic check,103.94,105.57,Yes
2024-YYHES,Male,1,Yes,Yes,62,Yes,No,No,No internet service,No internet service,No internet service,No internet service,No internet service,No internet service,Month-to-month,No,Mailed check,22.86,1400.08,No
5590-CWHGR,Male,0,No,No,50,Yes,Yes,Fiber optic,No,No,Yes,Yes,No,No,One year,Yes,Bank transfer (automatic),93.64,4895.35,No
3250-NXLGK,Male,1,No,No,48,Yes,No,Fiber optic,No,Yes,Yes,Yes,No,Yes,One year,No,Mailed check,96.26,4789.1,No
2353-XKYBE,Female,0,Yes,Yes,62,No,No phone service,DSL,No,No,No,Yes,Yes,No,Month-to-month,Yes,Mailed check,58.69,3636.24,No
8764-GDLZQ,Female,0,No,No,71,Yes,No,Fiber optic,Yes,Yes,Yes,Yes,No,Yes,Two year,Yes,Credit card (automatic),100.98,7238.02,No
2455-JMDIN,Female,0,No,No,21,Yes,No,Fiber optic,No,No,Yes,No,No,Yes,Month-to-month,Yes,Bank transfer (automatic),81.43,1720.74,No
4549-POHTE,Male,1,No,No,24,Yes,Yes,Fiber optic,Yes,No,Yes,Yes,Yes,No,Two year,No,Mailed check,103.36,2473.22,No
3882-GGDWE,Male,0,Yes,No,72,Yes,Yes,Fiber optic,No,No,Yes,No,No,Yes,Two year,No,Electronic check,92.75,6420.34,No
3297-UXIPL,Male,0,No,No,49,Yes,No,Fiber optic,No,No,Yes,No,No,No,Two year,Yes,Bank transfer (automatic),73.79,3787.35,No
9690-SUEYT,Female,1,No,No,66,Yes,Yes,DSL,No,No,No,No,Yes,No,Two year,No,Mailed check,69.79,4686.94,No
9709-FINZK,Female,0,Yes,No,8,Yes,Yes,No,No internet service,No internet service,No internet service,No internet service,No internet service,No internet service,Month-to-month,Yes,Credit card (automatic),32.83,269.65,No
4411-ZUWYR,Male,0,Yes,Yes,15,Yes,Yes,Fiber optic,No,No,No,No,Yes,No,Month-to-month,Yes,Electronic check,90.34,1308.89,Yes
6092-GZZXL,Male,0,Yes,No,21,Yes,Yes,No,No internet service,No internet service,No internet service,No internet service,No internet service,No internet service,Two year,No,Bank transfer (automatic),37.53,751.45,No
5827-QIURB,Female,0,No,No,15,Yes,Yes,DSL,Yes,No,Yes,Yes,No,Yes,Two year,Yes,Bank transfer (automatic),83.98,1286.8,No
6814-ICZWL,Female,0,No,No,69,Yes,Yes,Fiber optic,No,Yes,Yes,No,Yes,Yes,Two year,No,Electronic check,113.39,8213.99,No
8916-ROUXZ,Male,1,Yes,Yes,33,Yes,No,Fiber optic,No,Yes,Yes,No,No,No,One year,No,Mailed check,80.42,2711.31,No
6052-WVJYM,Female,1,Yes,Yes,71,Yes,No,DSL,Yes,No,No,Yes,No,Yes,One year,No,Electronic check,66.47,4771.94,No
2222-OUVTR,Male,0,No,No,15,Yes,Yes,Fiber optic,No,Yes,No,Yes,Yes,No,Month-to-month,Yes,Mailed check,98.39,1413.74,No
5996-MBJZF,Female,0,No,No,1,Yes,No,DSL,Yes,No,No,No,No,No,Month-to-month,No,Bank transfer (automatic),54.93,53.89,No
8873-GNDES,Male,0,No,No,3,Yes,Yes,DSL,No,Yes,No,No,No,Yes,Month-to-month,No,Bank transfer (automatic),73.35,209.44,Yes
5694-ULPNW,Male,0,No,No,8,Yes,Yes,DSL,No,Yes,No,No,Yes,No,Month-to-month,Yes,Mailed check,74.1,587.01,Yes
7171-ZKIGV,Male,0,Yes,Yes,47,Yes,No,DSL,No,Yes,Yes,Yes,No,No,Two year,Yes,Credit card (automatic),66.64,3086.77,No
4576-OPNHH,Male,0,Yes,No,6,Yes,No,Fiber optic,No,Yes,Yes,Yes,Yes,Yes,Month-to-month,Yes,Bank transfer (automatic),107.39,634.43,Yes
5909-DAASP,Female,0,No,No,20,Yes,Yes,No,No internet service,No internet service,No internet service,No internet service,No internet service,No internet service,One year,No,Bank transfer (automatic),33.04,631.31,No
1084-FNPCI,Female,0,Yes,Yes,61,Yes,Yes,Fiber optic,Yes,No,No,No,No,No,One year,Yes,Electronic check,86.37,5351.96,No
9555-XEVJN,Male,0,Yes,Yes,3,Yes,Yes,DSL,No,Yes,Yes,Yes,No,No,Month-to-month,No,Mailed check,72.1,225.32,Yes
9963-RXPWJ,Female,1,Yes,Yes,2,Yes,Yes,DSL,No,Yes,Yes,Yes,No,No,Month-to-month,Yes,Electronic check,72.97,142.85,Yes
7307-YDWUU,Male,0,No,No,36,Yes,No,Fiber optic,No,Yes,No,No,No,Yes,Two year,No,Electronic check,82.0,2831.39,No
3672-KPLOW,Male,0,Yes,No,52,Yes,Yes,DSL,No,No,No,Yes,Yes,Yes,Two year,Yes,Electronic check,87.01,4694.69,No
6267-WKULC,Female,0,Yes,No,70,Yes,Yes,Fiber optic,No,Yes,No,No,Yes,Yes,Two year,No,Mailed check,102.27,7443.21,No
9418-SJHPP,Female,0,No,No,49,Yes,No,No,No internet service,No internet service,No internet service,No internet service,No internet service,No internet service,One year,No,Mailed check,26.06,1290.89,No
5634-XYQSM,Male,0,No,No,71,Yes,No,Fiber optic,No,No,Yes,Yes,No,Yes,Two year,Yes,Electronic check,92.33,6463.86,No
6909-FGHDL,Male,0,No,No,10,Yes,Yes,Fiber optic,No,No,No,Yes,No,Yes,One year,No,Electronic check,96.4,966.34,Yes
9172-ALTTU,Female,0,No,No,17,No,No phone service,DSL,No,No,No,No,No,No,Month-to-month,Yes,Mailed check,45.05,785.61,No
1909-TMCZZ,Male,0,Yes,No,65,No,No phone service,Fiber optic,No,No,Yes,Yes,Yes,No,Two year,Yes,Electronic check,85.44,5418.05,No
9335-EPXLF,Female,1,Yes,Yes,63,Yes,Yes,DSL,Yes,No,Yes,No,Yes,No,One year,Yes,Electronic check,80.86,5228.31,No
2353-PHFLX,Female,0,No,No,49,Yes,No,Fiber optic,No,Yes,Yes,Yes,Yes,Yes,Two year,Yes,Credit card (automatic),104.77,5031.84,No
9530-IGMLC,Male,0,No,No,33,Yes,No,DSL,No,Yes,No,Yes,No,No,Month-to-month,Yes,Mailed check,59.96,1959.44,Yes
6156-KIEYA,Male,0,No,No,1,No,No phone service,DSL,No,No,No,Yes,Yes,Yes,Month-to-month,No,Mailed check,71.85,70.15,Yes
8421-RUUIR,Female,0,Yes,Yes,12,Yes,No,No,No internet service,No internet service,No internet service,No internet service,No internet service,No internet service,Month-to-month,No,Electronic check,25.17,293.93,No
2131-RMEVL,Male,0,Yes,Yes,4,No,No phone service,No,No internet service,No internet service,No internet service,No internet service,No internet service,No internet service,Month-to-month,Yes,Mailed check,20.31,84.36,Yes
5674-SDGWL,Male,1,No,No,2,Yes,No,DSL,Yes,Yes,Yes,No,No,Yes,Month-to-month,Yes,Mailed check,76.19,150.41,No
7472-FFYEY,Female,0,No,No,59,No,No phone service,DSL,Yes,No,Yes,No,Yes,No,Month-to-month,Yes,Electronic check,66.41,3813.73,No
2059-FCWFC,Female,0,No,No,3,Yes,Yes,Fiber optic,Yes,No,No,No,No,Yes,Month-to-month,Yes,Mailed check,94.88,274.85,Yes
3349-PQKBX,Male,0,No,Yes,18,Yes,Yes,No,No internet service,No internet service,No internet service,No internet service,No internet service,No internet service,Month-to-month,No,Credit card (automatic),32.75,612.73,Yes
2082-QDSVY,Female,0,No,No,72,Yes,Yes,Fiber optic,No,Yes,Yes,Yes,Yes,No,Month-to-month,Yes,Mailed check,107.95,8045.99,No
9515-WCKLI,Female,0,No,Yes,23,Yes,No,No,No internet service,No internet service,No internet service,No internet service,No internet service,No internet service,One year,Yes,Mailed check,26.58,628.92,Yes
4159-SWEEC,Male,0,No,No,3,Yes,Yes,Fiber optic,Yes,No,No,No,Yes,No,Month-to-month,No,Electronic check,92.9,270.73,Yes
8778-WEOIB,Male,0,Yes,Yes,51,Yes,Yes,DSL,Yes,No,Yes,Yes,No,No,One year,Yes,Bank transfer (automatic),72.33,3759.4,No
2364-URWXJ,Female,0,No,Yes,62,Yes,Yes,No,No internet service,No internet service,No internet service,No internet service,No internet service,No internet service,One year,No,Electronic check,33.81,2087.18,No
7601-LQGVH,Male,0,No,No,12,Yes,No,Fiber optic,No,Yes,Yes,No,Yes,No,Month-to-month,Yes,Electronic check,90.17,1066.0,Yes
1526-ISZTV,Male,0,No,No,62,Yes,Yes,DSL,No,Yes,Yes,No,No,No,Month-to-month,No,Mailed check,73.69,4747.55,No
6217-SGGJQ,Female,0,No,No,11,Yes,Yes,Fiber optic,No,Yes,No,Yes,Yes,Yes,Month-to-month,Yes,Bank transfer (automatic),113.61,1285.02,No
1501-UQOFP,Female,0,Yes,Yes,52,No,No phone service,DSL,Yes,Yes,No,No,No,Yes,One year,Yes,Bank transfer (automatic),64.39,3423.15,No
4356-DQCMI,Female,0,Yes,No,3,Yes,No,DSL,No,No,Yes,No,Yes,Yes,One year,No,Credit card (automatic),72.99,209.04,No
5883-KULPR,Female,0,Yes,No,24,Yes,Yes,No,No internet service,No internet service,No internet service,No internet service,No internet service,No internet service,One year,No,Credit card (automatic),36.47,870.58,No
6515-TDJUB,Male,0,Yes,No,34,Yes,No,DSL,Yes,No,Yes,No,Yes,No,One year,Yes,Electronic check,69.44,2257.4,Yes
8479-AZDOT,Male,0,Yes,No,55,Yes,No,Fiber optic,No,Yes,No,No,Yes,Yes,Two year,No,Credit card (automatic),91.15,5156.46,No
5864-MKDDO,Female,0,No,No,48,Yes,No,Fiber optic,No,Yes,No,No,Yes,No,One year,No,Electronic check,81.77,3774.42,No
6452-ZVUDX,Female,0,Yes,No,66,Yes,No,No,No internet service,No internet service,No internet service,No internet service,No internet service,No internet service,Two year,Yes,Bank transfer (automatic),24.13,1524.9,No
5795-PDFOV,Female,0,Yes,Yes,6,Yes,No,Fiber optic,No,No,No,No,No,Yes,Month-to-month,No,Electronic check,81.22,499.45,Yes
3454-XECLH,Male,0,No,No,49,Yes,No,Fiber optic,No,No,Yes,No,Yes,No,Month-to-month,No,Electronic check,81.68,4158.86,Yes
7590-EASJY,Female,0,Yes,Yes,3,Yes,Yes,DSL,No,No,Yes,Yes,No,No,Month-to-month,No,Electronic check,72.99,208.55,Yes
2558-JEWOR,Male,0,No,No,30,Yes,Yes,Fiber optic,No,Yes,Yes,No,No,No,Month-to-month,Yes,Electronic check,90.98,2707.76,No
6141-UVUHQ,Male,0,Yes,No,35,No,No phone service,DSL,No,No,Yes,No,Yes,No,Month-to-month,Yes,Mailed check,57.96,2049.33,Yes
8325-PRWZQ,Male,1,No,No,1,Yes,No,No,No internet service,No internet service,No internet service,No internet service,No internet service,No internet service,Month-to-month,Yes,Electronic check,25.65,25.51,Yes
5654-KLIMO,Male,0,Yes,No,2,Yes,No,DSL,No,No,Yes,Yes,Yes,Yes,Month-to-month,Yes,Electronic check,82.24,168.76,No
5297-ZUJJC,Female,1,No,No,65,No,No phone service,DSL,No,Yes,Yes,No,No,No,One year,Yes,Electronic check,54.83,3387.75,Yes
5675-ESNRY,Male,0,No,No,13,Yes,No,Fiber optic,No,Yes,Yes,No,No,No,Month-to-month,No,Electronic check,78.69,1036.38,Yes
4135-FUGKI,Male,0,No,No,18,Yes,Yes,Fiber optic,No,Yes,No,No,No,Yes,Month-to-month,Yes,Mailed check,98.28,1764.78,Yes
8257-EVSJG,Male,0,Yes,No,47,No,No phone service,Fiber optic,No,Yes,No,No,No,Yes,One year,Yes,Credit card (automatic),79.65,3880.77,No
2054-JRKGN,Female,1,Yes,No,8,No,No phone service,Fiber optic,No,Yes,No,No,No,No,Month-to-month,No,Bank transfer (automatic),70.49,540.25,Yes
1531-PJBKJ,Female,0,No,No,7,Yes,No,No,No internet service,No internet service,No internet service,No internet service,No internet service,No internet service,Month-to-month,Yes,Electronic check,27.36,185.02,Yes
5612-JAVFM,Female,0,Yes,Yes,24,Yes,Yes,No,No internet service,No internet service,No internet service,No internet service,No internet service,No internet service,Month-to-month,Yes,Credit card (automatic),34.79,802.91,No
7985-JTYVC,Male,0,Yes,Yes,2,Yes,No,Fiber optic,No,No,No,No,No,Yes,Month-to-month,Yes,Electronic check,77.17,151.23,Yes
1233-PWMHI,Female,0,No,No,70,Yes,Yes,DSL,No,No,Yes,Yes,No,Yes,One year,Yes,Credit card (automatic),80.99,5761.58,No
6496-AVLGD,Male,0,Yes,No,71,Yes,Yes,DSL,Yes,No,No,No,No,No,One year,Yes,Bank transfer (automatic),62.01,4245.67,No
2523-VGLDJ,Male,0,Yes,Yes,27,Yes,No,Fiber optic,Yes,Yes,Yes,No,Yes,No,Month-to-month,Yes,Electronic check,93.58,2490.33,No
2976-LDCFZ,Female,1,Yes,Yes,8,Yes,Yes,DSL,No,Yes,No,No,No,No,Month-to-month,Yes,Electronic check,61.91,497.93,Yes
6992-OZLRF,Male,0,Yes,Yes,29,Yes,No,No,No internet service,No internet service,No internet service,No internet service,No internet service,No internet service,Month-to-month,No,Electronic check,28.39,797.03,No
6850-CQCMY,Male,0,Yes,Yes,3,Yes,No,Fiber optic,No,No,No,No,No,No,Month-to-month,Yes,Credit card (automatic),66.58,206.79,Yes
5437-ETJLO,Male,0,Yes,No,22,Yes,Yes,Fiber optic,No,Yes,No,Yes,No,Yes,Month-to-month,Yes,Bank transfer (automatic),100.64,2123.66,Yes
5607-RMLQD,Male,0,No,No,2,Yes,Yes,DSL,No,Yes,No,Yes,Yes,No,Month-to-month,Yes,Credit card (automatic),83.77,162.55,Yes
4792-CESLG,Male,0,No,No,53,Yes,No,Fiber optic,No,No,Yes,Yes,No,Yes,Two year,No,Electronic check,88.48,4879.63,No
1443-SUXRU,Male,0,Yes,No,12,Yes,Yes,DSL,No,No,Yes,Yes,Yes,No,Month-to-month,Yes,Electronic check,81.68,996.19,Yes
3280-FFKYT,Male,0,No,Yes,34,Yes,No,Fiber optic,No,Yes,Yes,Yes,Yes,Yes,Month-to-month,Yes,Mailed check,105.33,3638.36,No
7532-POIVW,Female,0,No,Yes,1,Yes,Yes,DSL,No,No,Yes,Yes,Yes,Yes,Month-to-month,No,Electronic check,88.15,90.98,Yes
3667-YODXD,Female,1,No,No,35,Yes,No,DSL,Yes,No,No,No,No,Yes,Month-to-month,Yes,Mailed check,67.28,2369.71,Yes
8629-WYHUP,Female,0,No,No,1,Yes,No,Fiber optic,Yes,No,No,Yes,No,Yes,One year,Yes,Mailed check,86.27,89.2,No
7270-HAMRR,Female,0,Yes,Yes,71,Yes,No,Fiber optic,No,Yes,No,No,Yes,No,Month-to-month,Yes,Credit card (automatic),83.04,6133.64,No
7805-UAEMU,Female,0,No,Yes,32,Yes,No,DSL,No,Yes,No,No,Yes,Yes,One year,Yes,Bank transfer (automatic),71.82,2409.45,Yes
8313-VDUUS,Male,0,No,No,3,Yes,No,Fiber optic,Yes,Yes,No,No,No,No,Month-to-month,No,Bank transfer (automatic),82.55,258.67,Yes
2194-TGRDQ,Male,0,Yes,Yes,17,Yes,Yes,Fiber optic,No,No,No,No,Yes,No,Month-to-month,No,Electronic check,89.26,1549.35,Yes
5503-BKBWE,Female,0,No,No,1,Yes,No,Fiber optic,No,No,Yes,No,Yes,Yes,Month-to-month,No,Electronic check,91.69,88.45,Yes
1294-CIHRU,Male,0,No,No,35,Yes,No,Fiber optic,No,Yes,No,Yes,No,No,Month-to-month,No,Credit card (automatic),83.76,2981.73,Yes
5864-DSEEU,Male,1,Yes,Yes,3,Yes,No,Fiber optic,Yes,Yes,No,Yes,Yes,No,Month-to-month,No,Mailed check,94.23,272.6,Yes
3693-LLTKZ,Male,0,Yes,No,29,Yes,Yes,No,No internet service,No internet service,No internet service,No internet service,No internet service,No internet service,Month-to-month,No,Electronic check,31.55,894.55,Yes
8594-GQTXR,Female,0,No,No,14,No,No phone service,Fiber optic,No,No,Yes,No,No,Yes,Month-to-month,Yes,Bank transfer (automatic),79.01,1056.51,Yes
3921-YVTPQ,Female,1,No,No,58,No,No phone service,DSL,Yes,No,No,Yes,Yes,Yes,One year,No,Electronic check,73.92,4250.56,No
7037-NAEUG,Male,0,No,No,30,Yes,No,DSL,No,Yes,Yes,Yes,No,No,Two year,Yes,Mailed check,62.05,1908.58,No
7907-ADDGH,Female,0,No,No,66,Yes,No,DSL,No,No,No,Yes,Yes,No,One year,Yes,Mailed check,66.77,4265.95,No
8383-HVYJQ,Female,1,Yes,Yes,71,Yes,No,Fiber optic,No,No,No,Yes,No,Yes,Two year,No,Credit card (automatic),87.77,6040.86,No
4759-UJRCL,Male,0,Yes,Yes,72,Yes,No,Fiber optic,No,No,Yes,No,Yes,No,One year,No,Bank transfer (automatic),87.57,6399.25,No
2929-WSQXM,Male,0,No,No,11,Yes,No,No,No internet service,No internet service,No internet service,No internet service,No internet service,No internet service,One year,Yes,Credit card (automatic),23.3,250.49,Yes
4534-IESXE,Male,0,No,No,59,Yes,No,Fiber optic,Yes,No,No,Yes,Yes,No,One year,No,Credit card (automatic),87.1,5102.81,No
4876-HJQZI,Female,0,No,No,25,Yes,No,Fiber optic,Yes,No,No,No,Yes,Yes,One year,Yes,Electronic check,98.24,2403.64,Yes
5060-MUZUE,Male,1,No,No,24,Yes,Yes,No,No internet service,No internet service,No internet service,No internet service,No internet service,No internet service,One year,Yes,Electronic check,33.96,808.38,No
6985-KAMER,Male,1,No,No,68,Yes,No,DSL,Yes,No,No,Yes,Yes,Yes,One year,Yes,Credit card (automatic),82.0,5479.14,No
8812-EZNRZ,Male,0,Yes,Yes,4,Yes,No,DSL,No,Yes,No,Yes,No,No,Month-to-month,No,Electronic check,58.16,242.7,Yes
8595-ICOLZ,Female,1,Yes,No,30,Yes,No,DSL,Yes,Yes,Yes,No,Yes,No,Month-to-month,Yes,Bank transfer (automatic),74.12,2208.06,Yes
2773-TJIJF,Female,0,Yes,No,42,Yes,No,No,No internet service,No internet service,No internet service,No internet service,No internet service,No internet service,Two year,Yes,Mailed check,22.87,1003.55,No
9233-UGEQR,Male,0,Yes,Yes,2,Yes,Yes,DSL,No,Yes,No,No,Yes,No,Month-to-month,Yes,Bank transfer (automatic),74.58,148.24,Yes
4957-PMCCX,Female,1,No,No,68,Yes,Yes,No,No internet service,No internet service,No internet service,No internet service,No internet service,No internet service,Two year,No,Electronic check,31.27,2060.51,No
7558-KJXYL,Male,1,Yes,Yes,15,Yes,No,Fiber optic,No,No,No,No,No,Yes,Month-to-month,Yes,Bank transfer (automatic),78.42,1228.37,Yes
1583-UPSPR,Male,0,No,No,48,Yes,Yes,Fiber optic,No,No,Yes,Yes,Yes,No,One year,Yes,Mailed check,96.77,4559.15,No
3511-EPASE,Female,0,No,No,71,Yes,Yes,DSL,No,No,Yes,No,Yes,No,One year,Yes,Mailed check,76.02,5364.05,No
9865-BDTTQ,Female,0,No,Yes,54,Yes,No,Fiber optic,Yes,No,No,No,No,Yes,Two year,Yes,Bank transfer (automatic),81.78,4298.24,No
2039-OCAMV,Male,0,Yes,No,69,Yes,No,Fiber optic,Yes,No,No,No,No,Yes,Two year,No,Bank transfer (automatic),84.97,5989.36,No
8617-DZWNM,Male,0,Yes,Yes,2,Yes,Yes,Fiber optic,No,No,No,No,Yes,Yes,Month-to-month,No,Bank transfer (automatic),102.08,211.78,Yes
9508-CFIFI,Female,0,No,No,31,Yes,Yes,No,No internet service,No internet service,No internet service,No internet service,No internet service,No internet service,Month-to-month,Yes,Bank transfer (automatic),33.18,986.78,No
2230-UNTGU,Female,0,No,No,39,Yes,Yes,DSL,Yes,No,No,Yes,No,Yes,Month-to-month,Yes,Credit card (automatic),78.62,2993.31,No
2639-DCCJX,Female,0,No,Yes,51,Yes,Yes,DSL,No,No,No,Yes,No,No,Two year,Yes,Electronic check,65.87,3507.2,No
8462-SMZLL,Female,0,No,No,3,Yes,Yes,Fiber optic,No,No,No,No,Yes,Yes,Month-to-month,Yes,Electronic check,97.13,291.51,Yes
8750-GRWBT,Female,0,Yes,No,48,Yes,No,Fiber optic,No,No,Yes,Yes,Yes,No,One year,No,Credit card (automatic),88.33,4418.52,No
9736-HJZJR,Female,1,Yes,Yes,4,Yes,Yes,Fiber optic,Yes,No,Yes,Yes,Yes,No,Month-to-month,Yes,Electronic check,107.93,438.1,Yes
1559-YHMUA,Female,0,No,No,2,Yes,Yes,No,No internet service,No internet service,No internet service,No internet service,No internet service,No internet service,One year,Yes,Electronic check,37.31,77.36,Yes
2629-PWJRF,Female,0,Yes,Yes,29,Yes,No,No,No internet service,No internet service,No internet service,No internet service,No internet service,No internet service,Month-to-month,Yes,Credit card (automatic),22.95,677.97,No
7785-KUCIH,Male,0,No,No,43,Yes,Yes,Fiber optic,No,Yes,Yes,No,Yes,Yes,One year,Yes,Mailed check,111.66,4603.94,Yes
5648-VONXG,Male,0,No,No,71,Yes,Yes,Fiber optic,Yes,No,No,No,Yes,No,Two year,No,Credit card (automatic),92.15,6689.44,No
6447-GZIXY,Male,0,Yes,Yes,52,No,No phone service,DSL,No,No,No,Yes,No,No,Two year,Yes,Credit card (automatic),49.41,2542.21,Yes
1663-OVXIT,Female,0,Yes,Yes,42,Yes,No,Fiber optic,No,No,No,No,No,No,One year,Yes,Credit card (automatic),67.1,2701.09,No
8018-XZHJL,Male,0,No,No,8,Yes,Yes,DSL,No,No,Yes,No,No,No,Month-to-month,Yes,Electronic check,64.54,533.25,Yes
5894-LMHXP,Male,0,No,No,4,Yes,Yes,Fiber optic,No,No,No,No,Yes,Yes,Month-to-month,Yes,Electronic check,96.49,403.76,Yes
6588-VNAMH,Male,0,No,No,43,Yes,No,No,No internet service,No internet service,No internet service,No internet service,No internet service,No internet service,Month-to-month,Yes,Credit card (automatic),27.93,1227.83,No
8495-VORMY,Male,0,Yes,No,8,Yes,No,Fiber optic,No,Yes,No,No,No,Yes,Month-to-month,Yes,Bank transfer (automatic),86.48,663.61,No
4453-TXRQS,Female,0,Yes,No,53,Yes,Yes,Fiber optic,No,Yes,Yes,Yes,No,No,Month-to-month,No,Mailed check,93.93,4896.79,Yes
2125-VZHFF,Male,1,No,No,3,Yes,No,No,No internet service,No internet service,No internet service,No internet service,No internet service,No internet service,One year,Yes,Mailed check,24.13,71.42,No
9107-BCRAT,Male,1,Yes,No,17,Yes,No,No,No internet service,No internet service,No internet service,No internet service,No internet service,No internet service,Two year,Yes,Electronic check,28.33,499.77,Yes
2200-JZGPA,Female,1,No,No,59,Yes,No,DSL,No,Yes,Yes,No,No,Yes,Two year,Yes,Mailed check,73.42,4373.28,No
2308-RBAOE,Female,0,Yes,Yes,64,Yes,Yes,No,No internet service,No internet service,No internet service,No internet service,No internet service,No internet service,One year,No,Mailed check,36.52,2266.0,No
1154-OEWSZ,Male,0,No,No,17,Yes,Yes,Fiber optic,Yes,No,No,Yes,No,Yes,One year,Yes,Bank transfer (automatic),99.87,1621.91,Yes
4841-XOPSA,Male,0,Yes,No,7,No,No phone service,Fiber optic,No,No,No,No,Yes,Yes,Month-to-month,Yes,Bank transfer (automatic),85.62,596.97,Yes
2473-YTLBJ,Female,0,No,No,71,No,No phone service,Fiber optic,No,Yes,Yes,No,No,Yes,Two year,Yes,Mailed check,84.17,6014.32,No
1548-IAQJH,Male,0,No,No,58,No,No phone service,DSL,Yes,No,Yes,No,No,Yes,Two year,Yes,Mailed check,62.13,3692.54,No
9240-JUUVB,Female,0,Yes,Yes,62,Yes,Yes,DSL,Yes,No,No,No,No,Yes,Two year,Yes,Mailed check,75.08,4778.69,No
1011-EBPEO,Male,0,Yes,No,8,Yes,No,DSL,No,No,Yes,No,No,No,Month-to-month,Yes,Electronic check,57.85,444.94,Yes
8564-RAPMJ,Male,0,No,No,24,Yes,Yes,No,No internet service,No internet service,No internet service,No internet service,No internet service,No internet service,Two year,No,Electronic check,32.89,817.01,No
8166-ARWKC,Male,0,Yes,Yes,2,Yes,No,DSL,No,No,No,Yes,Yes,No,Month-to-month,Yes,Credit card (automatic),64.77,125.61,Yes
7010-GWXEE,Male,1,No,No,3,Yes,No,Fiber optic,No,No,No,No,No,No,Month-to-month,Yes,Mailed check,68.41,205.65,Yes
2862-KNJSH,Female,0,Yes,Yes,8,Yes,No,DSL,No,No,Yes,No,No,No,Month-to-month,Yes,Bank transfer (automatic),54.38,414.92,No
3580-SUTRK,Female,0,Yes,Yes,14,Yes,Yes,DSL,No,No,No,Yes,No,No,One year,No,Bank transfer (automatic),61.0,819.2,No
7379-EVEMI,Female,0,No,No,72,Yes,No,DSL,No,Yes,No,No,No,No,Two year,Yes,Credit card (automatic),57.99,4226.99,No
9498-XNERJ,Female,0,No,No,24,Yes,No,Fiber optic,No,Yes,Yes,No,Yes,Yes,Month-to-month,No,Mailed check,103.05,2505.32,Yes
1333-XRRPT,Female,0,Yes,No,52,Yes,Yes,No,No internet service,No internet service,No internet service,No internet service,No internet service,No internet service,Two year,Yes,Credit card (automatic),36.14,1877.57,No
9611-QPSWK,Female,1,Yes,No,70,No,No phone service,DSL,No,No,Yes,Yes,Yes,No,One year,Yes,Credit card (automatic),64.91,4594.72,No
9182-UXZVO,Female,0,Yes,Yes,10,Yes,No,DSL,No,No,No,No,Yes,No,One year,Yes,Bank transfer (automatic),62.88,644.05,No
2067-FXTIZ,Male,0,Yes,Yes,4,Yes,No,Fiber optic,Yes,Yes,Yes,No,Yes,No,Month-to-month,Yes,Bank transfer (automatic),97.67,399.48,Yes
1781-HDGTS,Male,0,Yes,No,10,Yes,Yes,Fiber optic,Yes,Yes,No,No,No,No,Month-to-month,Yes,Credit card (automatic),87.55,895.53,Yes
8483-TXNVP,Female,0,No,No,69,Yes,Yes,Fiber optic,No,No,No,No,Yes,Yes,One year,Yes,Mailed check,102.75,6912.29,No
6210-GINZT,Female,0,Yes,No,49,Yes,Yes,DSL,Yes,No,Yes,No,No,No,Month-to-month,No,Mailed check,72.12,3612.35,No
8402-VCOCO,Female,0,Yes,Yes,27,Yes,No,Fiber optic,No,Yes,No,Yes,No,Yes,One year,Yes,Electronic check,86.05,2383.1,No
4185-ZOSAE,Female,0,No,No,63,No,No phone service,DSL,No,Yes,No,No,Yes,Yes,Two year,No,Electronic check,73.54,4619.64,No
9457-UXPPS,Male,1,Yes,Yes,9,Yes,No,Fiber optic,No,No,Yes,No,Yes,No,Month-to-month,Yes,Mailed check,82.3,736.86,Yes
8953-WFWDY,Female,0,No,No,9,Yes,No,DSL,No,Yes,Yes,Yes,Yes,Yes,One year,Yes,Credit card (automatic),85.14,728.97,No
2496-DBSUL,Female,0,No,No,39,Yes,Yes,DSL,No,No,No,No,No,No,One year,Yes,Mailed check,63.12,2555.3,No
9312-PUILX,Male,1,Yes,Yes,61,Yes,Yes,Fiber optic,No,No,No,Yes,No,Yes,Two year,Yes,Credit card (automatic),98.51,6035.95,No
2657-TBYRR,Female,0,No,No,11,Yes,Yes,Fiber optic,No,Yes,No,Yes,No,No,Month-to-month,Yes,Electronic check,87.84,969.93,No
5866-ECWMO,Female,0,No,No,8,Yes,Yes,DSL,No,No,Yes,No,Yes,Yes,Month-to-month,No,Mailed check,87.07,716.34,Yes
4723-TPCNA,Female,0,No,No,29,Yes,Yes,Fiber optic,No,Yes,No,Yes,Yes,No,Month-to-month,Yes,Electronic check,98.86,2870.78,Yes
7404-GADZD,Female,0,No,No,3,No,No phone service,No,No internet service,No internet service,No internet service,No internet service,No internet service,No internet service,Month-to-month,No,Bank transfer (automatic),19.57,58.34,No
3312-SBGVS,Male,1,No,No,57,Yes,Yes,Fiber optic,No,No,No,No,Yes,Yes,Two year,No,Credit card (automatic),101.59,5518.64,No
6588-DUWPY,Male,0,Yes,Yes,40,Yes,No,DSL,Yes,Yes,No,No,No,Yes,Month-to-month,Yes,Electronic check,72.57,2951.85,No
1815-LMPWZ,Female,0,Yes,No,33,Yes,Yes,DSL,No,Yes,No,No,No,Yes,Two year,Yes,Electronic check,75.44,2475.47,No
8114-JNPHA,Male,1,Yes,No,68,No,No phone service,No,No internet service,No internet service,No internet service,No internet service,No internet service,No internet service,One year,No,Bank transfer (automatic),21.54,1529.33,No
3127-XSUQD,Male,0,No,No,55,Yes,Yes,Fiber optic,No,Yes,Yes,No,Yes,No,One year,No,Mailed check,97.15,5527.96,No
5841-JPAPD,Male,0,No,No,4,Yes,Yes,DSL,No,No,Yes,Yes,Yes,Yes,Month-to-month,No,Bank transfer (automatic),89.95,344.5,Yes
2101-TBXHD,Female,0,Yes,Yes,24,Yes,Yes,Fiber optic,No,Yes,No,No,No,Yes,Month-to-month,Yes,Electronic check,97.57,2393.75,Yes
2790-FVWCM,Male,0,Yes,Yes,15,Yes,Yes,No,No internet service,No internet service,No internet service,No internet service,No internet service,No internet service,Month-to-month,Yes,Mailed check,37.82,575.56,Yes
9830-TUVRB,Male,0,No,No,62,Yes,Yes,Fiber optic,Yes,No,No,No,Yes,Yes,Month-to-month,Yes,Electronic check,106.66,6831.68,No
5439-UKPZQ,Female,1,Yes,Yes,54,Yes,No,DSL,Yes,No,No,Yes,Yes,No,Two year,No,Credit card (automatic),67.26,3805.75,No
7717-YCTLE,Female,0,Yes,No,29,Yes,No,DSL,No,No,Yes,Yes,No,Yes,One year,No,Electronic check,70.43,2037.12,No
3857-ATVOD,Female,1,Yes,No,64,Yes,No,No,No internet service,No internet service,No internet service,No internet service,No internet service,No internet service,One year,No,Electronic check,21.39,1403.92,No
1889-XKILC,Female,0,Yes,No,23,Yes,Yes,Fiber optic,No,Yes,No,Yes,No,No,Month-to-month,Yes,Bank transfer (automatic),93.24,2217.21,Yes
6914-BVBTL,Male,0,No,No,62,Yes,Yes,No,No internet service,No internet service,No internet service,No internet service,No internet service,No internet service,Month-to-month,Yes,Electronic check,32.46,2037.5,No
9484-LFNZW,Male,0,No,No,1,Yes,No,DSL,Yes,No,Yes,No,No,Yes,Month-to-month,No,Electronic check,68.69,66.37,Yes
4041-AXEXC,Male,0,Yes,No,3,Yes,Yes,No,No internet service,No internet service,No internet service,No internet service,No internet service,No internet service,Month-to-month,Yes,Electronic check,36.6,105.74,Yes
8510-NDZBL,Female,0,No,No,58,Yes,No,Fiber optic,No,No,Yes,No,No,Yes,Two year,No,Credit card (automatic),87.19,5165.8,No
6342-XOKRW,Male,0,Yes,No,3,Yes,Yes,No,No internet service,No internet service,No internet service,No internet service,No internet service,No internet service,Month-to-month,Yes,Bank transfer (automatic),34.61,108.78,No
1285-UTFVR,Female,0,No,No,51,Yes,No,Fiber optic,Yes,Yes,Yes,Yes,Yes,No,Month-to-month,Yes,Electronic check,99.59,4970.77,No
3533-ZINVH,Male,1,Yes,Yes,55,Yes,No,Fiber optic,No,Yes,No,No,Yes,No,Two year,Yes,Credit card (automatic),84.31,4816.96,Yes
7823-FUIMK,Male,0,No,No,49,Yes,Yes,Fiber optic,No,No,Yes,No,Yes,Yes,Two year,Yes,Credit card (automatic),105.19,5411.0,No
6887-DWZVN,Female,1,Yes,No,63,Yes,Yes,DSL,No,Yes,No,Yes,No,No,Two year,No,Electronic check,73.83,4554.87,No
7168-DJCIM,Female,1,Yes,Yes,33,No,No phone service,DSL,No,Yes,Yes,No,No,Yes,Month-to-month,Yes,Mailed check,67.16,2138.24,No
4527-CNQBO,Male,0,No,No,70,Yes,No,No,No internet service,No internet service,No internet service,No internet service,No internet service,No internet service,One year,Yes,Credit card (automatic),22.17,1526.31,No
1959-OXESF,Male,0,Yes,Yes,39,Yes,No,DSL,No,Yes,Yes,No,No,Yes,One year,Yes,Bank transfer (automatic),67.99,2655.46,No
6405-EVLFF,Male,0,No,No,33,Yes,Yes,Fiber optic,No,Yes,No,No,No,No,One year,Yes,Electronic check,88.66,2858.75,No
2427-NBLPC,Male,0,Yes,Yes,33,Yes,Yes,DSL,No,No,No,No,Yes,Yes,Month-to-month,Yes,Electronic check,79.8,2755.65,No
3933-TESVS,Female,1,Yes,No,70,Yes,No,Fiber optic,Yes,No,No,Yes,No,No,Month-to-month,Yes,Electronic check,81.88,5525.45,No
1781-IHZZQ,Male,0,No,No,10,Yes,No,Fiber optic,No,Yes,No,No,Yes,Yes,Month-to-month,Yes,Bank transfer (automatic),91.96,900.61,Yes
6024-PJSVC,Male,0,No,No,52,Yes,No,DSL,Yes,Yes,Yes,No,Yes,No,One year,No,Bank transfer (automatic),76.59,3900.81,No
6004-LEMFY,Female,0,Yes,Yes,10,Yes,Yes,Fiber optic,No,Yes,No,Yes,No,Yes,Month-to-month,Yes,Mailed check,96.63,970.72,Yes
6306-MQCWC,Female,1,Yes,Yes,2,Yes,No,Fiber optic,Yes,No,No,No,Yes,No,Month-to-month,No,Electronic check,87.15,176.81,Yes
2741-ICZMC,Male,0,No,No,71,Yes,No,Fiber optic,No,No,No,Yes,No,Yes,Two year,Yes,Credit card (automatic),84.67,5735.71,No
2140-XIVLL,Male,1,Yes,Yes,3,Yes,No,DSL,No,Yes,Yes,Yes,Yes,No,Month-to-month,No,Mailed check,76.92,241.03,Yes
4748-XGGWY,Male,0,No,No,51,Yes,Yes,Fiber optic,No,Yes,No,No,No,Yes,Two year,Yes,Mailed check,94.53,5013.5,No
4387-JPNYB,Male,0,No,No,24,Yes,Yes,DSL,Yes,Yes,Yes,Yes,No,No,Two year,Yes,Credit card (automatic),77.2,1944.34,No
6479-KRXJL,Female,1,No,No,65,Yes,Yes,Fiber optic,No,Yes,No,No,No,No,Two year,Yes,Bank transfer (automatic),81.74,5269.04,No
1394-EIKSB,Female,1,No,No,59,Yes,Yes,DSL,Yes,No,No,No,Yes,No,Two year,Yes,Electronic check,74.46,4174.15,No
7356-TPDPT,Male,0,No,No,4,Yes,No,DSL,No,Yes,No,No,Yes,Yes,Month-to-month,Yes,Electronic check,71.39,290.39,Yes
1575-DEPDH,Female,0,Yes,Yes,29,No,No phone service,No,No internet service,No internet service,No internet service,No internet service,No internet service,No internet service,Month-to-month,Yes,Credit card (automatic),21.46,599.3,No
8978-JMTPN,Male,0,Yes,Yes,1,Yes,Yes,No,No internet service,No internet service,No internet service,No internet service,No internet service,No internet service,Month-to-month,Yes,Mailed check,38.67,38.71,Yes
2254-IEGTB,Male,0,Yes,No,25,No,No phone service,Fiber optic,No,Yes,Yes,No,Yes,Yes,Month-to-month,Yes,Electronic check,98.42,2360.56,Yes
3237-WHMTC,Female,0,Yes,Yes,52,Yes,Yes,Fiber optic,No,No,No,No,No,Yes,Two year,Yes,Credit card (automatic),90.64,4758.68,No
4923-WPOQH,Male,0,Yes,Yes,9,Yes,No,No,No internet service,No internet service,No internet service,No internet service,No internet service,No internet service,Month-to-month,No,Credit card (automatic),25.57,240.48,Yes
4212-JHDOA,Male,0,No,No,62,Yes,No,DSL,No,Yes,Yes,Yes,Yes,Yes,Month-to-month,Yes,Credit card (automatic),85.53,5291.64,No
4045-FVFXH,Female,0,No,No,2,Yes,Yes,No,No internet service,No internet service,No internet service,No internet service,No internet service,No internet service,Month-to-month,Yes,Credit card (automatic),38.22,73.2,Yes
4958-YUEKK,Male,0,No,No,1,Yes,No,No,No internet service,No internet service,No internet service,No internet service,No internet service,No internet service,Month-to-month,Yes,Electronic check,21.39,20.36,Yes
6578-YZNYG,Male,0,No,No,1,Yes,No,No,No internet service,No internet service,No internet service,No internet service,No internet service,No internet service,Month-to-month,Yes,Electronic check,26.2,25.0,Yes
8329-MJHGM,Female,1,Yes,Yes,12,Yes,No,No,No internet service,No internet service,No internet service,No internet service,No internet service,No internet service,One year,No,Electronic check,24.72,284.98,No
6299-FUXAQ,Female,0,No,No,29,Yes,No,Fiber optic,No,No,No,No,Yes,No,One year,Yes,Bank transfer (automatic),83.57,2433.97,No
2525-COQMN,Female,0,No,No,3,Yes,Yes,No,No internet service,No internet service,No internet service,No internet service,No internet service,No internet service,Month-to-month,No,Electronic check,33.05,95.37,Yes
1325-YVBME,Male,0,No,No,72,Yes,Yes,No,No internet service,No internet service,No internet service,No internet service,No internet service,No internet service,One year,Yes,Mailed check,33.13,2327.46,No
7842-QVKFT,Male,0,Yes,Yes,72,Yes,No,DSL,Yes,Yes,No,No,No,Yes,Two year,Yes,Credit card (automatic),72.14,5092.25,No
1406-ZGYQB,Male,0,No,No,34,Yes,No,DSL,Yes,Yes,Yes,No,Yes,No,Two year,Yes,Electronic check,74.44,2414.75,No
2748-EWOEK,Female,0,No,No,39,No,No phone service,DSL,Yes,No,Yes,Yes,Yes,Yes,One year,Yes,Electronic check,78.87,3024.41,No
4009-LXVLS,Male,0,Yes,Yes,71,Yes,Yes,Fiber optic,No,No,Yes,No,No,Yes,Two year,No,Mailed check,93.44,6425.56,No
3048-ZNFEK,Female,1,Yes,Yes,59,Yes,Yes,No,No internet service,No internet service,No internet service,No internet service,No internet service,No internet service,Two year,No,Credit card (automatic),32.21,1824.86,No
3665-MPZNK,Male,0,No,No,5,Yes,No,Fiber optic,No,No,Yes,Yes,Yes,No,Month-to-month,No,Mailed check,87.21,455.05,No
2122-PDRQG,Male,0,No,No,61,Yes,No,DSL,Yes,No,Yes,No,No,No,Month-to-month,No,Mailed check,57.74,3587.57,No
7665-YNOGM,Male,1,No,No,9,Yes,No,Fiber optic,No,Yes,No,Yes,No,No,Two year,Yes,Electronic check,81.8,718.03,No
5899-GPZFF,Female,1,Yes,No,25,Yes,No,Fiber optic,No,No,No,Yes,Yes,No,Month-to-month,Yes,Bank transfer (automatic),85.8,2104.42,Yes
2853-RHIMH,Female,1,Yes,No,35,Yes,Yes,No,No internet service,No internet service,No internet service,No internet service,No internet service,No internet service,One year,Yes,Credit card (automatic),38.17,1335.16,No
9769-UOFEV,Female,0,Yes,Yes,54,Yes,Yes,No,No internet service,No internet service,No internet service,No internet service,No internet service,No internet service,One year,Yes,Bank transfer (automatic),35.4,1993.25,No
3798-TDYIV,Male,0,Yes,No,4,Yes,No,No,No internet service,No internet service,No internet service,No internet service,No internet service,No internet service,Month-to-month,Yes,Credit card (automatic),26.93,103.61,No
7443-MXLYP,Male,0,No,No,2,Yes,Yes,Fiber optic,Yes,No,No,No,No,Yes,Month-to-month,No,Credit card (automatic),93.55,190.27,Yes
2605-TDMHK,Male,0,No,Yes,68,Yes,Yes,No,No internet service,No internet service,No internet service,No internet service,No internet service,No internet service,One year,No,Credit card (automatic),37.65,2667.46,No
4754-SFJTC,Female,0,No,No,64,Yes,Yes,Fiber optic,No,Yes,Yes,No,No,Yes,One year,No,Electronic check,102.66,6632.24,No
7691-FXVFJ,Male,0,No,Yes,34,Yes,No,Fiber optic,No,No,No,Yes,Yes,No,Month-to-month,Yes,Mailed check,81.68,2873.31,Yes
5008-MAYOD,Male,0,Yes,Yes,49,Yes,No,Fiber optic,Yes,Yes,No,No,No,Yes,One year,Yes,Bank transfer (automatic),87.68,4362.28,No
8490-ICYBL,Male,0,Yes,Yes,54,Yes,Yes,Fiber optic,Yes,No,No,No,Yes,Yes,Two year,Yes,Bank transfer (automatic),108.19,5607.55,No
6333-DQSNJ,Male,0,Yes,No,30,Yes,Yes,Fiber optic,No,Yes,Yes,No,Yes,No,Month-to-month,No,Mailed check,98.16,2950.27,Yes
8841-NXXPE,Male,0,No,No,11,Yes,No,Fiber optic,Yes,No,No,No,Yes,Yes,Month-to-month,Yes,Bank transfer (automatic),95.02,996.76,No
6880-QZVMH,Male,0,Yes,Yes,30,No,No phone service,No,No internet service,No internet service,No internet service,No internet service,No internet service,No internet service,Month-to-month,No,Electronic check,23.39,702.78,No
6670-MKNSK,Male,0,No,No,71,Yes,No,No,No internet service,No internet service,No internet service,No internet service,No internet service,No internet service,Two year,Yes,Electronic check,27.33,1947.72,No
9788-VLMGW,Male,0,Yes,No,65,Yes,Yes,Fiber optic,Yes,No,No,No,No,No,Two year,No,Electronic check,88.54,5888.4,Yes
8589-OSEDQ,Female,0,Yes,No,28,Yes,No,DSL,Yes,No,Yes,Yes,Yes,No,One year,No,Electronic check,73.06,1951.05,No
1552-RLHHR,Female,0,Yes,Yes,9,Yes,Yes,DSL,Yes,No,Yes,No,No,No,Month-to-month,Yes,Electronic check,71.29,632.97,Yes
1975-YJENX,Male,1,Yes,No,70,No,No phone service,DSL,No,No,No,No,Yes,No,Month-to-month,Yes,Mailed check,54.17,3883.19,No
1912-SVPCO,Female,0,No,Yes,47,No,No phone service,DSL,Yes,No,No,No,No,Yes,One year,No,Bank transfer (automatic),57.88,2702.87,No
1105-BZDQQ,Male,0,No,No,22,Yes,No,No,No internet service,No internet service,No internet service,No internet service,No internet service,No internet service,One year,Yes,Bank transfer (automatic),25.11,572.41,No
2140-SNUOC,Male,0,Yes,No,3,Yes,Yes,DSL,Yes,No,Yes,No,Yes,No,Month-to-month,Yes,Mailed check,83.67,255.27,Yes
9741-WUACC,Female,1,No,No,57,Yes,Yes,No,No internet service,No internet service,No internet service,No internet service,No internet service,No internet service,One year,Yes,Electronic check,36.33,2101.21,No
6691-TVGDX,Female,0,No,No,15,Yes,Yes,Fiber optic,No,No,Yes,No,Yes,No,Month-to-month,Yes,Bank transfer (automatic),98.53,1457.37,Yes
5166-YBLPI,Female,0,No,No,43,Yes,Yes,No,No internet service,No internet service,No internet service,No internet service,No internet service,No internet service,Month-to-month,Yes,Credit card (automatic),32.3,1349.22,No
8632-KHAMU,Male,0,Yes,Yes,39,No,No phone service,No,No internet service,No internet service,No internet service,No internet service,No internet service,No internet service,Two year,No,Bank transfer (automatic),20.24,805.7,No
1992-QBHGO,Female,1,No,No,52,Yes,No,No,No internet service,No internet service,No internet service,No internet service,No internet service,No internet service,Month-to-month,Yes,Electronic check,25.32,1283.07,No
7611-IAZCU,Male,0,Yes,Yes,36,Yes,No,Fiber optic,No,Yes,No,No,No,No,One year,No,Electronic check,72.67,2715.57,No
3440-AWKGV,Male,0,Yes,No,46,Yes,No,Fiber optic,No,Yes,No,Yes,Yes,No,Month-to-month,Yes,Bank transfer (automatic),87.93,4218.25,Yes
5794-SFBNP,Male,0,Yes,Yes,2,Yes,No,No,No internet service,No internet service,No internet service,No internet service,No internet service,No internet service,Month-to-month,Yes,Bank transfer (automatic),28.46,57.89,Yes
2855-CSLPK,Male,0,No,No,49,Yes,Yes,DSL,No,Yes,No,Yes,Yes,Yes,Two year,Yes,Electronic check,89.66,4177.84,No
1027-PCPUM,Male,0,No,No,7,Yes,Yes,Fiber optic,No,No,No,No,No,No,Month-to-month,Yes,Electronic check,83.31,605.91,Yes
2499-TOUMV,Female,0,No,No,21,Yes,Yes,DSL,No,Yes,No,No,Yes,Yes,One year,Yes,Mailed check,82.73,1676.8,Yes
4813-ZZISG,Female,0,No,No,33,Yes,Yes,Fiber optic,No,No,No,Yes,No,No,Month-to-month,Yes,Electronic check,84.34,2785.12,Yes
5016-LGPKN,Male,0,No,No,51,Yes,Yes,Fiber optic,Yes,No,No,No,Yes,Yes,One year,No,Mailed check,106.48,5202.43,No
4831-THSLK,Female,0,No,No,56,Yes,No,Fiber optic,No,Yes,Yes,Yes,Yes,No,One year,Yes,Electronic check,91.23,5201.32,Yes
8108-KDQZC,Female,0,Yes,Yes,53,No,No phone service,DSL,No,Yes,No,No,No,Yes,Two year,Yes,Credit card (automatic),60.94,3218.63,No
9651-INBUD,Male,0,No,Yes,3,Yes,No,Fiber optic,No,No,No,No,Yes,Yes,One year,Yes,Bank transfer (automatic),93.83,294.61,Yes
5923-DQSKH,Male,1,Yes,No,21,Yes,Yes,No,No internet service,No internet service,No internet service,No internet service,No internet service,No internet service,One year,No,Electronic check,32.37,669.47,Yes
9697-JJKQE,Female,0,No,No,12,Yes,Yes,DSL,No,No,No,No,No,Yes,Two year,No,Bank transfer (automatic),73.74,843.25,No
7238-MMBJW,Male,0,No,No,22,Yes,No,Fiber optic,No,Yes,Yes,No,Yes,Yes,One year,Yes,Mailed check,100.12,2311.88,Yes
4796-YXHUX,Female,0,No,No,47,Yes,Yes,DSL,Yes,Yes,No,Yes,Yes,Yes,Two year,Yes,Mailed check,94.63,4270.64,No
5668-HHUXG,Male,1,Yes,No,7,Yes,No,DSL,No,Yes,No,Yes,No,Yes,Month-to-month,No,Mailed check,67.43,478.39,Yes
5224-GQBKG,Male,0,No,No,32,No,No phone service,Fiber optic,No,No,No,Yes,Yes,Yes,Month-to-month,No,Credit card (automatic),90.35,2887.7,Yes
7394-EZISU,Female,0,Yes,Yes,69,Yes,Yes,No,No internet service,No internet service,No internet service,No internet service,No internet service,No internet service,Two year,Yes,Bank transfer (automatic),33.0,2182.96,No
4278-PQZBR,Female,0,Yes,Yes,55,Yes,Yes,No,No internet service,No internet service,No internet service,No internet service,No internet service,No internet service,One year,Yes,Electronic check,31.05,1739.82,No
4713-UBEGV,Male,0,No,Yes,55,Yes,Yes,DSL,No,No,Yes,Yes,Yes,Yes,One year,No,Bank transfer (automatic),92.29,4832.02,No
5474-FWLDM,Female,0,No,No,66,Yes,No,DSL,No,No,Yes,No,No,No,One year,No,Mailed check,53.69,3631.05,No
8663-RJWOJ,Male,1,Yes,No,22,Yes,Yes,Fiber optic,No,No,Yes,No,No,Yes,Month-to-month,No,Electronic check,97.57,2133.66,Yes
7314-YCOUK,Female,0,No,Yes,58,Yes,Yes,No,No internet service,No internet service,No internet service,No internet service,No internet service,No internet service,Two year,No,Mailed check,34.77,2048.12,No
4192-MTCTD,Female,0,No,No,2,Yes,No,DSL,Yes,No,Yes,No,No,No,Month-to-month,Yes,Electronic check,56.16,113.84,Yes
5472-OKJDN,Male,1,Yes,No,2,Yes,No,DSL,No,No,Yes,Yes,No,No,Month-to-month,No,Electronic check,62.68,129.16,Yes
7501-FVSTO,Male,0,No,No,16,Yes,Yes,Fiber optic,No,Yes,Yes,No,Yes,No,Month-to-month,Yes,Electronic check,101.19,1609.82,Yes
3827-EWXRT,Male,0,Yes,Yes,7,Yes,No,DSL,No,No,No,No,No,Yes,Month-to-month,Yes,Mailed check,59.15,408.97,Yes
8086-QNNRT,Male,0,No,No,34,Yes,Yes,DSL,Yes,No,Yes,Yes,No,No,Month-to-month,No,Credit card (automatic),75.67,2604.47,Yes
1663-FQRDW,Male,0,Yes,No,6,Yes,No,DSL,Yes,Yes,Yes,No,No,Yes,Month-to-month,Yes,Credit card (automatic),78.64,489.53,No
3744-IZBCN,Female,0,Yes,Yes,72,Yes,No,DSL,No,No,Yes,No,No,No,Two year,Yes,Credit card (automatic),57.65,4069.88,No
5597-YEDWE,Male,0,No,No,66,Yes,No,DSL,No,No,Yes,Yes,Yes,Yes,Month-to-month,Yes,Electronic check,76.92,5257.24,No
7457-YCISM,Male,0,No,No,72,Yes,Yes,No,No internet service,No internet service,No internet service,No internet service,No internet service,No internet service,Two year,Yes,Electronic check,34.11,2557.92,No
4670-BLVET,Female,0,No,No,62,Yes,No,Fiber optic,No,Yes,No,No,Yes,Yes,Two year,No,Electronic check,97.89,5793.9,No
1566-SQXWU,Male,1,Yes,Yes,71,Yes,Yes,DSL,No,No,Yes,Yes,Yes,No,One year,No,Credit card (automatic),78.64,5474.62,No
4207-KIZGO,Male,0,Yes,No,19,Yes,Yes,Fiber optic,No,No,Yes,No,Yes,Yes,Month-to-month,No,Electronic check,102.25,1924.86,Yes
5652-SDXFM,Male,0,No,No,32,Yes,Yes,DSL,No,Yes,No,No,Yes,Yes,Month-to-month,No,Bank transfer (automatic),87.62,2699.69,Yes
7671-IUJSQ,Female,0,Yes,Yes,9,Yes,Yes,Fiber optic,No,Yes,Yes,Yes,Yes,No,Month-to-month,No,Bank transfer (automatic),105.22,993.71,No
4995-RWDUX,Male,0,No,No,46,Yes,Yes,DSL,No,Yes,No,Yes,No,Yes,One year,No,Electronic check,82.67,3738.98,No
8215-ESGNB,Female,0,Yes,Yes,60,Yes,No,No,No internet service,No internet service,No internet service,No internet service,No internet service,No internet service,Two year,Yes,Bank transfer (automatic),26.33,1592.98,No
9296-HORBU,Male,0,Yes,No,32,Yes,Yes,DSL,No,Yes,Yes,No,No,No,Month-to-month,Yes,Electronic check,67.4,2229.92,No
7242-MRMJT,Female,0,No,No,13,Yes,Yes,Fiber optic,No,Yes,No,Yes,No,No,Month-to-month,No,Electronic check,87.59,1151.65,Yes
4951-BHFPW,Female,1,No,No,33,No,No phone service,Fiber optic,Yes,No,No,Yes,Yes,Yes,Month-to-month,Yes,Mailed check,98.29,3252.66,No
5358-OYFKT,Female,0,Yes,Yes,2,Yes,Yes,No,No internet service,No internet service,No internet service,No internet service,No internet service,No internet service,Month-to-month,No,Credit card (automatic),36.76,76.46,No
7103-NMCDT,Male,0,No,No,54,Yes,Yes,DSL,No,No,Yes,Yes,No,No,One year,Yes,Bank transfer (automatic),69.98,3821.38,No
9112-XEFUZ,Male,0,No,No,27,Yes,No,DSL,Yes,No,No,Yes,No,No,Month-to-month,No,Mailed check,61.89,1721.7,Yes
8445-JKFAF,Female,0,No,No,70,No,No phone service,DSL,Yes,No,Yes,No,No,Yes,Two year,No,Bank transfer (automatic),68.58,4878.48,No
2186-VWOQN,Male,0,No,No,70,Yes,No,DSL,No,No,No,No,Yes,Yes,Month-to-month,No,Mailed check,73.04,4948.64,No
8919-YEYPY,Male,1,No,Yes,3,Yes,No,DSL,No,No,Yes,No,No,Yes,Month-to-month,No,Bank transfer (automatic),64.61,197.59,Yes
5154-NJCGR,Female,0,Yes,Yes,72,No,No phone service,Fiber optic,Yes,No,No,Yes,No,No,One year,No,Electronic check,71.13,5267.14,No
5406-FCVKO,Female,1,No,No,72,Yes,Yes,Fiber optic,Yes,Yes,Yes,No,Yes,No,One year,No,Mailed check,103.65,7716.13,No
8221-QLJJF,Male,0,No,No,45,Yes,No,DSL,No,No,Yes,No,No,No,Two year,Yes,Bank transfer (automatic),53.42,2286.09,No
3835-SNGER,Female,0,Yes,No,64,Yes,Yes,No,No internet service,No internet service,No internet service,No internet service,No internet service,No internet service,Two year,No,Bank transfer (automatic),33.75,2136.2,No
2185-TWJTI,Female,0,Yes,Yes,1,No,No phone service,DSL,No,No,No,Yes,No,No,Month-to-month,No,Credit card (automatic),53.61,53.25,Yes
5422-QCTTU,Male,1,No,No,72,Yes,No,Fiber optic,No,Yes,No,No,Yes,No,Two year,Yes,Bank transfer (automatic),83.01,5740.04,No
6935-ZPGYM,Female,0,Yes,Yes,27,Yes,Yes,No,No internet service,No internet service,No internet service,No internet service,No internet service,No internet service,Month-to-month,Yes,Credit card (automatic),33.52,883.98,No
9022-AWJUA,Female,0,Yes,No,70,Yes,No,No,No internet service,No internet service,No internet service,No internet service,No internet service,No internet service,One year,No,Electronic check,23.63,1729.13,No
5648-BWEVQ,Female,0,Yes,No,21,No,No phone service,Fiber optic,No,Yes,No,No,No,Yes,Month-to-month,Yes,Credit card (automatic),82.27,1661.99,Yes
8798-KHTAH,Male,0,Yes,No,60,Yes,No,Fiber optic,No,No,No,No,Yes,Yes,Two year,No,Electronic check,90.93,5344.4,No
4081-NJJTK,Female,0,No,No,23,No,No phone service,DSL,No,Yes,Yes,No,Yes,Yes,One year,Yes,Bank transfer (automatic),77.87,1861.74,No
1265-CCHVW,Male,0,Yes,Yes,19,No,No phone service,DSL,Yes,No,Yes,Yes,No,No,Month-to-month,Yes,Bank transfer (automatic),57.16,1137.39,Yes
1660-CLZSS,Male,0,Yes,No,71,Yes,No,Fiber optic,Yes,Yes,Yes,No,Yes,No,Two year,Yes,Bank transfer (automatic),95.98,6940.9,No
7085-JKEZY,Female,0,Yes,Yes,52,No,No phone service,Fiber optic,No,No,No,No,No,Yes,Two year,Yes,Electronic check,77.49,3966.03,No
6032-VRQKA,Male,0,No,No,65,Yes,Yes,DSL,No,Yes,No,Yes,No,Yes,Month-to-month,Yes,Bank transfer (automatic),82.46,5559.41,No
9711-EZPDV,Male,0,No,No,37,Yes,Yes,DSL,Yes,Yes,Yes,Yes,No,No,One year,Yes,Electronic check,78.9,3003.39,No
2424-VFGOK,Male,0,Yes,Yes,70,Yes,Yes,DSL,No,Yes,No,No,Yes,No,Two year,Yes,Mailed check,77.29,5595.38,No
8509-QTJFO,Male,0,No,No,56,Yes,No,Fiber optic,No,No,No,No,Yes,Yes,One year,Yes,Bank transfer (automatic),92.91,5237.05,No
3265-IQZCX,Male,0,Yes,No,2,No,No phone service,Fiber optic,No,No,Yes,No,Yes,No,Month-to-month,Yes,Mailed check,77.09,146.91,No
6839-ACWKP,Male,0,No,No,59,Yes,No,Fiber optic,No,No,No,No,No,Yes,Two year,No,Credit card (automatic),78.8,4563.39,No
4420-FFVTM,Female,0,Yes,Yes,1,Yes,Yes,DSL,No,Yes,Yes,No,No,No,Month-to-month,Yes,Mailed check,71.78,74.86,Yes
6363-YFLWG,Male,0,No,No,64,No,No phone service,No,No internet service,No internet service,No internet service,No internet service,No internet service,No internet service,Two year,Yes,Bank transfer (automatic),19.44,1226.39,No
2345-SBOXU,Female,0,Yes,Yes,16,Yes,No,Fiber optic,Yes,No,Yes,No,No,No,Month-to-month,No,Credit card (automatic),83.98,1341.44,Yes
2794-ZAKML,Female,0,No,No,42,Yes,Yes,Fiber optic,No,No,Yes,No,Yes,Yes,Month-to-month,No,Credit card (automatic),103.31,4392.51,Yes
1135-MTFRR,Male,0,Yes,No,57,Yes,Yes,DSL,No,No,Yes,No,No,No,Two year,Yes,Bank transfer (automatic),64.41,3761.88,No
9417-GSMYX,Female,0,Yes,No,46,Yes,No,Fiber optic,Yes,No,Yes,No,Yes,No,Two year,Yes,Bank transfer (automatic),86.79,4142.59,No
2466-HRCFK,Female,0,No,No,50,Yes,No,DSL,No,Yes,Yes,Yes,No,Yes,One year,No,Credit card (automatic),77.18,3756.63,No
4301-OCKFC,Female,0,No,No,70,Yes,Yes,Fiber optic,No,Yes,No,Yes,No,No,Month-to-month,No,Electronic check,92.56,6545.61,No
8587-MDEZV,Male,0,Yes,Yes,20,Yes,No,Fiber optic,Yes,No,No,Yes,No,Yes,Month-to-month,No,Electronic check,93.83,1829.61,No
4045-ERZJP,Female,0,Yes,No,37,Yes,Yes,Fiber optic,No,Yes,No,Yes,Yes,No,One year,Yes,Electronic check,102.33,3937.55,Yes
7818-WEEDQ,Male,0,Yes,Yes,5,Yes,Yes,DSL,No,Yes,Yes,Yes,Yes,No,Month-to-month,No,Bank transfer (automatic),83.33,421.76,Yes
7822-WVRZL,Male,0,No,No,29,Yes,No,No,No internet service,No internet service,No internet service,No internet service,No internet service,No internet service,Month-to-month,Yes,Bank transfer (automatic),26.91,775.66,No
9154-CACEO,Female,0,No,No,4,Yes,No,DSL,Yes,No,No,Yes,No,Yes,Month-to-month,Yes,Credit card (automatic),69.56,282.29,Yes
4730-NUKUD,Male,0,Yes,No,46,Yes,No,DSL,No,No,No,No,Yes,No,One year,No,Mailed check,63.84,2989.21,No
8750-MVUOK,Female,0,No,Yes,16,Yes,Yes,DSL,No,Yes,No,No,Yes,Yes,One year,No,Bank transfer (automatic),87.3,1341.4,Yes
2908-XKIBL,Female,0,Yes,Yes,67,Yes,No,Fiber optic,Yes,No,No,No,Yes,Yes,Month-to-month,Yes,Credit card (automatic),93.98,6204.44,No
5734-NBJQH,Female,0,No,No,17,Yes,No,DSL,No,Yes,Yes,No,Yes,Yes,One year,Yes,Electronic check,82.35,1334.89,Yes
9997-WPNZC,Male,1,No,No,13,Yes,Yes,Fiber optic,No,No,Yes,No,Yes,Yes,Month-to-month,No,Electronic check,103.98,1389.86,Yes
7667-XMHPB,Female,0,Yes,Yes,31,Yes,Yes,DSL,No,Yes,Yes,Yes,No,No,Month-to-month,No,Electronic check,76.11,2300.01,No
4695-USYOV,Female,0,Yes,Yes,6,Yes,Yes,DSL,No,Yes,Yes,Yes,No,Yes,Month-to-month,No,Electronic check,81.85,471.37,Yes
2415-GYQKD,Male,0,No,No,7,Yes,No,Fiber optic,No,No,Yes,No,No,No,Month-to-month,Yes,Electronic check,74.56,537.69,Yes
6682-JXHUX,Male,0,No,Yes,60,Yes,Yes,Fiber optic,Yes,No,Yes,No,Yes,Yes,Month-to-month,No,Electronic check,106.6,6615.67,No
6892-UZHVJ,Female,0,No,No,32,No,No phone service,Fiber optic,Yes,Yes,No,Yes,Yes,Yes,Month-to-month,No,Credit card (automatic),100.13,3048.47,No
1225-NECLL,Female,0,Yes,Yes,7,Yes,Yes,DSL,Yes,Yes,Yes,No,No,Yes,Month-to-month,Yes,Bank transfer (automatic),85.6,587.22,Yes
7506-MKSHG,Female,1,Yes,No,0,Yes,No,Fiber optic,No,Yes,No,No,Yes,No,Month-to-month,No,Bank transfer (automatic),86.98, ,Yes
6169-WDTQC,Female,1,No,No,28,No,No phone service,DSL,No,No,No,No,Yes,Yes,Month-to-month,Yes,Bank transfer (automatic),63.87,1833.43,No
3552-IHKGV,Male,0,No,No,56,Yes,Yes,DSL,No,No,No,Yes,Yes,No,Two year,Yes,Credit card (automatic),77.25,4482.15,No
9978-UZSXZ,Male,1,No,No,18,Yes,Yes,Fiber optic,Yes,No,No,No,No,No,One year,No,Mailed check,85.83,1538.18,No
2126-BFFRT,Male,0,Yes,Yes,10,Yes,Yes,Fiber optic,Yes,No,No,No,No,No,Month-to-month,Yes,Bank transfer (automatic),85.55,891.87,No
5930-LWAIT,Female,0,No,No,22,Yes,Yes,Fiber optic,No,No,No,No,Yes,No,Month-to-month,No,Credit card (automatic),87.75,1937.85,Yes
8843-CIHAF,Male,0,No,No,71,Yes,Yes,DSL,No,No,No,No,No,No,One year,Yes,Mailed check,63.47,4545.44,No
6938-AWFJP,Male,0,Yes,No,24,Yes,Yes,DSL,Yes,No,Yes,Yes,Yes,Yes,Two year,Yes,Bank transfer (automatic),92.42,2150.33,No
4476-NFFQK,Male,0,Yes,No,11,Yes,Yes,DSL,No,Yes,No,No,No,Yes,Month-to-month,Yes,Electronic check,71.55,800.48,Yes
8334-ZQPXC,Female,0,Yes,Yes,39,Yes,No,Fiber optic,No,Yes,No,No,No,No,Two year,Yes,Mailed check,77.56,2952.88,No
9983-CFZBN,Female,0,No,No,63,Yes,No,Fiber optic,No,No,No,No,No,No,One year,Yes,Bank transfer (automatic),68.85,4350.99,No
5426-MMXSZ,Male,0,No,No,1,Yes,No,Fiber optic,No,Yes,No,Yes,No,No,One year,Yes,Electronic check,82.59,83.78,Yes
1475-EQXTI,Female,0,No,No,38,Yes,Yes,No,No internet service,No internet service,No internet service,No internet service,No internet service,No internet service,Two year,Yes,Mailed check,38.45,1439.78,No
2567-AJIWD,Male,0,No,No,65,Yes,No,Fiber optic,No,Yes,Yes,No,No,No,Two year,Yes,Electronic check,79.21,5303.82,No
3175-FDNCQ,Male,0,Yes,No,8,Yes,Yes,Fiber optic,No,No,Yes,No,Yes,No,Month-to-month,Yes,Bank transfer (automatic),92.12,748.93,Yes
2341-PXSHU,Male,0,No,No,70,Yes,Yes,No,No internet service,No internet service,No internet service,No internet service,No internet service,No internet service,One year,Yes,Credit card (automatic),31.82,2118.2,No
7775-PJUJY,Male,0,No,No,40,No,No phone service,Fiber optic,Yes,No,No,No,Yes,Yes,Month-to-month,No,Credit card (automatic),87.44,3521.73,Yes
7657-VESAG,Male,0,No,No,34,Yes,No,No,No internet service,No internet service,No internet service,No internet service,No internet service,No internet service,Two year,Yes,Electronic check,23.19,754.07,No
1991-TOJSA,Female,0,Yes,Yes,72,Yes,No,DSL,No,Yes,No,Yes,No,Yes,Month-to-month,Yes,Mailed check,71.09,5017.55,No
9116-LKMOY,Female,0,No,No,3,No,No phone service,Fiber optic,No,Yes,Yes,No,No,Yes,Month-to-month,No,Bank transfer (automatic),87.14,265.94,Yes
4845-XSYMA,Female,1,No,Yes,56,Yes,No,No,No internet service,No internet service,No internet service,No internet service,No internet service,No internet service,One year,No,Credit card (automatic),24.63,1343.5,No
7748-SSFMS,Female,0,No,No,63,Yes,Yes,Fiber optic,No,No,Yes,Yes,No,Yes,Two year,No,Bank transfer (automatic),102.9,6226.8,No
5955-OMSHR,Female,0,No,No,31,Yes,Yes,No,No internet service,No internet service,No internet service,No internet service,No internet service,No internet service,Month-to-month,Yes,Electronic check,37.45,1145.72,No
1775-OCNQD,Male,0,Yes,Yes,1,Yes,No,No,No internet service,No internet service,No internet service,No internet service,No internet service,No internet service,Month-to-month,Yes,Bank transfer (automatic),21.06,20.77,Yes
8978-FTMWP,Female,0,No,No,35,No,No phone service,No,No internet service,No internet service,No internet service,No internet service,No internet service,No internet service,Month-to-month,Yes,Mailed check,20.57,692.21,No
7324-XBIVM,Female,0,No,No,4,Yes,No,DSL,No,No,No,No,Yes,No,Month-to-month,No,Electronic check,59.25,242.39,Yes
1357-PBEOA,Female,0,Yes,No,39,Yes,Yes,No,No internet service,No internet service,No internet service,No internet service,No internet service,No internet service,Two year,No,Credit card (automatic),34.81,1305.82,No
9972-AREFA,Male,0,No,Yes,56,Yes,No,Fiber optic,No,No,No,Yes,Yes,No,Two year,Yes,Mailed check,85.87,4913.23,No
9194-CFMXO,Male,0,Yes,No,35,Yes,Yes,DSL,Yes,No,No,No,Yes,No,Two year,Yes,Bank transfer (automatic),75.67,2676.58,No
8492-VPIJX,Female,0,Yes,Yes,46,Yes,No,Fiber optic,No,No,No,No,Yes,Yes,Two year,Yes,Credit card (automatic),93.16,4381.86,No
7337-BCPSD,Female,0,No,Yes,3,Yes,Yes,No,No internet service,No internet service,No internet service,No internet service,No internet service,No internet service,Month-to-month,No,Mailed check,33.85,100.31,Yes
5807-VBUOE,Male,0,Yes,No,3,Yes,No,Fiber optic,Yes,Yes,No,No,Yes,Yes,Month-to-month,Yes,Mailed check,100.81,308.49,Yes
9896-JITLZ,Female,0,No,No,66,Yes,Yes,Fiber optic,Yes,No,No,No,No,No,Month-to-month,No,Electronic check,88.55,5778.21,No
9321-DRGMO,Male,1,Yes,Yes,2,Yes,No,Fiber optic,No,No,No,No,No,Yes,Month-to-month,Yes,Bank transfer (automatic),78.87,161.37,Yes
6973-RVILS,Female,0,Yes,Yes,12,Yes,Yes,No,No internet service,No internet service,No internet service,No internet service,No internet service,No internet service,Month-to-month,Yes,Electronic check,34.99,429.12,Yes
6123-LXJDR,Male,0,Yes,No,71,Yes,Yes,Fiber optic,No,No,Yes,No,No,Yes,One year,No,Electronic check,91.57,6203.23,No
1565-CWXOH,Male,0,No,No,28,Yes,Yes,DSL,No,No,No,No,Yes,No,Month-to-month,No,Credit card (automatic),73.28,1991.62,Yes
8382-MWRKO,Male,0,Yes,Yes,50,Yes,No,Fiber optic,No,Yes,Yes,No,No,Yes,One year,No,Electronic check,92.43,4469.65,No
4897-RCZWC,Male,0,No,No,8,Yes,No,DSL,No,No,Yes,Yes,No,Yes,One year,No,Mailed check,66.45,512.81,No
1166-LAVDR,Male,0,No,No,11,Yes,No,Fiber optic,Yes,Yes,No,Yes,Yes,Yes,Month-to-month,Yes,Credit card (automatic),106.69,1212.8,Yes
6888-JWOUO,Female,0,No,No,33,Yes,Yes,Fiber optic,No,No,No,Yes,Yes,No,Month-to-month,Yes,Bank transfer (automatic),98.26,3259.83,Yes
5100-GIURU,Female,0,Yes,No,47,Yes,Yes,Fiber optic,No,No,Yes,No,No,Yes,One year,No,Bank transfer (automatic),97.14,4510.57,No
3070-IVSMW,Male,0,Yes,No,71,Yes,No,Fiber optic,No,No,No,No,No,No,Two year,Yes,Mailed check,70.61,4868.79,No
2106-FIQOE,Female,0,No,No,40,Yes,Yes,DSL,Yes,No,Yes,Yes,No,No,Month-to-month,Yes,Credit card (automatic),78.33,3122.58,No
4442-XGBPL,Male,0,Yes,No,3,Yes,Yes,DSL,Yes,No,Yes,No,No,Yes,Month-to-month,Yes,Mailed check,81.75,252.31,No
1591-YHVBH,Male,1,Yes,No,19,Yes,No,Fiber optic,No,Yes,No,No,Yes,Yes,Month-to-month,Yes,Credit card (automatic),91.82,1771.0,Yes
4959-ZOQRS,Male,0,No,No,10,Yes,Yes,No,No internet service,No internet service,No internet service,No internet service,No internet service,No internet service,Month-to-month,Yes,Electronic check,32.78,328.71,No
8508-TKUIL,Male,0,No,No,10,No,No phone service,Fiber optic,Yes,Yes,No,No,Yes,Yes,Month-to-month,Yes,Bank transfer (automatic),92.22,963.49,Yes
7881-ZSZCB,Female,1,No,No,33,Yes,No,No,No internet service,No internet service,No internet service,No internet service,No internet service,No internet service,Two year,Yes,Electronic check,23.49,786.81,No
3640-LAGNR,Male,0,Yes,Yes,15,No,No phone service,DSL,Yes,No,No,Yes,No,No,Month-to-month,No,Credit card (automatic),53.08,766.48,No
6876-VJLJM,Female,0,No,No,13,Yes,No,DSL,Yes,No,No,No,No,No,One year,No,Credit card (automatic),53.12,699.27,No
6287-VVPXJ,Female,0,No,No,72,Yes,Yes,DSL,No,Yes,No,No,No,Yes,One year,Yes,Electronic check,73.75,5366.61,No
5823-MGLWN,Female,1,Yes,No,41,Yes,No,No,No internet service,No internet service,No internet service,No internet service,No internet service,No internet service,Two year,Yes,Electronic check,21.18,904.55,No
4483-SWMMA,Female,0,Yes,No,11,Yes,No,Fiber optic,No,No,No,No,Yes,No,Month-to-month,Yes,Electronic check,78.21,867.56,Yes
6483-XVOXE,Female,0,Yes,No,12,No,No phone service,DSL,Yes,Yes,Yes,Yes,Yes,Yes,Month-to-month,No,Mailed check,82.37,1013.42,No
3502-LHTLC,Female,1,Yes,No,63,Yes,Yes,Fiber optic,No,Yes,No,No,Yes,No,One year,Yes,Mailed check,91.47,5971.5,Yes
3352-VPULX,Male,0,Yes,Yes,70,Yes,No,Fiber optic,No,No,No,No,No,Yes,One year,No,Electronic check,79.42,5725.05,No
5019-CQLJH,Male,0,Yes,Yes,50,Yes,No,Fiber optic,No,No,Yes,Yes,No,No,Month-to-month,Yes,Credit card (automatic),82.36,4100.54,Yes
7943-JVIZA,Female,1,No,No,25,Yes,No,No,No internet service,No internet service,No internet service,No internet service,No internet service,No internet service,Month-to-month,Yes,Electronic check,24.96,599.78,No
2307-YPIKF,Female,0,Yes,No,58,Yes,No,Fiber optic,No,Yes,No,No,No,No,Two year,Yes,Mailed check,76.63,4340.57,No
3769-TERJH,Female,0,Yes,Yes,71,No,No phone service,Fiber optic,No,Yes,No,No,No,No,Two year,Yes,Mailed check,66.93,4588.14,No
4470-MKBHR,Male,1,No,No,5,Yes,No,Fiber optic,Yes,Yes,No,Yes,Yes,No,One year,No,Bank transfer (automatic),94.54,471.3,No
8282-HVQOT,Male,0,Yes,Yes,67,Yes,Yes,No,No internet service,No internet service,No internet service,No internet service,No internet service,No internet service,Month-to-month,Yes,Electronic check,32.68,2236.93,No
3977-UYYVW,Male,0,Yes,Yes,66,Yes,No,Fiber optic,No,No,No,Yes,No,Yes,Two year,Yes,Electronic check,81.86,5139.52,No
4349-FRBBJ,Female,0,Yes,Yes,19,Yes,No,DSL,Yes,No,Yes,No,Yes,No,Month-to-month,No,Electronic check,67.86,1296.97,Yes
8534-LLFZM,Male,0,No,No,13,Yes,Yes,DSL,No,No,Yes,No,Yes,Yes,Month-to-month,Yes,Bank transfer (automatic),87.31,1093.35,Yes
6279-HTBOJ,Male,0,No,No,39,Yes,Yes,DSL,No,Yes,Yes,Yes,Yes,No,One year,No,Mailed check,85.6,3335.42,No
1221-ABXLQ,Male,0,No,No,11,Yes,Yes,Fiber optic,No,No,Yes,Yes,Yes,Yes,Month-to-month,Yes,Electronic check,107.83,1215.02,No
4936-TEHLB,Male,0,No,No,4,Yes,No,Fiber optic,No,No,Yes,Yes,Yes,No,Month-to-month,Yes,Credit card (automatic),87.8,352.18,Yes
2778-YRGIV,Male,0,No,No,71,Yes,No,DSL,No,No,No,No,Yes,No,Two year,Yes,Electronic check,57.94,3922.89,No
3717-SVXPL,Female,0,No,No,31,Yes,Yes,Fiber optic,No,No,No,No,Yes,Yes,One year,Yes,Mailed check,102.33,3301.68,No
4109-SDOIE,Male,0,Yes,No,29,Yes,Yes,No,No internet service,No internet service,No internet service,No internet service,No internet service,No internet service,One year,Yes,Electronic check,36.06,1043.4,Yes
5244-UJUNM,Female,1,Yes,No,3,Yes,Yes,Fiber optic,No,Yes,No,No,Yes,No,Month-to-month,No,Bank transfer (automatic),93.07,289.37,Yes
7651-BLVIT,Female,0,No,No,32,Yes,Yes,No,No internet service,No internet service,No internet service,No internet service,No internet service,No internet service,Month-to-month,No,Mailed check,34.04,1136.51,No
3343-DLLJL,Female,0,No,No,56,No,No phone service,Fiber optic,No,No,No,Yes,No,Yes,Two year,Yes,Bank transfer (automatic),78.79,4503.88,No
5288-CWQKX,Female,0,Yes,Yes,10,Yes,No,DSL,No,Yes,No,No,No,Yes,Month-to-month,Yes,Credit card (automatic),63.29,606.36,Yes
8203-MDWHM,Female,0,Yes,Yes,19,Yes,Yes,No,No internet service,No internet service,No internet service,No internet service,No internet service,No internet service,One year,No,Bank transfer (automatic),37.21,737.1,No
8803-PLNLU,Male,0,No,No,6,Yes,No,No,No internet service,No internet service,No internet service,No internet service,No internet service,No internet service,Month-to-month,Yes,Electronic check,24.48,151.76,Yes
8077-GQIGQ,Female,0,Yes,Yes,18,Yes,No,Fiber optic,No,Yes,Yes,No,No,No,Two year,Yes,Electronic check,78.02,1442.77,Yes
4051-GRAIG,Male,0,No,No,67,Yes,No,No,No internet service,No internet service,No internet service,No internet service,No internet service,No internet service,Two year,Yes,Mailed check,25.91,1675.21,No
7652-QCRHV,Male,0,Yes,Yes,9,No,No phone service,Fiber optic,Yes,No,No,Yes,No,No,Month-to-month,No,Credit card (automatic),75.72,673.66,No
5545-MQQRU,Male,0,Yes,Yes,1,Yes,No,DSL,No,No,No,No,No,No,One year,No,Electronic check,50.82,48.46,No
5631-PTAAQ,Male,0,Yes,Yes,36,Yes,No,No,No internet service,No internet service,No internet service,No internet service,No internet service,No internet service,One year,Yes,Credit card (automatic),25.57,934.38,No
4530-JGXFX,Male,0,No,No,40,Yes,Yes,DSL,No,No,Yes,Yes,No,No,One year,Yes,Mailed check,73.39,3046.27,No
9638-CCGAY,Female,0,Yes,No,16,No,No phone service,No,No internet service,No internet service,No internet service,No internet service,No internet service,No internet service,One year,Yes,Mailed check,19.39,314.64,No
1393-TLHCS,Female,0,No,No,47,Yes,Yes,DSL,Yes,Yes,Yes,No,Yes,No,Month-to-month,Yes,Mailed check,88.16,4142.82,No
2971-DZXVO,Female,0,Yes,No,1,Yes,Yes,Fiber optic,No,Yes,No,No,Yes,No,Month-to-month,No,Bank transfer (automatic),97.75,101.04,Yes
6971-YQSSM,Male,0,No,No,17,No,No phone service,No,No internet service,No internet service,No internet service,No internet service,No internet service,No internet service,One year,Yes,Mailed check,23.56,391.7,Yes
7429-RXUGA,Female,0,Yes,Yes,4,Yes,Yes,No,No internet service,No internet service,No internet service,No internet service,No internet service,No internet service,Month-to-month,No,Bank transfer (automatic),36.36,141.94,Yes
6273-INSJW,Male,0,No,No,9,No,No phone service,No,No internet service,No internet service,No internet service,No internet service,No internet service,No internet service,Month-to-month,Yes,Electronic check,22.37,203.23,Yes
3720-PEYYG,Male,0,No,No,20,Yes,Yes,DSL,No,No,No,Yes,No,No,One year,Yes,Electronic check,61.2,1281.43,No
7227-ALGHI,Female,0,Yes,No,0,Yes,Yes,Fiber optic,Yes,No,No,No,Yes,Yes,One year,Yes,Credit card (automatic),107.74, ,Yes
4611-UMRGB,Female,0,Yes,Yes,2,Yes,No,No,No internet service,No internet service,No internet service,No internet service,No internet service,No internet service,One year,Yes,Mailed check,23.72,47.38,No
9232-HCQBO,Male,0,No,No,3,Yes,Yes,DSL,Yes,Yes,No,No,Yes,No,Month-to-month,Yes,Electronic check,83.11,246.86,Yes
7947-JLNPV,Female,0,Yes,No,50,Yes,Yes,Fiber optic,Yes,Yes,No,No,No,No,Two year,Yes,Electronic check,89.17,4437.11,No
8296-HDUVS,Female,0,Yes,No,22,Yes,No,DSL,Yes,Yes,No,No,No,Yes,One year,Yes,Electronic check,71.73,1502.8,No
9869-CMPHO,Female,0,Yes,Yes,6,Yes,Yes,Fiber optic,No,No,Yes,Yes,No,No,Month-to-month,Yes,Electronic check,93.77,557.53,Yes
1816-GUAQQ,Male,0,No,No,9,Yes,No,DSL,Yes,Yes,No,No,Yes,No,Month-to-month,No,Bank transfer (automatic),71.85,649.39,Yes
7792-SJDJH,Male,0,No,No,54,Yes,No,DSL,No,No,No,Yes,No,Yes,One year,Yes,Mailed check,64.46,3446.69,No
5458-FZHDR,Male,0,Yes,Yes,2,Yes,No,Fiber optic,No,No,Yes,No,Yes,No,Month-to-month,Yes,Credit card (automatic),85.81,165.74,Yes
5557-ETXMA,Male,1,No,No,33,Yes,Yes,No,No internet service,No internet service,No internet service,No internet service,No internet service,No internet service,Month-to-month,Yes,Bank transfer (automatic),33.27,1122.05,Yes
2360-IFLTJ,Male,0,No,No,19,Yes,No,Fiber optic,No,Yes,No,Yes,Yes,Yes,One year,No,Electronic check,102.31,1863.09,Yes
9144-XFADS,Female,0,Yes,No,63,Yes,No,Fiber optic,Yes,No,No,No,No,Yes,Two year,No,Electronic check,85.32,5527.65,No
1513-AOWOH,Male,0,Yes,Yes,61,Yes,No,DSL,Yes,No,No,No,Yes,No,Two year,No,Bank transfer (automatic),62.47,3651.14,No
7628-TCEYH,Female,0,Yes,Yes,51,Yes,No,No,No internet service,No internet service,No internet service,No internet service,No internet service,No internet service,One year,Yes,Mailed check,25.39,1262.45,No
5599-YLWTT,Male,0,Yes,Yes,21,Yes,Yes,DSL,No,Yes,Yes,Yes,No,Yes,Month-to-month,No,Mailed check,85.21,1874.8,No
9898-ZRQJB,Female,1,No,No,46,No,No phone service,Fiber optic,No,Yes,Yes,No,Yes,Yes,Month-to-month,Yes,Credit card (automatic),92.18,4164.58,Yes
4626-VWDMZ,Female,0,Yes,No,47,Yes,No,DSL,Yes,Yes,Yes,No,Yes,No,Month-to-month,No,Electronic check,72.23,3457.04,No
9411-GBSID,Male,1,No,No,16,Yes,No,No,No internet service,No internet service,No internet service,No internet service,No internet service,No internet service,Month-to-month,Yes,Bank transfer (automatic),25.37,419.85,Yes
2223-ESJKY,Female,0,Yes,No,69,Yes,No,DSL,Yes,No,Yes,No,No,Yes,One year,Yes,Electronic check,72.95,5048.55,No
4026-HWTDY,Male,0,No,No,72,Yes,Yes,Fiber optic,No,No,Yes,No,Yes,Yes,Two year,Yes,Credit card (automatic),106.22,7627.27,No
6394-ITMGN,Male,0,No,No,15,Yes,No,DSL,Yes,No,Yes,Yes,No,No,One year,Yes,Mailed check,67.29,973.8,No
9257-TKZVO,Male,0,No,Yes,62,Yes,No,No,No internet service,No internet service,No internet service,No internet service,No internet service,No internet service,Two year,Yes,Mailed check,25.77,1564.27,No
3018-SLFWH,Male,0,No,No,32,Yes,No,No,No internet service,No internet service,No internet service,No internet service,No internet service,No internet service,Month-to-month,Yes,Mailed check,21.89,718.31,No
8059-IDUHA,Female,0,Yes,No,28,Yes,Yes,Fiber optic,No,No,No,Yes,Yes,No,Month-to-month,Yes,Mailed check,92.63,2562.04,Yes
9649-CECFM,Female,0,No,No,21,Yes,No,DSL,No,Yes,Yes,No,Yes,Yes,One year,No,Electronic check,82.57,1660.41,No
2356-OLUAY,Male,0,No,No,13,Yes,No,No,No internet service,No internet service,No internet service,No internet service,No internet service,No internet service,Month-to-month,No,Bank transfer (automatic),23.59,312.55,Yes
3199-UXJOZ,Female,0,Yes,Yes,70,Yes,No,No,No internet service,No internet service,No internet service,No internet service,No internet service,No internet service,Two year,Yes,Bank transfer (automatic),27.24,1931.97,No
7124-IAAEH,Female,0,Yes,Yes,56,Yes,No,DSL,No,Yes,Yes,No,No,Yes,Two year,No,Mailed check,69.38,3974.78,No
2497-YJTNA,Male,0,Yes,No,26,Yes,Yes,Fiber optic,Yes,No,Yes,Yes,Yes,Yes,One year,Yes,Electronic check,114.87,2947.11,Yes
7780-GIQKG,Male,1,No,No,57,Yes,Yes,No,No internet service,No internet service,No internet service,No internet service,No internet service,No internet service,Month-to-month,Yes,Electronic check,33.4,1963.11,No
9870-TJJZY,Male,0,No,Yes,54,Yes,No,Fiber optic,No,No,Yes,Yes,No,No,Two year,Yes,Credit card (automatic),78.51,4245.85,No
5371-LBGQS,Female,0,No,No,11,Yes,Yes,Fiber optic,No,No,No,No,Yes,No,Month-to-month,Yes,Electronic check,87.28,945.12,Yes
2781-DFWMS,Male,0,Yes,No,6,Yes,No,DSL,No,No,Yes,Yes,Yes,No,Month-to-month,Yes,Electronic check,70.82,430.79,No
6625-BLUEG,Male,0,No,No,65,Yes,No,Fiber optic,Yes,Yes,Yes,No,Yes,Yes,Month-to-month,No,Credit card (automatic),105.68,6571.16,No
3486-RZQKT,Female,0,Yes,Yes,63,Yes,Yes,No,No internet service,No internet service,No internet service,No internet service,No internet service,No internet service,Two year,Yes,Electronic check,34.81,2286.7,No
4177-DMJUN,Female,0,No,No,72,Yes,No,Fiber optic,Yes,No,No,No,Yes,Yes,Two year,No,Electronic check,98.01,7290.6,No
8788-SXCXQ,Male,1,No,No,1,Yes,Yes,Fiber optic,No,No,No,No,No,No,Two year,Yes,Electronic check,76.11,72.32,No
3533-DBWJK,Female,0,Yes,No,36,Yes,No,DSL,Yes,Yes,No,Yes,No,Yes,Month-to-month,Yes,Credit card (automatic),74.06,2713.17,No
2276-TOOXV,Female,0,No,No,52,Yes,No,No,No internet service,No internet service,No internet service,No internet service,No internet service,No internet service,Two year,No,Electronic check,25.75,1336.24,No
5917-FIMIM,Male,0,Yes,No,41,Yes,Yes,Fiber optic,No,Yes,No,No,No,No,Two year,Yes,Bank transfer (automatic),81.59,3230.4,No
7106-FJTXI,Female,0,Yes,No,53,Yes,No,Fiber optic,No,Yes,Yes,No,Yes,No,Two year,Yes,Credit card (automatic),86.17,4359.1,No
9797-ZCCXH,Male,0,No,No,3,Yes,No,Fiber optic,No,No,Yes,Yes,No,No,Month-to-month,Yes,Credit card (automatic),81.74,248.97,No
4951-KTPTB,Male,0,Yes,No,1,Yes,No,DSL,No,No,Yes,No,No,No,Month-to-month,No,Credit card (automatic),52.98,50.35,Yes
1530-JRYUJ,Male,0,Yes,No,2,No,No phone service,Fiber optic,Yes,No,No,No,No,Yes,Month-to-month,No,Credit card (automatic),80.71,157.44,Yes
3742-JVWQV,Male,0,Yes,Yes,20,Yes,No,Fiber optic,No,Yes,No,No,No,Yes,Month-to-month,Yes,Mailed check,86.04,1758.76,Yes
3216-FXRJX,Male,0,Yes,No,16,Yes,Yes,DSL,Yes,No,No,No,Yes,Yes,Month-to-month,Yes,Bank transfer (automatic),84.67,1339.68,No
9863-YLMNE,Male,1,Yes,Yes,68,Yes,Yes,No,No internet service,No internet service,No internet service,No internet service,No internet service,No internet service,One year,Yes,Electronic check,37.88,2540.49,No
5361-IQMQS,Female,0,No,No,2,Yes,No,DSL,No,Yes,Yes,No,No,Yes,Month-to-month,Yes,Bank transfer (automatic),67.96,139.88,No
9433-FEBLZ,Female,0,Yes,No,26,Yes,No,Fiber optic,No,Yes,No,No,No,No,One year,Yes,Mailed check,73.89,1985.29,No
8256-TTMUQ,Male,0,No,No,71,Yes,No,Fiber optic,Yes,Yes,Yes,No,No,No,Month-to-month,Yes,Credit card (automatic),83.03,5935.81,No
5546-VDGOK,Male,0,No,No,32,No,No phone service,DSL,No,Yes,Yes,Yes,No,Yes,Month-to-month,Yes,Electronic check,67.2,2089.53,No
6912-KLNMJ,Female,1,Yes,No,3,No,No phone service,Fiber optic,Yes,Yes,No,No,No,Yes,Month-to-month,Yes,Electronic check,88.49,269.55,Yes
3949-FZKZQ,Male,0,No,No,13,Yes,Yes,DSL,Yes,Yes,No,No,Yes,Yes,Month-to-month,Yes,Credit card (automatic),87.18,1100.1,No
2063-BDAKE,Male,1,Yes,No,45,Yes,Yes,DSL,Yes,Yes,No,Yes,Yes,No,Month-to-month,Yes,Bank transfer (automatic),87.52,3868.42,Yes
1534-GLUGL,Male,0,Yes,Yes,1,Yes,Yes,DSL,Yes,Yes,Yes,Yes,Yes,Yes,Month-to-month,Yes,Bank transfer (automatic),101.93,98.54,Yes
7332-LJLHF,Female,0,Yes,Yes,72,No,No phone service,Fiber optic,No,Yes,No,No,No,Yes,Two year,No,Mailed check,81.45,6004.49,No
3080-JELVG,Female,0,Yes,Yes,39,No,No phone service,DSL,Yes,No,No,No,No,No,Two year,No,Electronic check,46.1,1708.87,No
1213-CUMBC,Female,1,No,No,53,Yes,No,Fiber optic,Yes,No,Yes,No,No,Yes,Month-to-month,No,Mailed check,86.31,4389.13,No
9566-VNAYI,Male,0,Yes,Yes,32,Yes,No,Fiber optic,Yes,Yes,Yes,No,Yes,No,Month-to-month,Yes,Mailed check,96.36,2970.87,Yes
7943-SFAWO,Female,1,No,No,71,Yes,No,Fiber optic,No,Yes,No,No,Yes,Yes,Month-to-month,Yes,Credit card (automatic),97.31,6968.27,No
1137-CMFKF,Male,0,No,No,41,Yes,No,DSL,No,Yes,Yes,Yes,Yes,No,Two year,No,Credit card (automatic),78.0,3321.32,No
4580-MQUXC,Male,0,Yes,No,49,Yes,Yes,Fiber optic,No,Yes,No,No,No,Yes,One year,No,Mailed check,95.63,4677.84,No
2262-DPGYY,Female,0,No,No,67,Yes,No,No,No internet service,No internet service,No internet service,No internet service,No internet service,No internet service,One year,Yes,Electronic check,23.54,1620.21,No
2969-JWHRU,Female,0,No,No,67,Yes,No,DSL,No,Yes,Yes,No,Yes,No,One year,Yes,Bank transfer (automatic),70.18,4867.33,No
9815-NYTBI,Male,0,No,No,1,Yes,Yes,DSL,No,No,Yes,No,Yes,Yes,Month-to-month,Yes,Bank transfer (automatic),87.27,87.32,Yes
5942-CEVHD,Male,0,No,No,12,Yes,No,DSL,Yes,No,No,Yes,No,No,Two year,Yes,Mailed check,60.46,718.04,No
2927-RYPEZ,Female,0,Yes,No,10,No,No phone service,DSL,No,No,No,Yes,No,No,Month-to-month,Yes,Mailed check,49.42,516.56,No
5485-VRFEM,Female,0,Yes,Yes,1,Yes,No,DSL,No,Yes,No,No,Yes,Yes,Two year,Yes,Electronic check,72.21,74.48,No
2676-MJDIV,Female,0,No,No,69,Yes,Yes,Fiber optic,Yes,No,Yes,No,No,No,One year,No,Mailed check,93.7,6653.95,No
3424-TOUUR,Male,0,Yes,Yes,15,Yes,No,Fiber optic,No,No,Yes,No,Yes,Yes,One year,No,Credit card (automatic),91.22,1389.84,Yes
2604-OMQAN,Female,0,No,No,18,Yes,Yes,Fiber optic,No,Yes,No,Yes,Yes,Yes,One year,Yes,Mailed check,106.21,1824.27,No
8754-GOVXK,Female,0,No,No,3,Yes,Yes,Fiber optic,Yes,Yes,Yes,No,No,Yes,Month-to-month,Yes,Mailed check,103.31,315.44,Yes
8570-UERJV,Female,0,Yes,No,72,Yes,Yes,Fiber optic,No,Yes,No,No,Yes,Yes,One year,Yes,Mailed check,106.01,7873.56,No
8010-HNNJB,Male,0,Yes,No,64,Yes,No,Fiber optic,No,Yes,No,No,No,No,One year,Yes,Credit card (automatic),74.51,4968.52,No
3071-GWSLR,Male,0,No,No,40,Yes,Yes,Fiber optic,Yes,No,No,No,No,Yes,Month-to-month,Yes,Bank transfer (automatic),98.22,4047.79,Yes
6237-YMMEL,Male,0,Yes,Yes,59,Yes,Yes,DSL,Yes,Yes,Yes,No,Yes,No,Two year,No,Electronic check,83.63,5116.75,No
5378-VGLFR,Male,0,Yes,Yes,59,Yes,No,Fiber optic,No,Yes,Yes,No,Yes,No,Two year,No,Electronic check,87.63,5133.56,No
6109-SNHIV,Male,0,Yes,Yes,48,Yes,Yes,Fiber optic,No,No,No,Yes,No,Yes,Month-to-month,Yes,Bank transfer (automatic),93.13,4402.56,No
1145-SDJAW,Female,0,Yes,Yes,5,Yes,No,DSL,No,No,Yes,Yes,Yes,No,Month-to-month,No,Bank transfer (automatic),73.96,351.88,Yes
2136-IQHBX,Male,0,Yes,No,54,Yes,No,DSL,Yes,Yes,Yes,No,No,No,Two year,No,Mailed check,65.6,3697.04,No
7299-EKIPZ,Female,0,Yes,No,39,Yes,No,Fiber optic,No,Yes,No,No,No,Yes,Two year,No,Bank transfer (automatic),84.85,3353.05,Yes
9424-BBSWC,Male,0,Yes,Yes,55,Yes,No,No,No internet service,No internet service,No internet service,No internet service,No internet service,No internet service,Month-to-month,Yes,Electronic check,22.78,1303.8,No
4749-JHPCB,Male,0,No,No,37,Yes,No,DSL,Yes,Yes,Yes,No,No,No,Month-to-month,Yes,Electronic check,62.44,2415.29,No
5507-MRTVN,Female,1,Yes,Yes,71,Yes,No,DSL,No,No,Yes,Yes,Yes,No,Two year,Yes,Electronic check,66.12,4883.83,No
6310-JQQQD,Male,0,Yes,Yes,45,Yes,Yes,DSL,Yes,Yes,No,Yes,No,Yes,Month-to-month,Yes,Electronic check,86.93,3780.95,No
3049-APLEE,Male,0,No,No,40,No,No phone service,DSL,No,No,No,Yes,No,No,One year,No,Electronic check,50.99,1971.54,No
5014-NPDQT,Male,0,No,No,66,No,No phone service,No,No internet service,No internet service,No internet service,No internet service,No internet service,No internet service,Month-to-month,No,Mailed check,20.15,1378.03,No
5073-ROTLD,Female,0,Yes,Yes,20,Yes,Yes,No,No internet service,No internet service,No internet service,No internet service,No internet service,No internet service,Month-to-month,Yes,Credit card (automatic),34.58,700.91,No
2695-FFXUC,Female,0,No,No,15,Yes,No,No,No internet service,No internet service,No internet service,No internet service,No internet service,No internet service,Month-to-month,No,Mailed check,26.92,396.82,Yes
3220-MGJBD,Female,0,Yes,No,32,Yes,No,No,No internet service,No internet service,No internet service,No internet service,No internet service,No internet service,Month-to-month,No,Electronic check,26.6,822.93,No
4093-NYSCX,Female,0,Yes,No,41,Yes,Yes,Fiber optic,Yes,Yes,No,No,Yes,No,Two year,Yes,Credit card (automatic),99.55,4014.71,No
6413-HORTP,Male,0,No,No,8,Yes,No,Fiber optic,No,Yes,No,No,Yes,Yes,Month-to-month,Yes,Mailed check,93.86,776.12,Yes
2076-IGKHB,Female,1,Yes,Yes,51,No,No phone service,Fiber optic,No,Yes,No,No,Yes,Yes,Two year,No,Electronic check,86.29,4294.35,Yes
7277-CKHYV,Female,1,No,No,62,Yes,Yes,DSL,No,No,No,No,Yes,No,One year,No,Mailed check,67.05,4165.13,No
7135-BVTSF,Female,0,No,No,40,Yes,No,Fiber optic,No,No,Yes,No,Yes,No,Month-to-month,Yes,Bank transfer (automatic),86.63,3335.52,No
5703-IDZUB,Female,0,Yes,No,34,No,No phone service,Fiber optic,No,Yes,Yes,No,Yes,Yes,Month-to-month,Yes,Electronic check,95.14,3332.54,Yes
9120-QWUXT,Female,0,Yes,No,13,Yes,Yes,Fiber optic,No,Yes,Yes,No,Yes,Yes,Two year,Yes,Bank transfer (automatic),107.89,1445.76,No
9804-XFYKU,Male,0,Yes,No,70,Yes,Yes,DSL,Yes,No,Yes,No,Yes,No,Month-to-month,Yes,Electronic check,79.38,5474.51,Yes
6311-NTYJQ,Female,0,Yes,No,57,Yes,No,No,No internet service,No internet service,No internet service,No internet service,No internet service,No internet service,One year,Yes,Credit card (automatic),27.67,1529.59,No
9065-RIMGJ,Female,0,No,No,30,Yes,No,Fiber optic,No,No,No,No,No,Yes,Two year,Yes,Mailed check,76.35,2276.64,No
5442-LEGVO,Female,0,Yes,No,49,Yes,No,Fiber optic,Yes,No,No,Yes,Yes,No,One year,Yes,Electronic check,93.13,4738.09,No
3999-GJGEL,Female,0,Yes,No,17,Yes,Yes,DSL,Yes,Yes,No,No,No,No,Month-to-month,No,Bank transfer (automatic),67.41,1136.69,Yes
4214-FXJNP,Female,0,No,No,2,Yes,No,DSL,Yes,Yes,No,No,Yes,No,Month-to-month,Yes,Bank transfer (automatic),73.56,153.0,No
9566-MGJDV,Female,0,Yes,Yes,7,Yes,No,DSL,No,No,No,No,No,No,Month-to-month,Yes,Electronic check,51.78,377.36,Yes
6962-YMAYW,Male,1,Yes,Yes,2,Yes,No,No,No internet service,No internet service,No internet service,No internet service,No internet service,No internet service,Month-to-month,Yes,Electronic check,22.27,45.76,No
5525-YSJSE,Male,1,Yes,No,33,Yes,Yes,Fiber optic,No,Yes,Yes,Yes,No,No,One year,No,Electronic check,91.73,3030.86,No
8062-LLPOM,Female,0,No,No,45,Yes,Yes,DSL,Yes,No,No,Yes,No,Yes,One year,Yes,Electronic check,78.46,3590.64,No
8250-ZZRZG,Female,0,Yes,No,20,Yes,No,Fiber optic,No,No,No,Yes,Yes,Yes,Month-to-month,Yes,Bank transfer (automatic),96.34,1864.68,Yes
5113-CMSMS,Female,0,Yes,Yes,35,Yes,No,DSL,No,No,No,No,Yes,Yes,Month-to-month,No,Mailed check,66.41,2287.21,Yes
4503-EQJDW,Female,0,Yes,No,2,No,No phone service,Fiber optic,No,Yes,Yes,No,No,No,Month-to-month,No,Electronic check,78.43,156.19,No
6950-GOXWY,Female,1,No,No,59,Yes,Yes,DSL,No,No,Yes,No,Yes,No,Two year,Yes,Electronic check,74.21,4231.52,No
1825-MEYMV,Male,0,Yes,No,1,No,No phone service,Fiber optic,No,Yes,Yes,Yes,No,No,Month-to-month,No,Mailed check,78.28,81.86,Yes
7487-HNYAI,Male,0,Yes,Yes,46,Yes,Yes,Fiber optic,Yes,No,Yes,No,Yes,Yes,One year,Yes,Credit card (automatic),112.51,5080.81,Yes
9160-UTBYC,Female,0,Yes,Yes,25,Yes,No,DSL,No,Yes,Yes,Yes,No,No,One year,Yes,Electronic check,67.98,1679.74,No
8255-GAJFZ,Male,0,No,No,6,Yes,Yes,DSL,No,No,No,Yes,Yes,No,Month-to-month,Yes,Electronic check,76.66,442.4,Yes
8291-AQLUK,Female,0,Yes,No,34,Yes,No,Fiber optic,No,No,Yes,No,Yes,Yes,One year,Yes,Bank transfer (automatic),95.09,3157.32,No
4451-ZXFVG,Female,1,No,No,60,Yes,Yes,Fiber optic,No,No,No,No,No,No,One year,No,Bank transfer (automatic),76.24,4415.57,No
8373-YXGLC,Male,0,Yes,No,23,Yes,Yes,DSL,No,Yes,No,No,Yes,Yes,Month-to-month,Yes,Electronic check,87.77,2036.46,Yes
1987-HBINV,Female,0,No,Yes,19,Yes,Yes,No,No internet service,No internet service,No internet service,No internet service,No internet service,No internet service,Two year,Yes,Electronic check,32.31,618.41,No
9411-YCSRT,Male,1,No,No,3,Yes,Yes,Fiber optic,Yes,Yes,Yes,No,Yes,No,Month-to-month,Yes,Bank transfer (automatic),105.65,303.99,Yes
7473-YKAGZ,Male,0,No,No,42,Yes,No,DSL,No,No,Yes,No,Yes,Yes,Two year,Yes,Mailed check,73.87,3215.84,No
9447-SVDHN,Male,1,No,No,64,No,No phone service,Fiber optic,Yes,Yes,No,No,No,Yes,One year,No,Electronic check,85.21,5611.15,No
7752-KQDZL,Female,0,Yes,Yes,38,Yes,Yes,Fiber optic,No,No,No,No,Yes,Yes,Two year,Yes,Bank transfer (automatic),101.8,3891.83,No
1669-XGGTI,Male,1,No,No,5,Yes,Yes,DSL,Yes,No,No,Yes,No,Yes,One year,Yes,Bank transfer (automatic),82.56,408.38,No
4623-ZGLYK,Male,0,No,No,49,Yes,No,Fiber optic,No,No,Yes,No,No,No,Two year,Yes,Bank transfer (automatic),75.68,3745.31,No
8951-XTHXC,Male,1,No,No,1,Yes,No,DSL,Yes,Yes,No,Yes,Yes,No,Month-to-month,Yes,Mailed check,73.67,70.79,Yes
7716-LFZHS,Male,0,Yes,No,65,Yes,Yes,No,No internet service,No internet service,No internet service,No internet service,No internet service,No internet service,One year,No,Credit card (automatic),36.41,2263.46,No
9645-KMKHJ,Female,0,No,No,70,Yes,No,DSL,No,Yes,No,Yes,Yes,Yes,Month-to-month,No,Mailed check,77.72,5546.51,No
1084-TXXNE,Male,0,No,No,42,Yes,Yes,Fiber optic,No,No,No,No,No,Yes,One year,Yes,Electronic check,93.13,3724.41,No
6022-HLZYD,Female,0,No,No,69,Yes,Yes,DSL,No,No,Yes,No,No,No,One year,Yes,Mailed check,61.25,4253.3,No
6529-ANSPJ,Male,0,No,No,2,Yes,Yes,DSL,Yes,Yes,Yes,No,No,No,Month-to-month,No,Bank transfer (automatic),77.4,158.47,Yes
8545-OLUJZ,Female,1,No,No,9,No,No phone service,DSL,No,Yes,Yes,Yes,Yes,Yes,Month-to-month,No,Bank transfer (automatic),76.87,687.95,No
6498-DINNQ,Male,0,No,No,15,Yes,Yes,No,No internet service,No internet service,No internet service,No internet service,No internet service,No internet service,Two year,No,Electronic check,38.35,594.31,No
1231-WGHAU,Female,0,Yes,No,59,Yes,Yes,Fiber optic,No,No,No,No,No,Yes,Two year,No,Mailed check,89.09,5242.22,No
2617-CFCEI,Male,0,Yes,Yes,30,Yes,No,DSL,No,Yes,No,Yes,No,Yes,Month-to-month,Yes,Mailed check,69.73,2160.68,No
8015-VHOMG,Female,0,Yes,No,18,No,No phone service,DSL,Yes,Yes,Yes,No,No,Yes,Two year,No,Credit card (automatic),69.51,1258.83,No
1885-DOTLT,Female,0,Yes,No,4,Yes,Yes,Fiber optic,Yes,Yes,Yes,Yes,No,No,One year,Yes,Mailed check,100.57,386.62,Yes
7351-DGRFR,Female,1,Yes,No,63,Yes,No,Fiber optic,No,Yes,Yes,No,No,Yes,Month-to-month,Yes,Electronic check,90.98,5873.09,Yes
5061-HXDZY,Female,0,Yes,Yes,1,No,No phone service,DSL,No,No,No,No,No,Yes,Month-to-month,No,Mailed check,58.69,61.16,No
5255-AFMKJ,Male,0,Yes,No,17,Yes,Yes,Fiber optic,No,No,No,No,Yes,No,Month-to-month,No,Electronic check,86.74,1435.42,Yes
3373-ENSIH,Female,0,Yes,No,10,Yes,No,DSL,Yes,No,No,No,No,Yes,Month-to-month,No,Mailed check,66.88,647.88,Yes
3383-FUUZS,Male,0,No,No,3,Yes,No,Fiber optic,Yes,Yes,No,Yes,Yes,Yes,Month-to-month,Yes,Electronic check,102.16,312.79,No
5511-YSQYN,Female,0,No,Yes,5,Yes,No,Fiber optic,Yes,No,Yes,No,No,Yes,Month-to-month,Yes,Mailed check,90.15,471.99,Yes
8343-GJWZC,Female,0,Yes,Yes,31,Yes,Yes,Fiber optic,No,Yes,No,No,No,No,One year,Yes,Credit card (automatic),84.69,2630.44,Yes
9115-LINTA,Female,0,Yes,No,24,Yes,No,No,No internet service,No internet service,No internet service,No internet service,No internet service,No internet service,One year,No,Electronic check,28.8,661.85,Yes
5476-YJRLQ,Male,0,No,No,34,No,No phone service,No,No internet service,No internet service,No internet service,No internet service,No internet service,No internet service,Two year,No,Bank transfer (automatic),18.25,602.06,No
9075-KSNRM,Male,1,Yes,No,55,Yes,Yes,Fiber optic,No,Yes,No,Yes,No,Yes,One year,Yes,Mailed check,98.12,5512.98,Yes
9053-PZMDX,Male,0,No,No,70,No,No phone service,Fiber optic,No,No,No,No,No,Yes,Two year,Yes,Credit card (automatic),71.11,4848.35,No
1304-DLMDU,Male,0,Yes,No,3,Yes,No,Fiber optic,No,No,Yes,Yes,No,No,Month-to-month,Yes,Electronic check,83.1,252.3,Yes
5814-LXREK,Male,0,Yes,Yes,2,Yes,Yes,No,No internet service,No internet service,No internet service,No internet service,No internet service,No internet service,Month-to-month,Yes,Mailed check,33.77,67.43,Yes
7513-DFLIO,Male,0,Yes,No,15,Yes,No,No,No internet service,No internet service,No internet service,No internet service,No internet service,No internet service,One year,Yes,Mailed check,21.08,324.13,No
9373-LHHOK,Female,0,Yes,No,37,Yes,Yes,DSL,No,Yes,Yes,Yes,No,No,Month-to-month,Yes,Electronic check,76.78,2794.42,Yes
2176-OILKQ,Female,0,Yes,No,3,Yes,Yes,DSL,No,No,No,No,No,No,Month-to-month,Yes,Credit card (automatic),56.63,162.0,No
1327-LWNTZ,Female,1,Yes,No,54,Yes,No,Fiber optic,No,Yes,Yes,No,No,No,Month-to-month,No,Credit card (automatic),80.44,4155.81,No
9360-FDOEZ,Male,1,No,No,38,Yes,Yes,Fiber optic,No,No,Yes,No,No,No,One year,No,Electronic check,86.16,3304.75,Yes
1514-HNFON,Female,0,Yes,No,57,Yes,Yes,Fiber optic,No,Yes,Yes,No,No,No,One year,Yes,Electronic check,88.87,4859.36,Yes
2885-QUJDI,Female,0,No,No,18,Yes,Yes,DSL,No,No,No,Yes,Yes,Yes,One year,No,Electronic check,85.27,1518.71,No
7327-CDJDV,Female,0,No,No,22,Yes,Yes,DSL,No,Yes,Yes,No,No,No,Month-to-month,No,Electronic check,73.1,1625.43,Yes
3653-OSPYM,Male,1,No,No,62,Yes,No,Fiber optic,Yes,Yes,Yes,Yes,No,No,One year,No,Credit card (automatic),87.14,5318.92,No
5697-GZCXU,Male,0,Yes,No,11,Yes,Yes,No,No internet service,No internet service,No internet service,No internet service,No internet service,No internet service,Month-to-month,No,Credit card (automatic),37.12,404.78,No
6713-WPGUY,Female,0,Yes,No,20,Yes,No,Fiber optic,No,No,Yes,Yes,No,No,Two year,Yes,Electronic check,77.64,1610.08,No
5967-PXSTC,Male,0,Yes,Yes,1,Yes,No,Fiber optic,No,Yes,Yes,Yes,Yes,Yes,Month-to-month,Yes,Bank transfer (automatic),106.32,109.26,No
8996-BWZAP,Female,0,No,No,38,Yes,Yes,DSL,Yes,Yes,Yes,Yes,Yes,No,Two year,Yes,Mailed check,92.64,3674.57,No
6059-YIQCM,Male,0,No,Yes,66,Yes,Yes,DSL,No,No,Yes,No,No,No,One year,No,Electronic check,62.05,4270.85,No
1005-TUBZZ,Male,0,Yes,Yes,1,Yes,No,Fiber optic,Yes,No,Yes,No,No,No,Month-to-month,Yes,Electronic check,81.09,83.0,Yes
1569-SSYPK,Female,0,Yes,No,44,Yes,Yes,DSL,Yes,No,Yes,Yes,No,Yes,Month-to-month,No,Electronic check,87.53,3820.87,Yes
9861-WGXPH,Male,0,Yes,No,66,Yes,Yes,Fiber optic,No,Yes,Yes,No,Yes,No,One year,Yes,Credit card (automatic),103.1,6739.91,No
7713-OPAOL,Male,0,No,No,31,Yes,No,Fiber optic,No,Yes,No,No,No,Yes,Month-to-month,No,Mailed check,82.86,2571.78,Yes
8246-LQAON,Male,0,Yes,Yes,15,Yes,No,DSL,Yes,No,No,No,Yes,No,Month-to-month,Yes,Bank transfer (automatic),62.77,945.28,Yes
5089-QIVFX,Female,1,No,No,72,Yes,No,Fiber optic,Yes,Yes,Yes,No,No,No,Two year,No,Bank transfer (automatic),84.17,5982.22,No
8391-EDMIY,Male,0,No,No,2,Yes,Yes,No,No internet service,No internet service,No internet service,No internet service,No internet service,No internet service,Month-to-month,Yes,Mailed check,37.76,74.35,No
7654-TIYJU,Female,0,No,No,8,Yes,Yes,DSL,No,No,Yes,Yes,Yes,No,Month-to-month,Yes,Credit card (automatic),83.37,635.2,Yes
9795-DUJLN,Male,0,Yes,No,69,Yes,Yes,No,No internet service,No internet service,No internet service,No internet service,No internet service,No internet service,One year,No,Credit card (automatic),35.68,2435.0,No
3366-PEXGY,Female,1,Yes,No,14,Yes,Yes,DSL,No,Yes,No,No,Yes,No,One year,No,Electronic check,78.06,1103.68,Yes
5005-FVYRQ,Female,0,Yes,No,63,Yes,No,Fiber optic,No,Yes,Yes,No,No,Yes,Two year,No,Credit card (automatic),86.47,5465.63,Yes
9739-IOFYQ,Male,1,No,No,16,Yes,No,Fiber optic,Yes,Yes,Yes,Yes,No,Yes,Two year,No,Electronic check,96.82,1522.63,No
1171-ICVZU,Male,0,Yes,No,63,Yes,Yes,Fiber optic,No,Yes,No,No,No,No,Month-to-month,Yes,Credit card (automatic),82.47,5282.48,Yes
3808-LMXWR,Male,0,No,No,51,Yes,No,DSL,Yes,Yes,Yes,No,No,Yes,Month-to-month,Yes,Electronic check,75.9,3737.05,No
4690-ZCVZP,Female,1,No,Yes,29,No,No phone service,DSL,No,Yes,Yes,Yes,Yes,No,Month-to-month,Yes,Bank transfer (automatic),68.81,2038.3,Yes
2845-ECSWM,Male,0,No,Yes,34,Yes,Yes,Fiber optic,No,Yes,No,No,Yes,No,One year,No,Credit card (automatic),92.65,3128.14,Yes
8624-GRHKG,Male,0,No,No,6,Yes,No,DSL,Yes,No,No,Yes,Yes,No,Month-to-month,No,Electronic check,71.56,450.13,No
3154-OUVGR,Male,0,Yes,Yes,3,Yes,No,Fiber optic,No,No,Yes,No,No,Yes,Month-to-month,No,Credit card (automatic),85.43,258.9,Yes
2746-XQIMA,Male,0,Yes,No,54,Yes,No,DSL,Yes,No,Yes,No,Yes,Yes,Two year,No,Electronic check,83.97,4740.5,No
3153-PCRKS,Male,0,No,No,66,Yes,No,Fiber optic,No,No,Yes,No,No,Yes,One year,No,Mailed check,88.47,5946.41,No
5215-FCGJW,Female,0,No,No,54,Yes,Yes,Fiber optic,No,No,Yes,Yes,No,No,Month-to-month,Yes,Bank transfer (automatic),88.46,4591.47,No
4493-VGGBY,Female,0,No,No,70,Yes,No,DSL,No,Yes,Yes,No,Yes,No,One year,No,Credit card (automatic),70.65,5191.03,No
9780-LGBMN,Male,0,Yes,No,70,No,No phone service,Fiber optic,No,No,Yes,No,Yes,No,Two year,Yes,Mailed check,79.0,5670.78,No
8465-BULEL,Female,0,Yes,No,60,Yes,Yes,Fiber optic,No,No,Yes,Yes,No,No,Two year,No,Bank transfer (automatic),91.22,5549.54,No
5603-YHWAT,Female,1,No,No,70,Yes,Yes,DSL,Yes,No,Yes,Yes,Yes,Yes,Month-to-month,Yes,Credit card (automatic),95.35,6833.31,Yes
7561-XQXIV,Female,0,Yes,Yes,5,Yes,No,No,No internet service,No internet service,No internet service,No internet service,No internet service,No internet service,Month-to-month,Yes,Credit card (automatic),28.44,145.7,No
6444-BWWSQ,Female,1,Yes,No,55,Yes,Yes,No,No internet service,No internet service,No internet service,No internet service,No internet service,No internet service,Two year,No,Mailed check,35.96,1931.8,No
7486-WBPDB,Female,0,Yes,No,57,Yes,No,Fiber optic,No,No,No,No,Yes,Yes,Two year,No,Mailed check,89.23,4852.15,No
3959-TRTHB,Female,0,No,No,4,Yes,Yes,DSL,No,No,No,No,No,Yes,Month-to-month,Yes,Bank transfer (automatic),71.34,272.38,Yes
7064-KNPOO,Female,0,No,No,70,Yes,Yes,Fiber optic,Yes,Yes,Yes,No,Yes,Yes,Two year,No,Credit card (automatic),116.59,8134.83,No
1205-YPOVD,Male,0,No,No,1,Yes,No,No,No internet service,No internet service,No internet service,No internet service,No internet service,No internet service,Month-to-month,Yes,Electronic check,27.35,26.59,Yes
3545-PRBWD,Male,0,No,No,25,Yes,No,Fiber optic,No,No,No,No,Yes,No,Month-to-month,Yes,Bank transfer (automatic),78.81,1970.14,Yes
4645-TPZZL,Male,0,Yes,No,1,Yes,No,DSL,No,No,Yes,No,No,Yes,Month-to-month,No,Electronic check,64.37,67.58,No
4250-CSOCH,Female,0,No,No,34,No,No phone service,No,No internet service,No internet service,No internet service,No internet service,No internet service,No internet service,Month-to-month,Yes,Bank transfer (automatic),18.29,618.4,No
6237-RLCTN,Male,0,Yes,Yes,23,Yes,Yes,Fiber optic,No,No,No,No,No,Yes,Two year,Yes,Bank transfer (automatic),88.44,2026.56,No
5637-WIDEI,Female,0,Yes,No,45,Yes,No,Fiber optic,No,No,Yes,No,No,Yes,Two year,Yes,Credit card (automatic),84.18,3603.31,No
5655-PECUY,Male,0,Yes,No,58,Yes,Yes,Fiber optic,No,No,No,Yes,Yes,No,Two year,Yes,Mailed check,92.83,5547.19,No
6909-VDASJ,Female,0,Yes,Yes,59,Yes,No,Fiber optic,No,Yes,Yes,No,Yes,Yes,Month-to-month,No,Mailed check,98.48,6065.51,No
6898-LVIUM,Male,0,No,No,54,No,No phone service,DSL,No,No,No,No,Yes,No,One year,No,Credit card (automatic),56.89,3176.01,No
4174-BSHKY,Female,0,No,No,3,Yes,No,Fiber optic,No,Yes,No,No,No,No,Month-to-month,No,Bank transfer (automatic),72.22,209.98,Yes
2394-ZVLCM,Female,1,No,No,23,Yes,No,Fiber optic,Yes,Yes,No,Yes,Yes,No,One year,Yes,Electronic check,94.47,2211.09,Yes
1786-GLCOE,Male,1,No,No,63,Yes,No,No,No internet service,No internet service,No internet service,No internet service,No internet service,No internet service,Two year,Yes,Mailed check,24.24,1506.83,No
3747-HMGLH,Male,0,Yes,No,48,Yes,Yes,DSL,No,No,Yes,Yes,No,No,Month-to-month,Yes,Electronic check,69.75,3233.94,No
3598-JJYTR,Female,0,No,No,51,No,No phone service,DSL,No,Yes,Yes,No,Yes,Yes,Two year,No,Bank transfer (automatic),73.2,3826.33,No
3988-YCWGA,Male,0,No,No,9,Yes,Yes,Fiber optic,No,No,Yes,No,No,Yes,Month-to-month,Yes,Credit card (automatic),93.37,812.6,Yes
9454-HUSFU,Female,0,No,No,16,Yes,Yes,DSL,No,Yes,Yes,No,No,No,Month-to-month,Yes,Electronic check,66.83,1016.96,Yes
4842-XFCEA,Female,1,Yes,Yes,71,Yes,Yes,DSL,Yes,Yes,Yes,Yes,No,No,One year,No,Electronic check,77.73,5374.49,No
8992-DMTAH,Female,0,No,No,66,Yes,Yes,No,No internet service,No internet service,No internet service,No internet service,No internet service,No internet service,Two year,Yes,Electronic check,36.48,2298.38,No
3697-NGDBX,Female,0,Yes,No,5,Yes,Yes,DSL,No,Yes,Yes,Yes,Yes,Yes,Two year,No,Electronic check,91.29,468.07,No
4417-NJGWX,Female,0,Yes,Yes,37,Yes,No,No,No internet service,No internet service,No internet service,No internet service,No internet service,No internet service,One year,No,Electronic check,24.48,865.03,No
8396-RPDLG,Female,0,Yes,No,31,Yes,Yes,No,No internet service,No internet service,No internet service,No internet service,No internet service,No internet service,Month-to-month,Yes,Bank transfer (automatic),37.66,1120.54,Yes
2230-DWWFX,Female,0,Yes,Yes,26,Yes,Yes,Fiber optic,No,No,No,Yes,Yes,Yes,Two year,No,Electronic check,101.57,2551.73,No
1764-FTATX,Male,0,No,No,29,Yes,Yes,No,No internet service,No internet service,No internet service,No internet service,No internet service,No internet service,Month-to-month,Yes,Bank transfer (automatic),31.44,875.2,Yes
4770-FNZXM,Male,0,No,No,47,Yes,Yes,DSL,No,No,Yes,No,Yes,Yes,One year,Yes,Bank transfer (automatic),81.41,3813.7,No
7836-YUOKJ,Male,0,Yes,No,72,Yes,Yes,DSL,Yes,No,No,No,No,No,Month-to-month,No,Bank transfer (automatic),65.89,4810.08,No
7410-VPHHY,Female,0,No,No,69,Yes,No,Fiber optic,No,Yes,Yes,Yes,Yes,Yes,One year,Yes,Electronic check,107.93,7325.86,No
6321-HSPMX,Male,0,No,No,68,Yes,No,No,No internet service,No internet service,No internet service,No internet service,No internet service,No internet service,Two year,Yes,Bank transfer (automatic),27.2,1817.4,No
6873-XIMBG,Female,0,Yes,No,53,Yes,No,DSL,No,Yes,No,Yes,Yes,Yes,Month-to-month,Yes,Credit card (automatic),82.96,4345.12,No
7118-ZYEZD,Male,0,No,No,1,Yes,No,DSL,Yes,No,Yes,No,No,No,Month-to-month,Yes,Bank transfer (automatic),60.79,62.02,Yes
1056-VYOPM,Female,0,Yes,No,26,Yes,Yes,Fiber optic,Yes,No,Yes,No,Yes,No,Month-to-month,Yes,Mailed check,98.9,2454.29,Yes
5893-EWGST,Male,0,No,No,33,Yes,Yes,DSL,No,No,Yes,Yes,Yes,No,Month-to-month,No,Electronic check,81.49,2821.68,No
4712-DSAPS,Male,0,No,No,65,Yes,No,Fiber optic,Yes,No,Yes,No,Yes,No,One year,Yes,Bank transfer (automatic),87.69,5966.56,No
2688-TYBWP,Male,0,Yes,Yes,70,No,No phone service,Fiber optic,Yes,Yes,No,No,No,No,Two year,Yes,Bank transfer (automatic),71.83,5022.94,No
8735-EVLJH,Male,0,No,No,27,Yes,Yes,No,No internet service,No internet service,No internet service,No internet service,No internet service,No internet service,Month-to-month,Yes,Mailed check,38.79,1005.39,No
8147-CJNVN,Male,0,No,No,14,Yes,Yes,Fiber optic,No,No,No,Yes,Yes,No,Month-to-month,Yes,Electronic check,93.29,1313.02,Yes
1289-FDCGG,Female,0,Yes,No,17,Yes,Yes,DSL,Yes,No,No,Yes,No,Yes,One year,Yes,Credit card (automatic),80.82,1413.03,Yes
7534-ABPNE,Male,0,Yes,Yes,40,Yes,Yes,Fiber optic,No,No,No,No,Yes,No,One year,Yes,Electronic check,93.4,3782.06,Yes
6592-GAAYY,Female,0,Yes,Yes,12,Yes,Yes,Fiber optic,No,No,No,No,No,Yes,Month-to-month,No,Credit card (automatic),92.92,1147.86,Yes
5848-HIJKA,Male,0,Yes,Yes,70,No,No phone service,Fiber optic,No,No,No,No,Yes,No,One year,Yes,Electronic check,73.8,5048.74,No
1440-EIZVI,Male,0,Yes,No,23,Yes,No,DSL,No,No,No,No,Yes,Yes,Month-to-month,Yes,Electronic check,69.55,1545.78,Yes
9257-GGXGZ,Male,0,Yes,No,72,Yes,Yes,DSL,No,No,Yes,Yes,Yes,Yes,Two year,Yes,Bank transfer (automatic),91.27,6547.69,No
4314-JCUFG,Male,0,Yes,Yes,3,Yes,No,No,No internet service,No internet service,No internet service,No internet service,No internet service,No internet service,Month-to-month,No,Bank transfer (automatic),25.25,72.92,Yes
7461-QEZFX,Female,0,Yes,No,6,Yes,No,Fiber optic,No,Yes,Yes,Yes,No,Yes,Month-to-month,No,Bank transfer (automatic),98.89,612.51,Yes
3408-REKBQ,Female,0,No,No,33,Yes,Yes,DSL,No,Yes,No,No,No,No,Month-to-month,No,Bank transfer (automatic),62.64,2032.91,Yes
5317-UYTZK,Male,0,No,No,68,Yes,No,Fiber optic,Yes,No,Yes,No,No,No,One year,Yes,Electronic check,83.28,5788.81,No
5801-SKUGR,Female,0,No,Yes,18,Yes,No,Fiber optic,No,Yes,No,No,Yes,Yes,One year,Yes,Bank transfer (automatic),97.21,1821.26,No
4235-AOMHY,Male,0,Yes,Yes,65,Yes,Yes,No,No internet service,No internet service,No internet service,No internet service,No internet service,No internet service,Two year,No,Bank transfer (automatic),35.81,2256.66,No
3882-BFPTX,Female,0,No,No,24,Yes,Yes,Fiber optic,No,No,Yes,Yes,Yes,Yes,Month-to-month,No,Credit card (automatic),112.99,2642.75,Yes
8170-FLLUH,Female,0,No,No,66,Yes,No,No,No internet service,No internet service,No internet service,No internet service,No internet service,No internet service,Two year,No,Bank transfer (automatic),21.44,1359.62,No
2290-CQWLC,Female,0,No,No,12,Yes,Yes,No,No internet service,No internet service,No internet service,No internet service,No internet service,No internet service,Month-to-month,Yes,Mailed check,31.2,356.18,No
6281-OMIGL,Male,0,No,Yes,29,Yes,Yes,DSL,No,Yes,Yes,No,No,Yes,Month-to-month,No,Bank transfer (automatic),83.12,2303.27,Yes
1947-ZZVSI,Male,0,No,No,12,Yes,No,Fiber optic,No,No,No,No,No,Yes,Two year,No,Electronic check,78.62,914.38,No
4957-OEBVF,Female,0,Yes,Yes,8,Yes,No,DSL,No,Yes,No,Yes,No,No,Month-to-month,No,Electronic check,56.15,469.07,No
2941-NEPOE,Female,0,Yes,Yes,24,Yes,Yes,DSL,Yes,No,No,No,Yes,Yes,Month-to-month,No,Mailed check,87.85,2122.12,Yes
1364-ZNXSG,Female,0,No,No,17,No,No phone service,No,No internet service,No internet service,No internet service,No internet service,No internet service,No internet service,Month-to-month,Yes,Mailed check,23.91,419.09,No
1602-HJHTH,Male,0,Yes,Yes,60,Yes,Yes,DSL,No,Yes,No,No,Yes,No,Two year,Yes,Bank transfer (automatic),71.73,4484.81,No
9731-FMKZQ,Female,0,No,No,57,Yes,Yes,Fiber optic,No,Yes,No,No,Yes,Yes,Two year,No,Bank transfer (automatic),106.77,5811.18,No
5808-WHBZN,Female,0,Yes,No,19,Yes,No,No,No internet service,No internet service,No internet service,No internet service,No internet service,No internet service,Month-to-month,Yes,Electronic check,22.09,417.51,Yes
6404-LMVWQ,Male,0,No,No,72,No,No phone service,DSL,No,Yes,No,No,Yes,No,Two year,Yes,Bank transfer (automatic),57.18,4056.77,No
9722-MTUWY,Female,1,No,No,72,Yes,No,Fiber optic,No,No,No,No,No,Yes,Month-to-month,Yes,Electronic check,79.52,5694.97,No
8129-RUDHT,Male,1,Yes,No,70,Yes,Yes,Fiber optic,No,Yes,No,No,No,Yes,Two year,Yes,Bank transfer (automatic),92.35,6218.69,No
3562-QIHWF,Male,0,Yes,No,41,Yes,No,Fiber optic,No,No,No,No,Yes,No,Two year,No,Mailed check,79.41,3413.16,No
4046-ALEPY,Male,0,Yes,No,23,Yes,No,Fiber optic,Yes,No,Yes,No,No,No,Month-to-month,No,Bank transfer (automatic),78.08,1813.71,Yes
6170-HCWZN,Female,0,No,No,15,Yes,No,No,No internet service,No internet service,No internet service,No internet service,No internet service,No internet service,Month-to-month,Yes,Bank transfer (automatic),24.75,388.11,Yes
9708-ZKGUX,Female,0,No,No,1,Yes,Yes,Fiber optic,No,No,Yes,Yes,Yes,Yes,Month-to-month,Yes,Mailed check,113.48,113.23,Yes
8292-BBGQJ,Female,0,No,No,46,Yes,No,Fiber optic,No,Yes,No,No,No,Yes,Two year,Yes,Mailed check,87.62,3949.1,No
8907-MUQOR,Male,0,Yes,Yes,38,Yes,No,DSL,Yes,No,Yes,No,Yes,Yes,Two year,Yes,Mailed check,80.43,3119.51,No
4584-VPZZO,Male,0,Yes,Yes,46,No,No phone service,No,No internet service,No internet service,No internet service,No internet service,No internet service,No internet service,Two year,No,Bank transfer (automatic),23.45,1047.29,No
9416-BTAKF,Female,0,Yes,No,40,Yes,Yes,No,No internet service,No internet service,No internet service,No internet service,No internet service,No internet service,Two year,Yes,Mailed check,33.04,1364.15,No
7683-VIQZL,Female,0,Yes,Yes,3,Yes,No,Fiber optic,No,No,No,No,Yes,No,Month-to-month,No,Mailed check,78.77,247.18,Yes
3160-MFXVN,Female,0,No,No,52,Yes,Yes,No,No internet service,No internet service,No internet service,No internet service,No internet service,No internet service,Two year,No,Mailed check,32.54,1671.59,No
8183-AMWUU,Male,0,Yes,Yes,19,Yes,No,Fiber optic,No,No,No,No,No,No,Month-to-month,No,Electronic check,67.03,1266.42,Yes
6644-NVUIW,Female,0,No,No,34,Yes,No,Fiber optic,No,Yes,Yes,No,No,Yes,Month-to-month,Yes,Credit card (automatic),92.87,3042.68,Yes
2086-WLTTO,Female,1,Yes,Yes,19,Yes,No,No,No internet service,No internet service,No internet service,No internet service,No internet service,No internet service,Month-to-month,No,Electronic check,22.32,438.67,Yes
9582-ICNQR,Female,0,Yes,No,1,Yes,Yes,Fiber optic,Yes,Yes,Yes,No,No,No,Month-to-month,Yes,Mailed check,97.78,96.91,Yes
7971-TFLBG,Female,0,No,No,69,Yes,No,DSL,No,Yes,No,No,Yes,No,One year,No,Credit card (automatic),64.7,4415.19,No
9849-DARTF,Female,0,No,No,4,Yes,No,Fiber optic,No,Yes,No,No,Yes,No,Month-to-month,Yes,Bank transfer (automatic),85.84,333.85,Yes
9109-OTQFJ,Female,0,Yes,No,41,Yes,Yes,DSL,No,Yes,No,Yes,Yes,Yes,Two year,No,Electronic check,88.26,3792.25,No
6690-HTVUS,Female,0,No,No,69,Yes,No,DSL,No,Yes,No,No,Yes,No,One year,Yes,Electronic check,62.51,4339.18,No
1179-ZOVYA,Female,0,Yes,No,8,Yes,No,No,No internet service,No internet service,No internet service,No internet service,No internet service,No internet service,One year,No,Mailed check,21.96,181.41,No
2562-TFLJV,Male,0,No,No,23,Yes,No,DSL,No,No,Yes,No,No,Yes,Month-to-month,No,Electronic check,62.89,1433.76,Yes
5723-KGZNZ,Female,1,No,No,20,Yes,Yes,No,No internet service,No internet service,No internet service,No internet service,No internet service,No internet service,One year,No,Bank transfer (automatic),38.41,771.95,No
8004-HQEFZ,Female,1,No,No,2,No,No phone service,No,No internet service,No internet service,No internet service,No internet service,No internet service,No internet service,Month-to-month,Yes,Bank transfer (automatic),23.53,45.13,No
6309-LUUFU,Male,0,Yes,Yes,24,Yes,No,No,No internet service,No internet service,No internet service,No internet service,No internet service,No internet service,Month-to-month,No,Credit card (automatic),22.58,541.29,Yes
6228-JBHFP,Female,1,No,Yes,30,Yes,No,DSL,No,Yes,Yes,No,Yes,Yes,Month-to-month,No,Electronic check,80.98,2387.08,Yes
2374-DCBTJ,Female,0,No,No,1,Yes,Yes,DSL,No,No,No,No,Yes,No,Month-to-month,No,Electronic check,69.55,68.6,Yes
4431-AXVDL,Male,0,Yes,Yes,31,No,No phone service,No,No internet service,No internet service,No internet service,No internet service,No internet service,No internet service,One year,Yes,Bank transfer (automatic),20.82,621.78,No
2887-DRDQL,Female,0,No,No,2,Yes,No,Fiber optic,No,No,No,Yes,No,Yes,Month-to-month,Yes,Electronic check,86.55,175.84,Yes
2366-VVPPC,Male,0,Yes,Yes,70,Yes,Yes,Fiber optic,No,No,Yes,Yes,No,Yes,Two year,Yes,Mailed check,96.28,6479.41,No
6051-XTIOD,Female,0,No,No,48,Yes,No,No,No internet service,No internet service,No internet service,No internet service,No internet service,No internet service,One year,No,Electronic check,21.79,1092.69,No
8071-WVLSP,Male,1,Yes,No,2,Yes,Yes,DSL,No,No,Yes,No,No,Yes,Month-to-month,No,Mailed check,75.4,148.91,No
8799-EBTYD,Female,0,No,No,64,Yes,No,No,No internet service,No internet service,No internet service,No internet service,No internet service,No internet service,One year,Yes,Electronic check,23.06,1490.4,No
9320-WHFEO,Female,1,No,No,19,Yes,No,Fiber optic,No,Yes,No,No,Yes,Yes,Month-to-month,Yes,Credit card (automatic),96.96,1851.77,Yes
5075-KSOUJ,Female,0,Yes,No,9,Yes,Yes,No,No internet service,No internet service,No internet service,No internet service,No internet service,No internet service,Month-to-month,No,Electronic check,31.86,298.45,Yes
2505-FQGYE,Female,0,Yes,No,10,Yes,No,DSL,Yes,No,No,No,Yes,No,Month-to-month,No,Mailed check,66.96,640.12,No
5663-VYSZJ,Male,0,Yes,Yes,42,Yes,No,Fiber optic,No,Yes,No,Yes,No,Yes,One year,No,Mailed check,88.61,3712.0,Yes
7230-JEPYS,Female,1,Yes,Yes,2,Yes,No,No,No internet service,No internet service,No internet service,No internet service,No internet service,No internet service,Month-to-month,Yes,Electronic check,22.87,45.72,Yes
5005-DQUUU,Male,0,Yes,No,2,Yes,No,DSL,Yes,No,Yes,No,No,Yes,Two year,No,Electronic check,71.88,149.01,No
2159-SQKOI,Female,0,Yes,No,45,Yes,Yes,Fiber optic,No,Yes,No,No,No,Yes,Two year,Yes,Bank transfer (automatic),93.51,4299.68,No
2830-WDTDO,Female,0,Yes,No,72,Yes,No,No,No internet service,No internet service,No internet service,No internet service,No internet service,No internet service,Two year,No,Credit card (automatic),26.61,1981.08,No
7485-ZNXEQ,Female,0,Yes,Yes,30,Yes,No,DSL,No,No,Yes,No,No,No,Month-to-month,No,Mailed check,55.47,1729.2,No
8807-EECFA,Female,0,Yes,No,23,Yes,Yes,Fiber optic,Yes,No,No,Yes,Yes,Yes,Month-to-month,No,Mailed check,111.51,2454.22,Yes
1262-PZPYT,Male,0,No,No,71,Yes,No,No,No internet service,No internet service,No internet service,No internet service,No internet service,No internet service,One year,Yes,Bank transfer (automatic),21.76,1606.93,No
2589-TTRNR,Male,0,Yes,No,10,Yes,No,DSL,No,Yes,Yes,Yes,No,No,One year,Yes,Mailed check,65.76,641.74,No
8354-LBZWI,Female,0,Yes,No,10,No,No phone service,No,No internet service,No internet service,No internet service,No internet service,No internet service,No internet service,One year,No,Mailed check,22.68,225.05,Yes
9228-PMEMQ,Female,0,Yes,No,70,Yes,No,Fiber optic,No,No,No,No,Yes,No,One year,Yes,Credit card (automatic),79.84,5795.15,No
5004-VBYVY,Male,0,No,No,47,Yes,Yes,DSL,No,No,Yes,Yes,No,Yes,One year,No,Credit card (automatic),79.36,3564.62,No
9372-EASVZ,Male,1,Yes,Yes,2,Yes,No,Fiber optic,No,No,Yes,No,Yes,No,Two year,Yes,Mailed check,81.16,156.43,No
9635-ADJCT,Female,0,Yes,No,50,Yes,No,DSL,Yes,Yes,No,Yes,Yes,Yes,One year,Yes,Electronic check,88.71,4348.47,No
1760-FHQLV,Male,0,Yes,No,63,Yes,Yes,DSL,No,No,No,No,No,Yes,One year,Yes,Mailed check,73.91,4796.88,No
8927-WBSAY,Female,0,Yes,Yes,12,Yes,Yes,No,No internet service,No internet service,No internet service,No internet service,No internet service,No internet service,One year,Yes,Electronic check,36.96,440.05,No
2526-YCUYG,Female,1,Yes,Yes,21,Yes,Yes,Fiber optic,No,No,No,No,No,Yes,One year,Yes,Bank transfer (automatic),87.03,1793.35,Yes
8717-LJVQB,Female,0,Yes,No,7,Yes,No,DSL,No,No,No,No,Yes,No,Month-to-month,No,Credit card (automatic),61.12,436.96,No
4691-OBQGM,Male,0,No,No,46,No,No phone service,DSL,No,No,No,No,No,No,Two year,Yes,Electronic check,43.58,2066.92,No
5675-RDQBX,Male,1,No,No,49,Yes,No,No,No internet service,No internet service,No internet service,No internet service,No internet service,No internet service,Two year,No,Electronic check,25.31,1236.7,No
7936-HWOAS,Female,0,No,No,2,Yes,Yes,Fiber optic,No,No,Yes,Yes,Yes,Yes,Month-to-month,No,Mailed check,106.43,203.0,Yes
8769-UWLSF,Female,0,No,No,50,Yes,Yes,DSL,No,Yes,Yes,No,Yes,Yes,Two year,Yes,Mailed check,92.08,4747.85,No
5825-LAMNX,Male,0,No,No,49,Yes,Yes,No,No internet service,No internet service,No internet service,No internet service,No internet service,No internet service,Two year,Yes,Electronic check,35.74,1776.67,No
2651-BGSGJ,Male,0,No,No,1,Yes,No,Fiber optic,No,No,Yes,No,Yes,No,Month-to-month,No,Mailed check,82.88,83.02,Yes
5853-VMPTF,Male,0,Yes,Yes,38,Yes,No,DSL,Yes,Yes,Yes,No,No,No,One year,Yes,Mailed check,66.13,2513.04,Yes
3956-NKJCQ,Female,0,No,No,44,Yes,No,DSL,No,No,No,Yes,Yes,No,Two year,No,Bank transfer (automatic),64.75,2780.61,No
1199-LUHZT,Female,0,Yes,Yes,25,Yes,No,Fiber optic,No,Yes,No,Yes,Yes,No,Month-to-month,Yes,Mailed check,90.09,2256.85,Yes
5366-DEOKJ,Male,0,No,No,70,Yes,No,DSL,Yes,No,Yes,Yes,No,No,One year,Yes,Mailed check,61.63,4409.5,No
5794-ORFMX,Male,0,Yes,No,16,Yes,Yes,Fiber optic,No,Yes,No,No,Yes,Yes,Month-to-month,No,Credit card (automatic),101.18,1549.53,Yes
4801-YQOEM,Female,0,No,No,2,Yes,No,DSL,No,No,No,Yes,No,No,Month-to-month,No,Bank transfer (automatic),53.68,103.7,No
5284-JQORW,Male,0,No,No,50,Yes,Yes,Fiber optic,No,Yes,No,No,Yes,No,Month-to-month,No,Credit card (automatic),91.37,4615.69,Yes
3779-LTQNN,Female,0,Yes,Yes,43,Yes,No,Fiber optic,No,Yes,No,No,Yes,No,One year,Yes,Bank transfer (automatic),83.72,3461.88,No
5936-RMWAS,Female,0,No,No,72,Yes,No,Fiber optic,No,Yes,No,Yes,Yes,No,Two year,No,Mailed check,89.02,6537.12,No
5886-QPFHS,Female,0,Yes,Yes,9,Yes,Yes,Fiber optic,Yes,Yes,No,No,No,No,One year,Yes,Mailed check,88.1,804.78,Yes
5683-ZIJYB,Female,0,Yes,Yes,22,Yes,No,Fiber optic,Yes,No,Yes,Yes,No,Yes,Month-to-month,No,Bank transfer (automatic),97.04,2113.81,No
5864-SBUTW,Female,1,No,No,28,Yes,No,DSL,Yes,No,Yes,Yes,No,Yes,Month-to-month,No,Credit card (automatic),74.38,2140.97,No
8568-GICMO,Female,0,Yes,Yes,67,Yes,Yes,DSL,No,No,No,No,Yes,Yes,Month-to-month,Yes,Bank transfer (automatic),76.73,5040.14,No
2615-JYQGM,Male,0,Yes,Yes,23,Yes,Yes,Fiber optic,No,Yes,Yes,No,No,No,One year,Yes,Bank transfer (automatic),89.44,2150.64,No
7539-VTWSQ,Male,0,Yes,No,59,Yes,Yes,Fiber optic,No,No,No,Yes,Yes,Yes,One year,Yes,Credit card (automatic),101.48,5698.47,No
8819-RLPET,Female,0,No,Yes,4,Yes,No,Fiber optic,Yes,No,No,No,No,No,Month-to-month,No,Mailed check,74.58,286.63,Yes
8332-ZVFND,Male,0,Yes,Yes,23,Yes,No,Fiber optic,Yes,Yes,Yes,No,No,No,Two year,Yes,Mailed check,87.11,2021.43,No
2260-JPIHY,Female,0,No,No,4,Yes,Yes,Fiber optic,No,No,No,Yes,Yes,No,Month-to-month,Yes,Credit card (automatic),97.35,395.57,No
5090-ORPMU,Male,0,No,No,71,Yes,No,DSL,No,No,No,No,No,No,Two year,Yes,Credit card (automatic),49.51,3688.35,No
9622-RVLNC,Female,1,Yes,Yes,6,Yes,Yes,Fiber optic,No,No,No,No,Yes,No,Month-to-month,Yes,Bank transfer (automatic),93.25,545.0,Yes
9737-ILSVG,Female,0,Yes,No,23,Yes,No,No,No internet service,No internet service,No internet service,No internet service,No internet service,No internet service,Month-to-month,Yes,Credit card (automatic),21.6,510.55,No
6500-CLNTA,Female,0,No,No,2,Yes,No,No,No internet service,No internet service,No internet service,No internet service,No internet service,No internet service,Month-to-month,No,Credit card (automatic),28.44,55.33,Yes
9432-ZHRPF,Male,0,No,No,70,No,No phone service,DSL,No,Yes,Yes,No,Yes,Yes,Two year,No,Bank transfer (automatic),78.35,5733.26,No
9509-VGNEQ,Female,0,No,No,45,Yes,No,No,No internet service,No internet service,No internet service,No internet service,No internet service,No internet service,Two year,No,Electronic check,28.4,1270.05,No
2160-NIDTO,Male,0,No,No,72,Yes,Yes,No,No internet service,No internet service,No internet service,No internet service,No internet service,No internet service,Month-to-month,Yes,Electronic check,34.81,2393.94,No
6353-FJEFG,Male,0,Yes,No,1,Yes,No,Fiber optic,No,No,No,No,Yes,Yes,Month-to-month,Yes,Mailed check,86.64,84.27,Yes
2977-NKJGJ,Male,0,No,No,5,Yes,Yes,DSL,No,No,Yes,No,No,Yes,Month-to-month,No,Bank transfer (automatic),75.29,371.95,Yes
9530-NMOPB,Female,0,No,No,20,Yes,Yes,No,No internet service,No internet service,No internet service,No internet service,No internet service,No internet service,Two year,No,Mailed check,34.97,687.64,No
4748-FXBVQ,Male,0,Yes,Yes,45,Yes,No,Fiber optic,Yes,No,No,No,No,No,One year,No,Electronic check,72.8,3249.13,No
8083-ZJMTD,Female,0,No,No,16,Yes,Yes,Fiber optic,Yes,No,Yes,No,Yes,No,Month-to-month,No,Bank transfer (automatic),102.15,1654.95,Yes
5584-OBDEQ,Female,0,Yes,No,53,Yes,No,Fiber optic,Yes,Yes,Yes,No,No,Yes,Month-to-month,Yes,Bank transfer (automatic),91.18,4737.11,No
7117-IRTBD,Female,0,Yes,Yes,5,Yes,No,No,No internet service,No internet service,No internet service,No internet service,No internet service,No internet service,Month-to-month,No,Bank transfer (automatic),27.88,133.14,Yes
3688-CLIUV,Female,0,Yes,No,43,Yes,No,DSL,No,No,No,No,No,Yes,Two year,Yes,Electronic check,61.08,2615.17,No
7622-YUHAG,Female,0,No,No,22,Yes,Yes,DSL,Yes,No,Yes,No,Yes,Yes,Month-to-month,No,Mailed check,93.14,2036.35,No
1778-VSXIQ,Female,0,Yes,No,33,Yes,No,Fiber optic,No,No,No,No,Yes,No,Month-to-month,Yes,Credit card (automatic),79.03,2610.09,Yes
8299-QVBJL,Female,0,Yes,No,39,Yes,Yes,No,No internet service,No internet service,No internet service,No internet service,No internet service,No internet service,One year,Yes,Credit card (automatic),32.33,1239.83,No
9038-RBJOL,Male,0,No,No,2,Yes,No,DSL,No,No,No,No,Yes,No,One year,Yes,Electronic check,58.51,111.26,No
3181-UTGCH,Male,1,Yes,No,71,Yes,No,DSL,No,Yes,No,Yes,Yes,Yes,Two year,No,Bank transfer (automatic),83.53,5855.91,No
4865-PIPBJ,Male,0,Yes,No,60,No,No phone service,No,No internet service,No internet service,No internet service,No internet service,No internet service,No internet service,Two year,No,Mailed check,18.72,1097.68,No
8098-UXEQS,Male,0,Yes,Yes,26,Yes,No,Fiber optic,No,No,Yes,No,Yes,No,Month-to-month,Yes,Mailed check,81.15,2108.8,Yes
2292-WKYGQ,Male,0,Yes,No,37,Yes,Yes,Fiber optic,No,Yes,No,No,Yes,Yes,Two year,No,Bank transfer (automatic),106.56,3779.31,No
7025-OFTFP,Female,0,Yes,Yes,1,Yes,No,No,No internet service,No internet service,No internet service,No internet service,No internet service,No internet service,Month-to-month,Yes,Electronic check,27.29,27.88,No
5407-YSMFF,Female,0,Yes,Yes,32,Yes,Yes,DSL,Yes,Yes,No,Yes,No,No,Two year,Yes,Electronic check,75.95,2494.14,No
9787-CSRVR,Male,0,Yes,No,24,No,No phone service,Fiber optic,Yes,No,Yes,Yes,Yes,Yes,Month-to-month,Yes,Electronic check,102.02,2493.75,Yes
2318-ZRPHP,Female,0,No,No,20,Yes,Yes,Fiber optic,No,Yes,No,Yes,No,Yes,Month-to-month,Yes,Electronic check,100.48,2065.77,No
2605-AXDBM,Female,0,Yes,Yes,63,Yes,No,Fiber optic,No,No,Yes,No,Yes,No,Two year,No,Electronic check,83.72,5162.85,No
5472-HWZNX,Male,0,No,No,6,Yes,Yes,No,No internet service,No internet service,No internet service,No internet service,No internet service,No internet service,Month-to-month,Yes,Credit card (automatic),35.77,206.52,No
9819-YOZHJ,Female,0,Yes,Yes,6,Yes,Yes,No,No internet service,No internet service,No internet service,No internet service,No internet service,No internet service,Month-to-month,Yes,Credit card (automatic),36.7,213.57,Yes
1461-DFPUA,Female,0,Yes,Yes,34,Yes,Yes,No,No internet service,No internet service,No internet service,No internet service,No internet service,No internet service,Month-to-month,No,Electronic check,36.57,1284.8,No
6849-IUTKF,Male,0,Yes,No,51,Yes,No,DSL,No,Yes,No,Yes,No,No,Two year,No,Credit card (automatic),62.14,3287.6,No
2733-LYZZX,Female,1,Yes,No,1,Yes,Yes,DSL,Yes,Yes,No,No,No,Yes,Month-to-month,No,Mailed check,82.98,79.11,Yes
2462-RBYMF,Male,0,No,No,37,Yes,Yes,DSL,No,Yes,No,Yes,No,No,Two year,Yes,Electronic check,66.22,2564.38,No
5612-AOYET,Male,0,Yes,Yes,0,Yes,Yes,Fiber optic,No,No,Yes,No,Yes,No,One year,Yes,Credit card (automatic),96.91, ,Yes
7084-DPBZP,Female,0,No,No,58,Yes,No,DSL,Yes,No,Yes,Yes,No,Yes,Two year,No,Bank transfer (automatic),76.41,4517.14,No
9722-OACRR,Female,0,No,No,29,Yes,No,Fiber optic,No,Yes,No,Yes,No,No,One year,Yes,Credit card (automatic),83.81,2549.26,No
9724-YFZLY,Female,0,Yes,No,65,No,No phone service,Fiber optic,No,No,No,Yes,No,Yes,Two year,Yes,Credit card (automatic),77.14,4855.72,No
2549-GEVEW,Male,0,Yes,Yes,22,Yes,Yes,DSL,No,No,Yes,Yes,No,No,One year,No,Mailed check,70.44,1599.35,No
2225-LRNJJ,Female,0,Yes,Yes,64,Yes,Yes,Fiber optic,No,Yes,No,No,Yes,No,Two year,No,Electronic check,94.06,6169.02,No
8668-MMXAQ,Male,1,Yes,No,54,Yes,Yes,DSL,No,Yes,Yes,Yes,Yes,Yes,Month-to-month,Yes,Mailed check,93.41,5286.06,No
3854-QDGPY,Female,0,No,No,64,Yes,Yes,DSL,No,No,No,No,No,No,Two year,Yes,Electronic check,60.71,3736.52,No
2235-HQUTV,Male,1,No,No,63,Yes,No,Fiber optic,No,No,No,Yes,Yes,Yes,Two year,No,Mailed check,95.97,6234.08,No
3035-DVAAR,Female,0,Yes,Yes,31,Yes,No,DSL,No,No,No,Yes,No,No,Two year,No,Electronic check,56.71,1765.7,No
9277-IKPMM,Female,1,Yes,No,19,No,No phone service,Fiber optic,No,No,Yes,No,No,No,Month-to-month,Yes,Credit card (automatic),73.52,1396.79,No
3245-WLVSO,Female,0,Yes,Yes,58,Yes,Yes,DSL,No,No,Yes,Yes,Yes,Yes,Two year,Yes,Electronic check,90.02,5011.75,No
4939-MSWBM,Male,1,No,No,19,No,No phone service,No,No internet service,No internet service,No internet service,No internet service,No internet service,No internet service,One year,Yes,Bank transfer (automatic),22.68,427.9,No
1644-QJURG,Female,0,Yes,No,2,Yes,Yes,No,No internet service,No internet service,No internet service,No internet service,No internet service,No internet service,Month-to-month,Yes,Bank transfer (automatic),37.69,75.52,No
5568-GUWXY,Female,0,No,No,67,Yes,No,DSL,No,No,No,No,No,Yes,One year,Yes,Credit card (automatic),57.03,3775.43,No
4630-LVUVK,Female,0,No,No,22,Yes,No,DSL,No,Yes,Yes,No,No,No,One year,Yes,Mailed check,59.99,1305.16,No
4607-XJDCB,Male,0,No,No,3,Yes,Yes,DSL,No,No,No,No,Yes,No,Month-to-month,No,Mailed check,70.76,207.37,Yes
9201-ZWJSW,Male,0,Yes,No,47,Yes,No,No,No internet service,No internet service,No internet service,No internet service,No internet service,No internet service,One year,Yes,Bank transfer (automatic),22.34,1093.22,No
4343-GEVWC,Male,0,No,No,70,Yes,No,DSL,Yes,No,No,Yes,Yes,No,Two year,Yes,Electronic check,70.98,4871.66,No
9168-CFFWY,Male,0,No,No,67,Yes,Yes,Fiber optic,Yes,No,Yes,Yes,No,Yes,One year,No,Mailed check,106.2,6920.7,No
6408-UVXTU,Female,1,No,No,38,Yes,No,No,No internet service,No internet service,No internet service,No internet service,No internet service,No internet service,Two year,Yes,Credit card (automatic),22.38,890.14,No
5321-QYXJF,Female,0,Yes,No,2,Yes,Yes,DSL,No,No,Yes,Yes,No,Yes,Month-to-month,No,Credit card (automatic),83.4,158.6,Yes
8660-FOQDV,Male,1,No,No,52,Yes,No,Fiber optic,No,No,Yes,No,No,No,Month-to-month,Yes,Mailed check,78.16,4179.69,No
4835-WURHO,Female,1,No,No,43,No,No phone service,DSL,No,No,No,No,Yes,No,One year,No,Mailed check,53.06,2218.76,Yes
6388-GBVTK,Male,0,Yes,Yes,8,Yes,Yes,DSL,No,Yes,No,Yes,No,No,Month-to-month,Yes,Electronic check,71.81,558.98,No
9813-ITZEO,Male,0,No,No,70,Yes,No,DSL,No,No,Yes,No,No,Yes,Two year,Yes,Electronic check,66.06,4749.64,No
3079-QMPHS,Male,0,Yes,Yes,2,Yes,No,DSL,Yes,No,No,Yes,Yes,No,Month-to-month,No,Bank transfer (automatic),71.34,140.39,Yes
7207-TKAFZ,Female,0,No,No,20,Yes,Yes,DSL,No,No,Yes,No,No,No,Month-to-month,No,Credit card (automatic),65.76,1353.82,No
9051-HUAGK,Female,0,No,No,2,No,No phone service,Fiber optic,Yes,No,No,No,No,No,Month-to-month,No,Mailed check,68.96,138.6,Yes
1815-WKRVN,Male,0,Yes,Yes,70,No,No phone service,DSL,No,Yes,Yes,No,No,Yes,Month-to-month,Yes,Mailed check,61.22,4404.77,No
5568-OYCEM,Female,0,Yes,Yes,1,Yes,No,No,No internet service,No internet service,No internet service,No internet service,No internet service,No internet service,Month-to-month,No,Credit card (automatic),24.4,23.36,Yes
5290-OPKYS,Male,0,Yes,Yes,24,Yes,No,DSL,No,Yes,No,Yes,Yes,Yes,Month-to-month,Yes,Electronic check,82.93,2035.41,Yes
1560-FBINA,Male,0,Yes,Yes,67,Yes,No,DSL,No,Yes,Yes,No,No,No,Two year,Yes,Credit card (automatic),56.22,3802.1,No
4554-OBUBV,Male,0,Yes,Yes,10,Yes,No,Fiber optic,No,Yes,No,Yes,No,Yes,Two year,Yes,Mailed check,91.49,945.77,Yes
8269-RAYQN,Male,1,No,No,3,Yes,Yes,DSL,No,Yes,No,Yes,No,Yes,One year,No,Electronic check,76.75,223.01,Yes
3060-VCOVU,Female,0,No,No,3,Yes,No,DSL,No,No,Yes,No,Yes,No,Month-to-month,Yes,Bank transfer (automatic),65.95,198.9,Yes
3420-AUJQC,Female,0,Yes,No,22,Yes,No,Fiber optic,No,No,No,No,Yes,No,Month-to-month,Yes,Electronic check,79.75,1777.9,Yes
3570-ZSYMT,Male,0,No,No,24,Yes,No,Fiber optic,No,Yes,No,No,Yes,Yes,Month-to-month,No,Electronic check,95.74,2190.72,Yes
9138-CJRAP,Male,0,Yes,Yes,54,Yes,Yes,DSL,No,Yes,Yes,No,Yes,Yes,Month-to-month,Yes,Mailed check,89.84,4943.42,No
3939-NSLRU,Male,0,Yes,Yes,9,Yes,No,Fiber optic,No,No,Yes,No,No,Yes,Month-to-month,No,Credit card (automatic),82.33,748.03,Yes
9839-GIAZY,Male,0,No,No,53,Yes,No,Fiber optic,Yes,No,Yes,No,Yes,No,Two year,Yes,Electronic check,93.88,4967.18,No
5039-YRSLL,Female,0,Yes,No,72,Yes,No,No,No internet service,No internet service,No internet service,No internet service,No internet service,No internet service,One year,No,Electronic check,28.82,1989.87,No
6334-RYYIM,Male,1,Yes,Yes,67,Yes,Yes,Fiber optic,No,No,No,No,Yes,No,One year,Yes,Bank transfer (automatic),87.77,6029.28,No
3683-SMDJF,Female,1,Yes,Yes,46,Yes,Yes,DSL,No,Yes,Yes,No,Yes,Yes,Two year,Yes,Electronic check,92.47,4343.38,No
9313-OZAYF,Male,0,No,No,71,Yes,Yes,Fiber optic,Yes,Yes,Yes,No,Yes,Yes,Month-to-month,Yes,Bank transfer (automatic),117.57,8361.45,No
4039-JIMGE,Male,0,No,No,72,Yes,Yes,DSL,Yes,No,No,Yes,No,Yes,One year,No,Mailed check,79.83,5575.41,No
8545-AVIPS,Female,0,Yes,No,39,Yes,Yes,DSL,Yes,No,No,No,Yes,Yes,One year,No,Mailed check,88.16,3404.72,No
5083-JNFNX,Male,0,Yes,Yes,12,Yes,Yes,Fiber optic,No,No,Yes,No,Yes,No,Month-to-month,No,Mailed check,97.4,1174.05,Yes
6681-NLNZR,Male,0,No,No,70,Yes,No,Fiber optic,No,No,No,No,Yes,No,One year,No,Bank transfer (automatic),81.38,5685.15,No
5362-GDYLZ,Male,0,Yes,Yes,66,Yes,No,No,No internet service,No internet service,No internet service,No internet service,No internet service,No internet service,Two year,Yes,Mailed check,25.42,1649.27,No
1940-UTFTR,Male,0,Yes,No,2,No,No phone service,DSL,No,No,Yes,No,Yes,No,Month-to-month,Yes,Credit card (automatic),61.06,119.29,Yes
6409-MSFPB,Male,1,Yes,Yes,71,Yes,Yes,Fiber optic,No,Yes,No,No,No,Yes,One year,Yes,Bank transfer (automatic),93.15,6439.02,No
5022-QKJYA,Male,0,No,No,19,Yes,Yes,DSL,No,No,Yes,No,Yes,Yes,Month-to-month,Yes,Credit card (automatic),88.4,1650.02,Yes
4406-SHBYQ,Female,0,No,No,16,Yes,Yes,Fiber optic,No,Yes,No,No,No,Yes,Month-to-month,Yes,Bank transfer (automatic),97.65,1548.66,Yes
3063-EVDFZ,Female,0,No,No,17,Yes,Yes,DSL,Yes,Yes,Yes,No,No,Yes,One year,Yes,Mailed check,86.36,1492.5,No
3673-KJKBO,Female,0,No,No,15,Yes,No,DSL,No,Yes,No,No,Yes,Yes,One year,Yes,Mailed check,76.08,1085.83,No
8890-EJIMS,Male,1,No,Yes,34,No,No phone service,Fiber optic,No,Yes,Yes,No,No,Yes,Month-to-month,No,Bank transfer (automatic),82.19,2876.46,Yes
8383-NPOLP,Female,1,Yes,No,40,Yes,Yes,Fiber optic,No,Yes,Yes,Yes,No,No,Two year,No,Bank transfer (automatic),96.82,3716.37,No
5235-COPJV,Male,0,No,No,24,Yes,Yes,DSL,No,Yes,No,Yes,No,No,Month-to-month,Yes,Electronic check,73.98,1716.73,Yes
6710-MWHEB,Male,0,No,Yes,23,Yes,No,Fiber optic,No,No,No,Yes,Yes,Yes,Month-to-month,No,Electronic check,94.55,2195.9,Yes
2472-LHSIN,Male,0,No,No,56,Yes,No,Fiber optic,No,Yes,Yes,No,Yes,No,One year,Yes,Electronic check,91.65,4897.12,No
6463-FRXEX,Male,0,Yes,No,1,Yes,No,No,No internet service,No internet service,No internet service,No internet service,No internet service,No internet service,Month-to-month,No,Mailed check,22.5,23.27,No
6030-ABIYW,Male,1,Yes,Yes,71,Yes,Yes,No,No internet service,No internet service,No internet service,No internet service,No internet service,No internet service,One year,Yes,Credit card (automatic),32.64,2382.23,No
9324-HUOYE,Male,0,No,No,0,Yes,No,Fiber optic,Yes,No,Yes,Yes,No,Yes,Month-to-month,Yes,Credit card (automatic),97.14, ,Yes
9422-GGMSV,Male,0,Yes,Yes,53,Yes,Yes,Fiber optic,Yes,Yes,No,No,Yes,Yes,Two year,Yes,Mailed check,107.3,5815.28,No
5946-BEZZE,Male,0,Yes,No,24,Yes,No,Fiber optic,No,No,Yes,Yes,Yes,Yes,One year,Yes,Electronic check,97.55,2258.37,No
8219-AKZKH,Male,0,Yes,No,72,Yes,Yes,No,No internet service,No internet service,No internet service,No internet service,No internet service,No internet service,Two year,No,Electronic check,35.16,2475.14,No
2350-FANAY,Male,0,No,No,1,Yes,No,Fiber optic,No,No,No,No,No,No,Month-to-month,Yes,Electronic check,66.82,68.65,Yes
6985-MQADR,Male,0,Yes,Yes,2,Yes,No,DSL,Yes,No,Yes,No,Yes,Yes,Month-to-month,No,Mailed check,76.87,152.65,Yes
5304-XSGCC,Male,0,Yes,Yes,62,Yes,Yes,Fiber optic,No,No,Yes,Yes,Yes,No,Two year,No,Credit card (automatic),96.04,5940.8,No
2977-OAMPB,Male,0,No,No,56,Yes,Yes,Fiber optic,No,Yes,No,No,No,No,One year,Yes,Electronic check,88.13,4761.11,No
3987-HMRNK,Male,0,Yes,Yes,11,Yes,No,DSL,Yes,Yes,Yes,No,No,No,Month-to-month,Yes,Electronic check,62.62,718.6,Yes
6233-DXUWB,Male,1,No,No,42,No,No phone service,No,No internet service,No internet service,No internet service,No internet service,No internet service,No internet service,One year,Yes,Electronic check,18.25,803.87,No
3790-SGNQW,Female,0,Yes,No,35,Yes,No,DSL,No,Yes,Yes,Yes,Yes,No,Month-to-month,No,Credit card (automatic),78.38,2806.48,No
3341-OZZNT,Male,0,No,No,35,Yes,Yes,Fiber optic,Yes,No,Yes,No,Yes,No,Month-to-month,No,Mailed check,96.92,3470.48,Yes
7055-RCXXQ,Male,0,No,Yes,42,Yes,No,No,No internet service,No internet service,No internet service,No internet service,No internet service,No internet service,Two year,No,Bank transfer (automatic),27.52,1119.16,No
4194-OVHOO,Male,1,Yes,No,72,Yes,No,Fiber optic,No,No,No,Yes,Yes,No,Two year,Yes,Mailed check,85.55,6084.96,No
1302-HQLHY,Male,0,No,No,72,Yes,No,No,No internet service,No internet service,No internet service,No internet service,No internet service,No internet service,Two year,No,Bank transfer (automatic),24.3,1716.43,No
9215-IGFVA,Male,0,No,No,72,Yes,No,DSL,Yes,No,Yes,No,Yes,Yes,Two year,Yes,Bank transfer (automatic),79.56,5526.6,No
2620-QNHUU,Female,0,No,No,37,Yes,Yes,Fiber optic,No,Yes,No,No,No,No,Two year,Yes,Electronic check,83.24,3014.43,Yes
7875-PIVDB,Female,0,Yes,No,15,Yes,No,Fiber optic,No,No,Yes,No,No,Yes,Month-to-month,Yes,Credit card (automatic),86.4,1346.74,Yes
3792-BEFGU,Male,0,Yes,Yes,38,Yes,Yes,No,No internet service,No internet service,No internet service,No internet service,No internet service,No internet service,One year,Yes,Electronic check,34.51,1289.06,No
3575-VKJQN,Female,0,No,No,45,Yes,No,No,No internet service,No internet service,No internet service,No internet service,No internet service,No internet service,Two year,Yes,Credit card (automatic),26.37,1159.1,No
6481-ZBSNH,Male,1,Yes,No,15,Yes,Yes,DSL,No,Yes,Yes,Yes,Yes,Yes,Two year,Yes,Credit card (automatic),93.64,1427.86,No
1376-QJXES,Male,0,No,No,46,Yes,No,Fiber optic,No,No,No,Yes,Yes,Yes,One year,Yes,Mailed check,93.55,4193.86,No
4496-UDJCU,Female,0,No,No,45,Yes,No,DSL,Yes,Yes,No,No,No,No,Month-to-month,No,Credit card (automatic),60.01,2809.61,Yes
8948-AVETA,Male,0,No,Yes,70,No,No phone service,Fiber optic,No,No,No,No,Yes,No,Two year,No,Electronic check,73.23,4968.74,No
4987-AFUNB,Male,0,No,No,9,Yes,No,Fiber optic,Yes,No,No,No,No,Yes,Month-to-month,Yes,Electronic check,88.6,832.65,Yes
5962-OGFDS,Female,0,No,No,52,Yes,No,DSL,Yes,Yes,Yes,Yes,No,Yes,Two year,Yes,Credit card (automatic),78.82,4201.19,No
8116-ROYWK,Female,0,Yes,No,27,Yes,Yes,No,No internet service,No internet service,No internet service,No internet service,No internet service,No internet service,One year,No,Mailed check,32.82,895.71,No
6076-ALKAN,Female,0,No,No,3,No,No phone service,Fiber optic,No,Yes,Yes,No,No,Yes,Month-to-month,Yes,Bank transfer (automatic),83.34,247.51,Yes
1498-ZBZDC,Female,1,No,No,15,Yes,No,DSL,No,No,No,Yes,No,No,One year,No,Mailed check,58.18,854.03,No
5887-CDABM,Female,0,Yes,Yes,2,Yes,Yes,Fiber optic,No,No,Yes,No,Yes,No,Two year,No,Mailed check,91.42,185.54,No
6888-UCLGA,Male,0,No,No,15,Yes,Yes,DSL,No,No,No,Yes,Yes,No,One year,Yes,Credit card (automatic),78.21,1144.75,Yes
1891-UZNDE,Male,0,No,No,2,Yes,No,Fiber optic,No,Yes,No,No,Yes,Yes,Month-to-month,Yes,Bank transfer (automatic),95.93,196.58,Yes
3547-MONXY,Female,0,No,No,71,Yes,Yes,Fiber optic,No,No,No,No,No,Yes,Month-to-month,Yes,Electronic check,90.85,6751.12,No
9484-PNMUB,Female,0,Yes,No,3,Yes,No,DSL,No,No,No,Yes,No,No,Month-to-month,Yes,Mailed check,51.65,151.54,No
1050-UBMMH,Male,0,No,No,63,Yes,No,No,No internet service,No internet service,No internet service,No internet service,No internet service,No internet service,Two year,Yes,Bank transfer (automatic),24.06,1512.22,No
2494-MXOFA,Female,1,No,Yes,70,Yes,Yes,No,No internet service,No internet service,No internet service,No internet service,No internet service,No internet service,Two year,No,Mailed check,38.45,2671.33,No
1600-MUIJU,Male,0,Yes,No,29,Yes,Yes,Fiber optic,No,No,No,No,Yes,No,Month-to-month,Yes,Electronic check,86.0,2485.6,Yes
4708-WICKJ,Male,0,Yes,No,2,Yes,Yes,No,No internet service,No internet service,No internet service,No internet service,No internet service,No internet service,Month-to-month,Yes,Mailed check,34.13,67.72,No
1951-VFNVS,Male,0,Yes,No,42,Yes,No,Fiber optic,No,No,No,No,No,No,Two year,No,Mailed check,70.38,2947.08,No
5684-OQVVR,Male,0,No,No,9,Yes,Yes,Fiber optic,No,No,No,No,No,Yes,Month-to-month,No,Electronic check,89.52,777.94,Yes
7285-YEZUR,Female,1,No,No,6,Yes,No,DSL,No,No,No,Yes,Yes,No,Month-to-month,Yes,Electronic check,67.46,395.33,Yes
6371-TMWWS,Male,0,Yes,Yes,39,Yes,Yes,DSL,No,No,Yes,No,Yes,No,Two year,Yes,Bank transfer (automatic),75.24,3031.5,No
8261-DWCJV,Female,0,No,No,18,Yes,No,DSL,Yes,No,No,No,No,No,One year,Yes,Bank transfer (automatic),56.26,979.17,No
2528-CESGU,Female,1,Yes,Yes,55,Yes,No,No,No internet service,No internet service,No internet service,No internet service,No internet service,No internet service,Two year,Yes,Electronic check,21.96,1194.5,No
8236-TPSIE,Male,0,No,No,42,Yes,No,No,No internet service,No internet service,No internet service,No internet service,No internet service,No internet service,Month-to-month,Yes,Credit card (automatic),22.92,926.23,No
3032-AUHNJ,Female,0,No,No,64,Yes,Yes,DSL,No,Yes,No,Yes,Yes,Yes,Two year,Yes,Credit card (automatic),93.11,5670.05,No
2075-ANQJL,Male,0,No,No,2,Yes,Yes,DSL,Yes,No,No,No,Yes,No,Month-to-month,Yes,Credit card (automatic),75.54,154.18,No
1286-PGKLD,Female,0,No,No,9,Yes,No,No,No internet service,No internet service,No internet service,No internet service,No internet service,No internet service,Month-to-month,No,Electronic check,26.4,235.46,Yes
4165-DKTGO,Male,0,Yes,Yes,39,Yes,No,Fiber optic,No,Yes,No,Yes,Yes,Yes,Two year,No,Credit card (automatic),98.15,3990.98,No
1946-CKEQZ,Male,0,Yes,No,69,Yes,Yes,No,No internet service,No internet service,No internet service,No internet service,No internet service,No internet service,Two year,No,Electronic check,38.06,2693.9,No
4270-PGNNL,Female,1,No,No,63,Yes,No,No,No internet service,No internet service,No internet service,No internet service,No internet service,No internet service,One year,Yes,Electronic check,22.3,1455.65,No
7263-QFBQL,Female,0,No,Yes,50,Yes,Yes,DSL,No,No,Yes,Yes,Yes,No,One year,Yes,Bank transfer (automatic),82.09,4036.87,No
8056-XZVIL,Female,0,Yes,No,40,Yes,No,Fiber optic,No,No,No,No,No,No,One year,No,Electronic check,67.53,2740.8,No
2548-XJAYH,Female,0,Yes,Yes,46,Yes,No,Fiber optic,Yes,No,Yes,Yes,No,Yes,Two year,No,Mailed check,96.99,4249.43,No
3347-CWVZP,Female,0,Yes,Yes,8,No,No phone service,Fiber optic,No,No,No,No,Yes,Yes,Month-to-month,No,Electronic check,88.85,724.51,No
8480-HFTRP,Male,0,Yes,No,42,Yes,No,No,No internet service,No internet service,No internet service,No internet service,No internet service,No internet service,One year,Yes,Mailed check,25.8,1072.84,No
5592-KUTWU,Female,0,Yes,No,31,Yes,Yes,Fiber optic,No,Yes,Yes,No,No,No,One year,No,Bank transfer (automatic),91.82,2792.34,Yes
7762-EGGDU,Male,0,Yes,No,21,Yes,Yes,Fiber optic,No,Yes,Yes,Yes,Yes,Yes,One year,Yes,Bank transfer (automatic),116.49,2543.55,Yes
1801-DFIZV,Male,0,No,No,70,Yes,No,Fiber optic,Yes,No,No,No,Yes,Yes,Two year,No,Mailed check,94.31,6928.29,No
6411-QXUBL,Male,0,Yes,Yes,64,Yes,Yes,Fiber optic,No,No,Yes,No,No,No,Two year,No,Mailed check,83.19,5407.62,No
2327-CYWXI,Male,1,No,Yes,2,Yes,No,DSL,No,Yes,No,No,No,No,Month-to-month,Yes,Mailed check,56.03,109.77,Yes
5616-MWAIC,Male,0,No,No,72,Yes,No,Fiber optic,Yes,Yes,Yes,Yes,No,Yes,Two year,Yes,Mailed check,103.24,7722.19,No
4944-HMQSG,Male,0,Yes,Yes,9,Yes,No,Fiber optic,No,No,No,No,No,Yes,One year,Yes,Credit card (automatic),83.32,774.35,No
3039-UATRC,Male,0,Yes,No,8,Yes,Yes,DSL,Yes,No,Yes,No,Yes,Yes,Month-to-month,No,Credit card (automatic),88.48,737.51,No
3429-OOHPS,Female,0,No,No,71,Yes,Yes,DSL,No,No,No,No,Yes,Yes,One year,No,Mailed check,82.85,5784.84,No
9325-AFRVI,Female,0,No,No,26,Yes,No,DSL,No,Yes,Yes,No,Yes,No,One year,Yes,Mailed check,67.36,1703.23,No
2665-MCMYB,Female,0,No,No,62,Yes,No,Fiber optic,No,No,No,Yes,No,Yes,Month-to-month,No,Mailed check,86.03,5341.62,Yes
6086-COBYY,Male,0,No,Yes,13,Yes,Yes,Fiber optic,No,Yes,Yes,No,Yes,No,One year,No,Credit card (automatic),99.97,1360.02,Yes
9760-YPKOF,Female,0,No,No,68,Yes,No,DSL,No,Yes,Yes,Yes,No,No,Month-to-month,No,Electronic check,63.47,4163.71,No
5474-VBDRI,Male,0,No,No,65,Yes,No,DSL,No,Yes,No,No,Yes,Yes,Month-to-month,Yes,Mailed check,77.19,5067.33,No
7541-ZECWK,Female,0,Yes,No,34,Yes,No,No,No internet service,No internet service,No internet service,No internet service,No internet service,No internet service,Month-to-month,Yes,Bank transfer (automatic),26.77,873.53,Yes
5719-AMCLW,Male,0,Yes,No,53,Yes,No,Fiber optic,Yes,No,Yes,Yes,No,No,Two year,No,Electronic check,87.72,4560.4,No
2619-WYELP,Female,0,Yes,No,72,No,No phone service,No,No internet service,No internet service,No internet service,No internet service,No internet service,No internet service,Two year,Yes,Mailed check,21.06,1462.64,No
3568-OLJSX,Male,0,No,No,27,Yes,No,Fiber optic,No,Yes,No,Yes,No,No,Month-to-month,Yes,Electronic check,77.66,2013.29,Yes
8663-WXVDL,Female,1,Yes,No,31,Yes,No,Fiber optic,Yes,No,No,No,No,Yes,Month-to-month,No,Bank transfer (automatic),85.63,2783.95,Yes
4598-WFRXT,Female,0,No,No,54,Yes,No,No,No internet service,No internet service,No internet service,No internet service,No internet service,No internet service,Two year,Yes,Electronic check,22.77,1185.02,No
7968-VIOEW,Female,0,Yes,No,21,Yes,Yes,No,No internet service,No internet service,No internet service,No internet service,No internet service,No internet service,Month-to-month,Yes,Mailed check,38.28,782.26,No
7371-ZSEPC,Male,0,Yes,No,71,Yes,No,DSL,No,No,Yes,Yes,Yes,Yes,Two year,Yes,Mailed check,81.09,5580.56,No
7979-NIIYZ,Male,0,Yes,No,1,Yes,No,Fiber optic,No,Yes,No,No,Yes,Yes,Two year,No,Electronic check,94.51,98.15,Yes
8813-GEURW,Female,0,Yes,No,22,Yes,Yes,Fiber optic,No,No,Yes,No,No,Yes,Month-to-month,Yes,Bank transfer (automatic),92.1,2002.99,Yes
1968-ETUIW,Male,1,Yes,Yes,54,No,No phone service,Fiber optic,No,Yes,No,No,Yes,No,One year,Yes,Electronic check,81.34,4202.09,No
6623-NRHJE,Female,0,Yes,No,25,No,No phone service,DSL,No,No,No,No,Yes,No,One year,Yes,Electronic check,51.7,1295.76,No
4845-KHLBI,Male,0,Yes,Yes,11,Yes,Yes,No,No internet service,No internet service,No internet service,No internet service,No internet service,No internet service,One year,Yes,Electronic check,31.67,336.73,No
8148-WNGNO,Female,1,No,No,23,Yes,Yes,DSL,No,No,Yes,Yes,Yes,No,Month-to-month,No,Electronic check,76.47,1790.11,No
9887-GSNOQ,Female,1,Yes,Yes,69,Yes,Yes,DSL,No,Yes,Yes,No,Yes,Yes,Month-to-month,Yes,Electronic check,93.35,6395.46,No
4915-OVUMF,Female,0,Yes,Yes,37,No,No phone service,Fiber optic,No,Yes,Yes,No,Yes,No,One year,No,Electronic check,84.56,3155.53,No
3481-JWGIE,Male,0,Yes,No,17,Yes,No,No,No internet service,No internet service,No internet service,No internet service,No internet service,No internet service,Month-to-month,Yes,Mailed check,22.25,395.25,No
1231-LUMOK,Male,0,No,No,50,Yes,Yes,DSL,No,No,No,Yes,Yes,Yes,Month-to-month,Yes,Electronic check,86.86,4398.44,No
2115-CMVCP,Female,1,No,No,44,Yes,No,Fiber optic,No,Yes,No,No,Yes,Yes,One year,Yes,Mailed check,94.57,3981.44,No
9432-MBDKB,Female,0,No,No,38,Yes,Yes,DSL,No,Yes,Yes,Yes,Yes,Yes,Month-to-month,No,Bank transfer (automatic),98.4,3846.32,No
1166-LGJHQ,Male,1,No,No,21,No,No phone service,DSL,Yes,No,No,No,No,Yes,Two year,Yes,Credit card (automatic),56.57,1224.43,No
2050-FZBMM,Male,0,No,Yes,2,Yes,No,No,No internet service,No internet service,No internet service,No internet service,No internet service,No internet service,Month-to-month,Yes,Credit card (automatic),23.03,47.87,No
9022-PMCPI,Female,0,Yes,Yes,45,Yes,Yes,No,No internet service,No internet service,No internet service,No internet service,No internet service,No internet service,Two year,No,Bank transfer (automatic),38.7,1720.73,No
8478-TTYFD,Female,0,Yes,Yes,24,No,No phone service,DSL,Yes,No,Yes,Yes,Yes,Yes,One year,Yes,Bank transfer (automatic),81.71,1906.67,Yes
9391-SVUXT,Female,0,No,No,24,Yes,No,Fiber optic,Yes,No,Yes,Yes,No,Yes,Month-to-month,Yes,Mailed check,94.89,2289.53,No
1864-MTJXJ,Female,1,No,No,9,Yes,Yes,No,No internet service,No internet service,No internet service,No internet service,No internet service,No internet service,Month-to-month,Yes,Bank transfer (automatic),37.54,342.07,No
6385-OHKXN,Female,0,No,No,10,No,No phone service,DSL,Yes,Yes,Yes,Yes,No,Yes,Month-to-month,Yes,Credit card (automatic),76.64,768.65,No
6212-LGOCP,Male,0,No,No,60,No,No phone service,DSL,No,No,No,Yes,Yes,No,One year,Yes,Credit card (automatic),56.81,3492.83,No
4802-QLGCJ,Male,0,Yes,No,30,Yes,No,DSL,No,No,No,Yes,Yes,No,Month-to-month,No,Bank transfer (automatic),66.43,1993.95,No
5220-LCUNO,Male,0,Yes,No,3,Yes,No,DSL,No,Yes,No,Yes,No,Yes,Month-to-month,Yes,Credit card (automatic),67.96,213.34,Yes
3391-THUKU,Female,0,Yes,No,1,Yes,Yes,DSL,No,Yes,No,Yes,No,Yes,Month-to-month,Yes,Electronic check,77.14,76.2,No
2488-LCXHP,Male,1,Yes,Yes,9,Yes,Yes,DSL,No,Yes,No,Yes,Yes,No,One year,Yes,Credit card (automatic),76.01,657.74,Yes
7060-KNBHC,Male,0,Yes,No,31,No,No phone service,Fiber optic,No,Yes,No,No,Yes,No,One year,No,Bank transfer (automatic),80.31,2479.03,No
6431-NOOEP,Male,0,Yes,No,44,Yes,Yes,Fiber optic,No,No,Yes,No,Yes,Yes,One year,Yes,Mailed check,106.64,4597.65,No
1568-NZXEJ,Male,0,No,No,4,Yes,Yes,DSL,Yes,Yes,No,No,No,Yes,Month-to-month,No,Electronic check,78.5,303.11,Yes
1595-SJYBD,Female,0,Yes,Yes,25,Yes,Yes,DSL,Yes,No,Yes,No,No,No,Month-to-month,No,Electronic check,70.4,1768.98,Yes
7655-NPNLS,Female,0,Yes,No,2,Yes,Yes,Fiber optic,No,No,Yes,Yes,No,No,Month-to-month,Yes,Electronic check,90.45,178.6,Yes
1275-HXKGA,Female,1,Yes,No,1,No,No phone service,No,No internet service,No internet service,No internet service,No internet service,No internet service,No internet service,Month-to-month,No,Mailed check,22.46,21.77,Yes
3654-QAKAO,Male,0,Yes,No,67,Yes,No,No,No internet service,No internet service,No internet service,No internet service,No internet service,No internet service,Month-to-month,No,Credit card (automatic),23.73,1603.03,No
2096-ZTHJS,Female,0,Yes,No,49,Yes,No,No,No internet service,No internet service,No internet service,No internet service,No internet service,No internet service,One year,No,Electronic check,22.24,1112.58,No
1153-FTWVO,Male,0,Yes,Yes,60,Yes,No,Fiber optic,No,Yes,No,Yes,No,Yes,Two year,No,Mailed check,88.56,5150.02,No
9923-TYQMR,Female,0,No,No,6,No,No phone service,No,No internet service,No internet service,No internet service,No internet service,No internet service,No internet service,Month-to-month,Yes,Electronic check,18.25,113.93,Yes
9167-DYWLB,Male,0,Yes,No,16,Yes,No,No,No internet service,No internet service,No internet service,No internet service,No internet service,No internet service,One year,No,Credit card (automatic),22.31,359.28,No
3604-YUJDF,Male,0,Yes,Yes,26,No,No phone service,No,No internet service,No internet service,No internet service,No internet service,No internet service,No internet service,Month-to-month,Yes,Credit card (automatic),18.25,455.14,Yes
4699-KERGC,Male,0,Yes,Yes,48,Yes,Yes,DSL,Yes,No,No,No,Yes,Yes,Two year,Yes,Electronic check,83.53,4000.97,No
8444-JUHYR,Female,0,Yes,Yes,36,Yes,Yes,Fiber optic,Yes,No,No,No,Yes,Yes,One year,Yes,Electronic check,108.0,3960.59,Yes
5974-HEETQ,Female,0,Yes,No,37,Yes,Yes,DSL,No,No,Yes,No,No,No,One year,Yes,Mailed check,64.15,2258.69,Yes
3481-GMAFU,Male,0,Yes,No,4,Yes,Yes,DSL,Yes,No,No,No,No,No,Month-to-month,Yes,Mailed check,64.25,246.35,No
2630-VDGHY,Male,0,Yes,Yes,29,Yes,No,DSL,Yes,Yes,Yes,Yes,No,No,Month-to-month,Yes,Bank transfer (automatic),70.07,2080.54,Yes
2060-LYAGX,Female,0,No,No,64,Yes,No,No,No internet service,No internet service,No internet service,No internet service,No internet service,No internet service,Two year,Yes,Electronic check,22.98,1436.43,No
7073-OSTBS,Male,0,No,No,33,Yes,Yes,No,No internet service,No internet service,No internet service,No internet service,No internet service,No internet service,Two year,No,Electronic check,32.83,1067.87,No
8565-UMJRD,Male,0,Yes,Yes,7,Yes,No,Fiber optic,No,No,Yes,No,Yes,Yes,Month-to-month,Yes,Credit card (automatic),93.9,645.34,Yes
6873-FKETD,Male,0,No,No,23,Yes,Yes,DSL,No,No,No,Yes,No,Yes,Month-to-month,No,Bank transfer (automatic),76.26,1726.4,No
7088-JJMPT,Female,0,Yes,No,57,No,No phone service,DSL,Yes,Yes,No,No,Yes,No,Two year,No,Mailed check,68.32,3905.22,No
4314-WRKKL,Male,0,Yes,Yes,3,Yes,Yes,Fiber optic,No,No,Yes,No,Yes,Yes,Month-to-month,No,Electronic check,104.17,300.02,Yes
7066-CTNII,Female,0,Yes,Yes,40,No,No phone service,Fiber optic,No,Yes,No,Yes,No,Yes,Two year,Yes,Electronic check,84.4,3486.39,No
3087-YBBZI,Male,1,No,No,72,Yes,Yes,DSL,No,No,Yes,No,Yes,Yes,Two year,Yes,Credit card (automatic),81.79,5777.68,No
9818-YOUMJ,Male,0,Yes,Yes,20,Yes,No,DSL,Yes,Yes,No,No,No,Yes,One year,Yes,Bank transfer (automatic),71.34,1461.59,No
4935-LHEJU,Male,0,No,No,1,Yes,No,Fiber optic,Yes,No,No,No,No,No,Month-to-month,Yes,Electronic check,76.42,77.53,Yes
4528-OXZCW,Female,0,No,Yes,46,Yes,Yes,DSL,No,Yes,No,Yes,Yes,No,One year,No,Electronic check,81.27,3822.41,No
1305-LYQZN,Male,0,No,No,1,Yes,No,Fiber optic,No,No,Yes,Yes,No,No,Month-to-month,Yes,Credit card (automatic),83.05,83.75,Yes
2404-ZNZZJ,Female,0,Yes,Yes,7,Yes,No,No,No internet service,No internet service,No internet service,No internet service,No internet service,No internet service,Month-to-month,Yes,Electronic check,23.21,161.16,No
8105-TPNUB,Male,0,Yes,Yes,2,Yes,Yes,No,No internet service,No internet service,No internet service,No internet service,No internet service,No internet service,Month-to-month,Yes,Mailed check,34.6,66.13,Yes
1684-IXXPL,Male,0,Yes,No,5,Yes,No,No,No internet service,No internet service,No internet service,No internet service,No internet service,No internet service,Month-to-month,Yes,Mailed check,25.49,126.62,Yes
6759-GRHAK,Female,0,No,No,67,Yes,Yes,DSL,No,No,No,No,No,No,Two year,Yes,Bank transfer (automatic),61.7,3931.85,No
5042-OLZXV,Female,0,No,No,56,Yes,Yes,No,No internet service,No internet service,No internet service,No internet service,No internet service,No internet service,One year,Yes,Mailed check,33.33,1773.17,No
4768-WIYPW,Male,0,No,Yes,17,Yes,No,Fiber optic,Yes,Yes,Yes,No,Yes,Yes,One year,Yes,Credit card (automatic),106.47,1764.39,No
7135-FDMDV,Female,1,No,No,70,No,No phone service,Fiber optic,Yes,Yes,Yes,No,No,No,Month-to-month,No,Mailed check,76.0,5472.21,No
5124-EMYJC,Female,0,No,No,49,No,No phone service,DSL,Yes,Yes,Yes,No,No,Yes,Month-to-month,No,Bank transfer (automatic),72.7,3468.62,No
3888-CSZIJ,Male,0,Yes,No,26,Yes,No,No,No internet service,No internet service,No internet service,No internet service,No internet service,No internet service,Two year,No,Electronic check,25.99,690.67,No
8940-NQKDW,Male,0,No,No,2,Yes,No,Fiber optic,Yes,No,No,No,No,No,Month-to-month,No,Electronic check,73.25,147.26,Yes
5658-VIYGC,Male,1,No,No,55,Yes,No,DSL,Yes,Yes,No,No,Yes,No,Two year,Yes,Bank transfer (automatic),68.84,3870.46,No
3855-QUYWT,Male,0,Yes,No,20,Yes,No,Fiber optic,Yes,No,Yes,Yes,No,Yes,Two year,No,Electronic check,92.47,1780.82,No
1362-JQYAE,Female,0,Yes,Yes,14,Yes,No,DSL,No,Yes,No,No,No,No,Month-to-month,Yes,Mailed check,53.31,726.76,Yes
9283-PXNWT,Male,0,No,No,13,Yes,No,Fiber optic,No,No,No,Yes,No,No,Month-to-month,No,Credit card (automatic),77.8,1029.53,Yes
2197-GBZNW,Male,0,Yes,No,1,Yes,Yes,DSL,No,No,Yes,No,No,No,Month-to-month,No,Electronic check,67.29,69.24,Yes
1553-IKYZZ,Male,1,No,No,56,Yes,No,Fiber optic,No,No,Yes,Yes,Yes,No,Two year,Yes,Mailed check,87.53,4939.1,No
4305-ZWAMG,Female,0,Yes,No,4,No,No phone service,DSL,No,Yes,No,Yes,No,Yes,Month-to-month,No,Electronic check,66.57,253.55,Yes
1012-XHNKF,Female,1,Yes,Yes,34,Yes,No,DSL,No,No,Yes,No,No,Yes,Two year,Yes,Mailed check,62.55,2223.83,No
5701-ZOQWK,Male,0,No,No,1,Yes,No,DSL,No,No,Yes,No,No,No,Month-to-month,No,Credit card (automatic),57.89,59.36,Yes
2789-KQQXD,Male,1,No,No,45,Yes,No,No,No internet service,No internet service,No internet service,No internet service,No internet service,No internet service,Month-to-month,No,Electronic check,28.45,1342.76,Yes
6065-WSBDS,Male,0,Yes,Yes,19,Yes,No,Fiber optic,No,No,No,No,No,No,Month-to-month,No,Electronic check,69.67,1318.57,Yes
3218-DAYUV,Female,1,No,No,46,Yes,No,DSL,No,Yes,Yes,No,No,Yes,One year,Yes,Electronic check,66.33,2901.23,No
3217-HBWHP,Male,0,No,No,2,Yes,No,No,No internet service,No internet service,No internet service,No internet service,No internet service,No internet service,Month-to-month,No,Credit card (automatic),23.08,44.97,No
5561-GXTFK,Female,0,No,No,11,Yes,No,Fiber optic,Yes,Yes,Yes,No,No,Yes,Month-to-month,No,Bank transfer (automatic),95.32,1004.52,Yes
1636-VPBAX,Male,0,No,No,3,Yes,No,DSL,Yes,No,Yes,Yes,Yes,Yes,Month-to-month,Yes,Bank transfer (automatic),81.73,255.33,Yes
1858-NIQDZ,Female,0,No,No,47,Yes,Yes,Fiber optic,No,No,Yes,Yes,Yes,Yes,Two year,No,Bank transfer (automatic),113.63,5409.61,No
5142-RSPOE,Female,0,No,No,3,Yes,No,DSL,No,No,Yes,No,Yes,No,Month-to-month,Yes,Electronic check,63.29,190.46,Yes
6240-FCZCB,Female,0,No,No,44,Yes,No,No,No internet service,No internet service,No internet service,No internet service,No internet service,No internet service,Two year,Yes,Electronic check,26.54,1145.99,No
8179-GVMAO,Male,0,Yes,No,3,Yes,No,No,No internet service,No internet service,No internet service,No internet service,No internet service,No internet service,Month-to-month,Yes,Mailed check,28.27,82.55,Yes
6050-KGBOH,Female,0,Yes,No,71,Yes,Yes,DSL,Yes,No,Yes,No,No,No,Month-to-month,No,Mailed check,66.9,4871.13,No
4818-ZZLNY,Male,1,No,No,23,Yes,No,Fiber optic,No,Yes,No,No,Yes,Yes,One year,Yes,Electronic check,93.28,2094.0,Yes
3971-MZHOF,Male,0,Yes,Yes,3,Yes,Yes,Fiber optic,No,No,No,No,Yes,No,Month-to-month,Yes,Electronic check,92.97,282.53,Yes
2794-BWWTH,Female,0,No,No,1,Yes,Yes,No,No internet service,No internet service,No internet service,No internet service,No internet service,No internet service,Month-to-month,No,Electronic check,31.2,30.94,Yes
5586-OOPJL,Female,0,Yes,No,16,Yes,No,Fiber optic,Yes,Yes,Yes,No,No,No,One year,Yes,Credit card (automatic),83.29,1347.13,No
9895-QSCRG,Female,1,No,No,70,Yes,Yes,Fiber optic,No,Yes,Yes,Yes,Yes,No,Two year,Yes,Electronic check,106.14,7420.8,No
6000-QTLYE,Male,0,No,No,4,Yes,No,Fiber optic,No,No,No,No,No,No,Month-to-month,No,Bank transfer (automatic),66.5,258.1,Yes
2192-JTKYN,Female,1,No,No,61,Yes,Yes,Fiber optic,No,Yes,No,No,Yes,Yes,Two year,No,Mailed check,101.96,6070.68,No
4166-FBLLD,Male,0,No,No,23,Yes,No,Fiber optic,Yes,Yes,Yes,No,Yes,No,Month-to-month,No,Mailed check,94.41,2258.84,Yes
6043-BDCSY,Male,0,Yes,Yes,62,Yes,Yes,Fiber optic,Yes,No,No,Yes,Yes,No,Month-to-month,Yes,Electronic check,97.28,5734.68,No
8399-FLGRV,Female,0,Yes,No,68,Yes,No,No,No internet service,No internet service,No internet service,No internet service,No internet service,No internet service,Two year,Yes,Bank transfer (automatic),23.52,1539.41,No
3592-IWLBK,Male,0,No,No,72,Yes,Yes,Fiber optic,No,No,No,No,No,No,Two year,No,Electronic check,79.59,5555.21,No
6241-CFXKI,Female,0,No,No,2,Yes,No,DSL,Yes,No,Yes,No,Yes,No,Month-to-month,No,Mailed check,67.6,128.87,Yes
2251-WNSZC,Male,1,Yes,No,61,Yes,Yes,No,No internet service,No internet service,No internet service,No internet service,No internet service,No internet service,Two year,Yes,Credit card (automatic),35.27,2142.83,No
3184-KEIAZ,Male,1,No,No,2,Yes,No,DSL,Yes,No,Yes,Yes,No,Yes,Month-to-month,Yes,Electronic check,73.95,147.65,Yes
9448-DCBHW,Female,0,Yes,No,15,Yes,No,No,No internet service,No internet service,No internet service,No internet service,No internet service,No internet service,Month-to-month,Yes,Mailed check,22.18,325.3,Yes
5717-HXTVN,Female,0,No,No,47,Yes,No,No,No internet service,No internet service,No internet service,No internet service,No internet service,No internet service,Month-to-month,Yes,Credit card (automatic),25.25,1181.71,No
5313-IIQHO,Male,0,No,No,26,Yes,Yes,No,No internet service,No internet service,No internet service,No internet service,No internet service,No internet service,Month-to-month,No,Bank transfer (automatic),31.36,824.91,No
4567-URIDI,Male,0,No,No,39,Yes,Yes,Fiber optic,No,No,Yes,No,Yes,Yes,One year,No,Mailed check,108.55,4061.07,Yes
2844-SOTOY,Female,0,Yes,No,72,Yes,No,Fiber optic,No,Yes,No,No,No,No,Two year,No,Electronic check,77.01,5516.43,No
1842-RWVKR,Male,0,Yes,Yes,63,Yes,Yes,DSL,No,No,No,No,No,No,One year,Yes,Electronic check,59.62,3660.6,No
2520-UPQUX,Male,0,Yes,No,19,Yes,Yes,Fiber optic,Yes,Yes,Yes,No,Yes,Yes,Two year,No,Mailed check,111.04,2136.66,No
2953-ERGKY,Female,0,Yes,Yes,43,Yes,Yes,Fiber optic,No,Yes,No,No,Yes,No,One year,Yes,Electronic check,91.35,4076.3,No
8496-DQQWW,Male,0,Yes,No,2,Yes,Yes,DSL,Yes,Yes,Yes,Yes,Yes,No,Month-to-month,No,Electronic check,92.57,190.91,Yes
4138-TNMCM,Female,0,No,No,27,Yes,No,Fiber optic,No,Yes,No,Yes,No,Yes,Month-to-month,Yes,Credit card (automatic),88.32,2379.95,Yes
8832-SHBSA,Female,0,Yes,No,43,Yes,Yes,Fiber optic,No,Yes,No,No,Yes,No,Two year,Yes,Mailed check,92.49,3803.41,No
6057-IMOCK,Female,0,Yes,No,54,Yes,No,No,No internet service,No internet service,No internet service,No internet service,No internet service,No internet service,One year,Yes,Mailed check,24.35,1334.85,No
5376-BIIRK,Male,0,No,No,70,Yes,No,Fiber optic,No,Yes,No,No,Yes,No,Two year,No,Bank transfer (automatic),85.1,6252.39,No
6494-DYXLQ,Female,0,No,No,12,Yes,Yes,DSL,No,Yes,No,Yes,Yes,Yes,Two year,Yes,Bank transfer (automatic),87.12,1059.51,No
1897-XEQRA,Male,0,Yes,No,70,No,No phone service,DSL,Yes,No,Yes,No,Yes,No,One year,No,Electronic check,65.97,4400.47,No
3063-QPPFR,Male,0,No,No,49,Yes,No,Fiber optic,No,No,Yes,No,No,Yes,Two year,Yes,Electronic check,87.96,4149.29,No
4920-UVORG,Male,0,No,No,2,Yes,Yes,DSL,Yes,Yes,No,No,No,Yes,Month-to-month,Yes,Electronic check,79.64,156.9,Yes
3666-FFOOM,Male,0,No,No,20,Yes,Yes,Fiber optic,No,No,No,Yes,No,No,Month-to-month,Yes,Mailed check,87.51,1795.24,No
7175-OQNRZ,Male,0,No,Yes,30,Yes,Yes,DSL,Yes,Yes,Yes,No,No,No,One year,Yes,Credit card (automatic),73.0,2120.79,No
3148-MRQIN,Female,0,No,No,18,Yes,Yes,Fiber optic,No,No,No,Yes,Yes,Yes,One year,Yes,Bank transfer (automatic),107.37,1845.9,No
5813-LBHVS,Male,0,Yes,No,3,No,No phone service,DSL,Yes,No,No,No,No,Yes,Month-to-month,Yes,Credit card (automatic),56.64,170.48,Yes
7640-VEYNO,Male,0,No,No,37,Yes,No,Fiber optic,Yes,Yes,No,No,No,Yes,Two year,No,Credit card (automatic),90.11,3294.03,No
6854-YUPJV,Female,0,No,Yes,3,Yes,Yes,DSL,No,Yes,No,No,Yes,No,Month-to-month,Yes,Electronic check,75.51,221.01,Yes
9872-WJFIR,Male,0,Yes,No,70,Yes,Yes,Fiber optic,No,No,Yes,No,Yes,Yes,One year,No,Mailed check,102.95,7068.56,No
3503-FCYZT,Female,0,Yes,No,68,Yes,No,DSL,Yes,Yes,No,No,Yes,No,One year,Yes,Electronic check,67.22,4759.98,No
9114-DBGMT,Female,0,Yes,No,29,Yes,No,No,No internet service,No internet service,No internet service,No internet service,No internet service,No internet service,One year,Yes,Electronic check,23.64,696.05,No
6258-SQHCC,Female,0,No,No,2,Yes,Yes,DSL,No,No,Yes,No,No,Yes,Month-to-month,Yes,Electronic check,74.5,155.31,Yes
4872-NPKAG,Male,0,Yes,Yes,37,No,No phone service,DSL,No,No,No,Yes,Yes,No,One year,No,Electronic check,59.82,2124.01,No
1715-MHQXN,Female,0,No,No,42,Yes,No,DSL,Yes,Yes,No,No,No,No,Two year,No,Mailed check,59.52,2454.39,No
3842-RMKAF,Female,0,No,No,70,Yes,Yes,Fiber optic,Yes,No,No,No,No,No,One year,Yes,Credit card (automatic),84.24,5906.96,No
6019-JZRDH,Female,0,Yes,No,2,Yes,No,Fiber optic,No,Yes,No,Yes,Yes,No,One year,Yes,Mailed check,90.37,183.68,No
8526-FCDJU,Male,0,No,Yes,52,Yes,No,DSL,Yes,Yes,No,No,Yes,Yes,Two year,Yes,Bank transfer (automatic),83.14,4290.99,No
7353-ESZWV,Female,0,Yes,Yes,39,Yes,No,Fiber optic,No,Yes,No,No,No,No,Two year,No,Mailed check,75.14,2813.14,No
9894-JJTIQ,Female,1,Yes,Yes,5,Yes,Yes,Fiber optic,No,No,Yes,No,Yes,Yes,Month-to-month,No,Credit card (automatic),108.84,553.07,Yes
2643-QWTEQ,Male,0,Yes,No,3,Yes,No,No,No internet service,No internet service,No internet service,No internet service,No internet service,No internet service,One year,No,Electronic check,23.67,74.16,Yes
8097-IQBPG,Female,0,Yes,No,52,Yes,Yes,No,No internet service,No internet service,No internet service,No internet service,No internet service,No internet service,Two year,No,Electronic check,33.23,1799.57,No
4499-WCDJI,Female,1,Yes,No,17,Yes,No,Fiber optic,Yes,Yes,Yes,Yes,No,No,Month-to-month,No,Mailed check,90.98,1513.22,Yes
1105-WLQHK,Female,1,No,Yes,72,Yes,Yes,Fiber optic,No,No,Yes,No,No,No,Two year,No,Bank transfer (automatic),83.39,6210.97,No
9725-MOXNH,Male,0,No,No,70,Yes,Yes,Fiber optic,No,Yes,No,Yes,No,No,One year,No,Electronic check,89.99,6439.92,No
7257-YZMOB,Female,0,No,No,39,Yes,Yes,DSL,No,No,No,No,No,Yes,Two year,Yes,Bank transfer (automatic),67.3,2659.37,No
8158-CMNDR,Male,0,No,No,47,Yes,Yes,No,No internet service,No internet service,No internet service,No internet service,No internet service,No internet service,One year,Yes,Electronic check,33.42,1637.23,No
1837-JLVSF,Female,0,Yes,Yes,5,Yes,Yes,Fiber optic,No,Yes,Yes,No,No,No,Month-to-month,No,Electronic check,91.23,434.13,Yes
3102-WMLAS,Male,1,Yes,No,70,Yes,No,Fiber optic,No,No,No,No,No,Yes,Two year,No,Credit card (automatic),83.91,6146.92,No
7200-VSCNJ,Male,0,No,No,28,Yes,Yes,Fiber optic,No,Yes,Yes,No,No,Yes,One year,No,Electronic check,98.64,2882.16,Yes
3750-AKMAB,Male,1,No,No,34,Yes,No,No,No internet service,No internet service,No internet service,No internet service,No internet service,No internet service,Month-to-month,No,Electronic check,24.05,851.97,No
7238-FYAGZ,Female,0,Yes,Yes,68,Yes,Yes,Fiber optic,No,No,Yes,No,Yes,No,Month-to-month,Yes,Credit card (automatic),94.5,6448.32,No
6862-CNPFV,Female,0,No,Yes,1,Yes,Yes,Fiber optic,Yes,Yes,No,No,No,No,Month-to-month,Yes,Mailed check,86.75,83.27,Yes
6977-HXHSO,Male,1,No,No,31,Yes,No,DSL,No,No,No,No,Yes,Yes,Month-to-month,No,Bank transfer (automatic),68.81,2131.88,No
5768-POMGC,Male,0,No,No,45,Yes,No,Fiber optic,No,Yes,Yes,No,Yes,Yes,One year,Yes,Electronic check,102.7,4763.01,Yes
5582-KQEAC,Male,0,No,No,5,Yes,Yes,DSL,No,Yes,No,No,No,Yes,One year,No,Mailed check,78.01,386.9,Yes
4985-RTIXB,Female,1,Yes,Yes,2,Yes,No,No,No internet service,No internet service,No internet service,No internet service,No internet service,No internet service,Month-to-month,Yes,Electronic check,28.91,56.3,No
8443-BKZRF,Male,0,No,No,36,Yes,No,Fiber optic,Yes,No,Yes,No,Yes,No,One year,No,Electronic check,89.97,3368.27,No
4451-JAYMQ,Male,0,Yes,No,37,Yes,No,Fiber optic,Yes,No,Yes,No,Yes,No,Two year,Yes,Credit card (automatic),93.42,3366.59,No
3589-WBGBU,Female,0,No,No,16,Yes,No,Fiber optic,No,Yes,No,No,Yes,No,Two year,No,Electronic check,88.69,1482.34,No
6214-IHCPN,Male,0,Yes,No,69,Yes,No,DSL,No,Yes,No,No,No,No,Two year,Yes,Mailed check,54.78,3677.99,No
9951-VTJYW,Male,0,Yes,Yes,14,No,No phone service,DSL,No,No,No,Yes,Yes,No,Two year,Yes,Bank transfer (automatic),56.69,772.82,No
9892-LSELQ,Male,1,Yes,Yes,34,Yes,No,No,No internet service,No internet service,No internet service,No internet service,No internet service,No internet service,Month-to-month,Yes,Mailed check,22.15,778.3,No
6444-DZJMJ,Female,0,Yes,No,6,Yes,No,No,No internet service,No internet service,No internet service,No internet service,No internet service,No internet service,Month-to-month,Yes,Mailed check,26.13,152.28,No
6307-RANHB,Female,0,Yes,Yes,1,Yes,Yes,DSL,Yes,Yes,No,No,Yes,No,One year,Yes,Electronic check,82.31,81.06,Yes
3080-HWEVP,Female,0,No,No,24,Yes,Yes,Fiber optic,No,No,Yes,Yes,Yes,No,Two year,Yes,Mailed check,102.55,2474.9,Yes
5355-WKTIH,Male,1,No,No,35,Yes,Yes,Fiber optic,Yes,Yes,No,No,Yes,No,Month-to-month,Yes,Credit card (automatic),98.67,3520.25,Yes
2369-VXIEQ,Male,0,Yes,No,58,Yes,No,DSL,No,No,No,No,No,No,One year,Yes,Bank transfer (automatic),53.5,2993.37,No
8951-NQFCQ,Male,1,No,No,27,Yes,Yes,Fiber optic,Yes,Yes,No,No,No,No,One year,No,Bank transfer (automatic),86.59,2400.73,Yes
1329-TIOWU,Female,1,No,No,12,Yes,Yes,No,No internet service,No internet service,No internet service,No internet service,No internet service,No internet service,Month-to-month,No,Credit card (automatic),37.03,442.07,Yes
1809-ODAKE,Female,0,Yes,No,43,Yes,No,DSL,No,No,No,No,Yes,Yes,One year,Yes,Electronic check,73.03,3264.42,No
9532-DGZOR,Female,0,No,No,20,Yes,No,No,No internet service,No internet service,No internet service,No internet service,No internet service,No internet service,Month-to-month,Yes,Credit card (automatic),28.68,582.53,No
5642-QQLNU,Male,0,Yes,Yes,9,Yes,No,Fiber optic,No,Yes,No,No,Yes,Yes,Month-to-month,Yes,Credit card (automatic),91.34,799.92,Yes
5383-KRWVR,Female,0,No,No,70,Yes,No,DSL,No,Yes,Yes,Yes,No,No,Two year,No,Mailed check,63.67,4392.59,No
8462-RCAXY,Female,0,No,No,36,Yes,No,DSL,No,No,No,No,No,No,Two year,No,Bank transfer (automatic),49.05,1818.22,No
2545-LEGLW,Male,1,Yes,No,7,Yes,No,DSL,Yes,No,No,Yes,No,Yes,Month-to-month,No,Electronic check,66.5,457.61,No
6177-YXLSO,Female,0,Yes,No,50,Yes,Yes,DSL,No,No,No,No,Yes,No,Two year,Yes,Credit card (automatic),69.65,3353.86,No
8935-NZZRM,Female,0,No,No,62,Yes,No,DSL,No,No,Yes,No,No,No,Month-to-month,No,Mailed check,57.44,3731.07,No
9996-QFBDV,Female,0,Yes,Yes,58,Yes,No,No,No internet service,No internet service,No internet service,No internet service,No internet service,No internet service,Month-to-month,No,Credit card (automatic),27.54,1667.47,No
4308-UHDDE,Female,0,No,Yes,42,Yes,Yes,DSL,No,No,Yes,No,No,No,Two year,Yes,Mailed check,66.66,2740.47,No
9853-PEOCG,Male,0,Yes,Yes,34,Yes,No,No,No internet service,No internet service,No internet service,No internet service,No internet service,No internet service,Month-to-month,Yes,Bank transfer (automatic),26.88,901.63,No
2920-BPOMP,Female,0,Yes,Yes,59,Yes,Yes,No,No internet service,No internet service,No internet service,No internet service,No internet service,No internet service,Two year,Yes,Electronic check,35.8,2190.46,No
3553-RUFPC,Female,0,Yes,Yes,53,Yes,Yes,DSL,No,No,No,No,No,Yes,Two year,No,Electronic check,72.95,3674.35,No
6626-TKZKK,Male,1,No,No,40,Yes,No,Fiber optic,No,Yes,No,No,No,Yes,One year,Yes,Mailed check,86.45,3418.78,No
1473-XIXSY,Male,0,Yes,No,48,Yes,Yes,Fiber optic,No,Yes,Yes,No,Yes,No,One year,Yes,Mailed check,99.07,4543.91,No
7850-WJRZM,Male,1,Yes,No,5,Yes,No,No,No internet service,No internet service,No internet service,No internet service,No internet service,No internet service,Month-to-month,Yes,Electronic check,27.17,140.82,Yes
2199-FNYYK,Male,0,No,No,1,Yes,Yes,DSL,Yes,No,No,No,Yes,No,Month-to-month,No,Electronic check,77.73,77.53,Yes
2902-HMLHO,Female,1,Yes,No,71,Yes,No,Fiber optic,No,Yes,No,No,Yes,Yes,Month-to-month,No,Bank transfer (automatic),91.96,6849.54,No
4120-YFYLS,Male,1,Yes,Yes,71,Yes,Yes,Fiber optic,No,No,No,No,No,Yes,Two year,Yes,Electronic check,93.21,6416.58,No
3478-DPOOL,Male,0,Yes,No,60,Yes,Yes,Fiber optic,No,No,No,No,Yes,No,Two year,Yes,Credit card (automatic),88.34,5210.37,No
4673-SQKHW,Male,0,No,No,20,No,No phone service,Fiber optic,Yes,Yes,Yes,Yes,Yes,Yes,Month-to-month,No,Mailed check,106.39,2058.34,Yes
3204-PKOKW,Male,0,No,No,4,Yes,Yes,DSL,Yes,No,No,Yes,Yes,Yes,Month-to-month,Yes,Mailed check,88.13,335.71,Yes
7896-YPUVR,Male,0,No,Yes,18,Yes,No,Fiber optic,No,Yes,Yes,No,No,Yes,One year,Yes,Electronic check,89.42,1680.24,No
9880-QYKVD,Male,0,Yes,Yes,55,Yes,Yes,No,No internet service,No internet service,No internet service,No internet service,No internet service,No internet service,Month-to-month,Yes,Electronic check,32.72,1847.23,No
8222-PEQNL,Male,0,No,No,17,Yes,No,DSL,Yes,No,No,No,Yes,No,One year,No,Mailed check,62.88,1103.93,No
4410-FRUKI,Female,0,No,No,61,Yes,No,Fiber optic,Yes,Yes,Yes,No,Yes,No,Two year,Yes,Credit card (automatic),94.85,5721.16,No
3560-HAASU,Male,0,Yes,Yes,50,Yes,Yes,DSL,No,Yes,Yes,No,Yes,No,Two year,No,Bank transfer (automatic),77.64,4044.46,Yes
3324-TZDNT,Female,0,Yes,Yes,46,Yes,No,DSL,No,No,No,No,No,No,One year,No,Credit card (automatic),49.38,2178.11,No
3573-IHBMY,Male,0,No,No,71,Yes,No,DSL,No,Yes,No,No,No,Yes,One year,Yes,Mailed check,66.3,4533.17,No
2681-ORXWL,Male,0,Yes,Yes,70,Yes,No,Fiber optic,Yes,No,No,No,Yes,No,Two year,No,Credit card (automatic),83.71,5826.91,No
4403-TWYRI,Male,0,No,No,53,Yes,Yes,Fiber optic,No,No,Yes,Yes,Yes,No,One year,Yes,Electronic check,102.8,5254.12,Yes
6494-JVTOG,Male,0,Yes,No,7,Yes,Yes,Fiber optic,No,No,No,Yes,Yes,No,Month-to-month,No,Electronic check,93.92,632.22,Yes
3151-BGKQX,Male,0,No,No,71,Yes,No,No,No internet service,No internet service,No internet service,No internet service,No internet service,No internet service,Two year,Yes,Electronic check,28.47,2026.98,No
4563-NSKLM,Male,0,Yes,No,9,Yes,Yes,Fiber optic,No,No,No,No,No,Yes,Month-to-month,No,Credit card (automatic),91.66,800.07,Yes
4568-XLXOO,Male,0,Yes,No,20,Yes,No,Fiber optic,No,No,No,No,Yes,No,One year,Yes,Credit card (automatic),77.92,1606.83,No
4347-REFTN,Female,0,No,No,64,Yes,Yes,Fiber optic,No,No,No,No,No,No,One year,Yes,Bank transfer (automatic),79.44,5285.51,No
8702-EPMIE,Male,1,No,No,8,Yes,Yes,DSL,Yes,Yes,Yes,No,No,Yes,Month-to-month,No,Mailed check,81.17,662.18,Yes
9044-JGYNX,Female,0,No,No,47,Yes,Yes,DSL,No,Yes,No,Yes,No,No,One year,Yes,Credit card (automatic),67.3,3079.4,No
5312-UHDIH,Female,1,Yes,No,28,Yes,No,Fiber optic,Yes,No,No,No,Yes,Yes,One year,No,Bank transfer (automatic),95.68,2753.85,No
7996-NBKSG,Female,0,Yes,Yes,45,Yes,No,Fiber optic,No,No,No,Yes,Yes,No,One year,No,Electronic check,86.72,3726.82,No
1245-GYDZO,Male,0,No,Yes,71,Yes,Yes,No,No internet service,No internet service,No internet service,No internet service,No internet service,No internet service,One year,No,Credit card (automatic),32.0,2302.8,No
9462-FATID,Female,0,Yes,Yes,62,Yes,Yes,DSL,Yes,No,Yes,No,No,Yes,Month-to-month,No,Electronic check,78.66,5084.92,No
3305-DPVAI,Male,0,No,No,13,Yes,Yes,No,No internet service,No internet service,No internet service,No internet service,No internet service,No internet service,Two year,No,Mailed check,34.61,454.28,No
8769-WNNTW,Male,0,No,No,2,Yes,Yes,No,No internet service,No internet service,No internet service,No internet service,No internet service,No internet service,Month-to-month,No,Credit card (automatic),33.78,70.4,Yes
1571-WGHGU,Male,1,No,No,72,Yes,No,DSL,Yes,Yes,No,Yes,Yes,Yes,One year,No,Electronic check,86.35,6306.58,No
9457-PEOMM,Female,0,No,No,41,Yes,No,No,No internet service,No internet service,No internet service,No internet service,No internet service,No internet service,Month-to-month,Yes,Electronic check,27.4,1155.67,Yes
3534-OQJTI,Male,0,Yes,No,5,Yes,No,DSL,Yes,No,No,No,Yes,Yes,One year,Yes,Bank transfer (automatic),72.57,361.14,No
2321-EXGGV,Female,0,No,No,45,Yes,No,No,No internet service,No internet service,No internet service,No internet service,No internet service,No internet service,Month-to-month,No,Mailed check,24.59,1120.62,No
4127-LYHMD,Male,1,No,No,1,Yes,No,Fiber optic,No,Yes,No,Yes,Yes,No,Month-to-month,Yes,Mailed check,90.49,86.42,Yes
6363-ESMKA,Female,0,No,No,6,Yes,Yes,No,No internet service,No internet service,No internet service,No internet service,No internet service,No internet service,Month-to-month,No,Credit card (automatic),38.83,222.0,Yes
2356-NMAHL,Female,0,Yes,Yes,46,Yes,No,Fiber optic,No,No,No,No,No,No,Month-to-month,Yes,Electronic check,70.36,3118.2,Yes
8679-TUVVE,Female,0,Yes,Yes,22,Yes,Yes,DSL,No,Yes,Yes,Yes,No,No,Month-to-month,No,Mailed check,71.1,1567.86,Yes
8684-BOXLJ,Male,1,No,No,16,Yes,Yes,DSL,No,No,No,No,Yes,Yes,One year,No,Electronic check,81.81,1348.97,Yes
5451-ZZMMQ,Female,0,No,No,48,Yes,No,No,No internet service,No internet service,No internet service,No internet service,No internet service,No internet service,One year,Yes,Mailed check,21.23,1052.96,No
4203-DVZYC,Female,0,No,No,68,Yes,No,DSL,No,No,Yes,No,No,Yes,One year,Yes,Credit card (automatic),62.51,4440.31,No
2181-HCATY,Male,0,No,No,50,Yes,No,DSL,Yes,Yes,No,No,Yes,Yes,Two year,Yes,Bank transfer (automatic),78.0,3816.92,No
8061-IEHKA,Male,0,No,No,28,Yes,No,DSL,Yes,No,No,No,No,No,One year,No,Electronic check,56.28,1641.75,No
8698-VAYKZ,Female,0,Yes,No,49,Yes,No,Fiber optic,Yes,No,No,Yes,Yes,No,Month-to-month,Yes,Bank transfer (automatic),92.51,4677.13,No
4808-LZSOI,Male,0,Yes,Yes,52,Yes,No,DSL,No,No,No,Yes,No,No,One year,Yes,Mailed check,54.17,2788.79,No
9963-DHYTF,Female,0,No,No,59,Yes,No,Fiber optic,No,Yes,No,Yes,No,Yes,Two year,Yes,Mailed check,89.72,5240.0,No
9378-PPDMZ,Male,0,No,No,14,Yes,Yes,DSL,No,No,No,Yes,Yes,Yes,Month-to-month,Yes,Electronic check,86.87,1250.8,Yes
7562-FCAZV,Female,0,No,No,3,Yes,Yes,Fiber optic,No,No,Yes,No,No,No,Month-to-month,No,Electronic check,87.93,266.35,Yes
9802-QBXAG,Male,0,No,No,51,Yes,Yes,DSL,No,No,No,No,Yes,No,Two year,Yes,Electronic check,73.44,3785.39,No
8766-UYAUJ,Male,0,No,No,3,Yes,No,Fiber optic,Yes,No,No,No,No,Yes,Month-to-month,No,Credit card (automatic),81.27,238.66,Yes
4689-LXFFA,Male,0,Yes,No,28,Yes,No,DSL,Yes,No,Yes,No,No,Yes,Month-to-month,Yes,Electronic check,73.18,2110.07,Yes
2989-KQJXQ,Female,0,No,No,9,Yes,No,Fiber optic,No,Yes,Yes,No,No,No,Month-to-month,Yes,Credit card (automatic),81.53,746.27,Yes
2517-QTBJC,Male,0,Yes,No,16,Yes,No,No,No internet service,No internet service,No internet service,No internet service,No internet service,No internet service,Month-to-month,Yes,Credit card (automatic),22.62,348.98,Yes
2906-OYWWP,Female,0,Yes,Yes,29,Yes,No,Fiber optic,No,No,Yes,Yes,No,Yes,Month-to-month,Yes,Bank transfer (automatic),93.6,2701.4,Yes
5167-ZJBCZ,Female,0,Yes,No,70,Yes,Yes,DSL,No,No,No,No,Yes,No,Month-to-month,No,Bank transfer (automatic),67.29,4656.74,No
4185-XCAWA,Male,0,No,No,51,No,No phone service,Fiber optic,No,No,No,No,Yes,Yes,Two year,No,Credit card (automatic),84.0,4471.67,No
4310-HVIOP,Male,0,No,No,5,Yes,Yes,Fiber optic,No,No,Yes,No,Yes,Yes,Month-to-month,No,Electronic check,104.64,524.4,Yes
8172-ORIMM,Male,0,No,No,69,Yes,Yes,Fiber optic,No,Yes,Yes,No,Yes,Yes,One year,Yes,Bank transfer (automatic),109.63,7297.6,No
4274-MYTYJ,Male,1,Yes,No,32,No,No phone service,Fiber optic,Yes,No,No,No,Yes,No,Month-to-month,Yes,Credit card (automatic),82.59,2744.75,Yes
1146-VOXHK,Male,0,Yes,Yes,7,No,No phone service,DSL,No,No,Yes,No,No,No,One year,Yes,Credit card (automatic),52.8,357.57,No
8629-FCPGT,Female,0,Yes,Yes,35,Yes,Yes,Fiber optic,No,Yes,Yes,No,Yes,Yes,Month-to-month,Yes,Bank transfer (automatic),106.25,3759.82,No
7089-RRQZH,Female,1,Yes,Yes,6,Yes,Yes,DSL,No,Yes,No,No,No,No,Two year,Yes,Electronic check,68.13,404.93,No
5727-WVGUG,Male,0,Yes,No,19,No,No phone service,Fiber optic,Yes,No,No,Yes,No,Yes,One year,Yes,Bank transfer (automatic),85.57,1567.61,No
9841-BXAPR,Female,0,Yes,Yes,62,Yes,Yes,DSL,No,Yes,No,Yes,Yes,Yes,Two year,No,Credit card (automatic),92.41,5652.93,No
3106-FHTRR,Female,0,Yes,No,49,No,No phone service,DSL,Yes,No,Yes,No,No,No,One year,No,Mailed check,55.94,2631.39,Yes
6213-JERUZ,Female,0,Yes,No,30,No,No phone service,Fiber optic,No,No,No,No,Yes,No,Month-to-month,Yes,Bank transfer (automatic),72.24,2174.75,Yes
3591-WEDNJ,Female,1,No,No,9,No,No phone service,DSL,Yes,Yes,No,Yes,Yes,No,Month-to-month,Yes,Mailed check,72.78,674.48,Yes
1641-KMKIZ,Female,1,No,No,12,No,No phone service,DSL,Yes,No,No,No,Yes,No,One year,Yes,Credit card (automatic),63.16,765.67,Yes
8837-LDXID,Male,0,No,No,72,Yes,No,Fiber optic,Yes,No,Yes,No,No,Yes,One year,No,Electronic check,89.78,6545.25,No
5264-XCVJQ,Female,0,No,No,17,Yes,No,No,No internet service,No internet service,No internet service,No internet service,No internet service,No internet service,Month-to-month,Yes,Electronic check,28.36,481.73,Yes
9608-SBMYP,Female,0,No,No,44,Yes,Yes,No,No internet service,No internet service,No internet service,No internet service,No internet service,No internet service,Two year,No,Bank transfer (automatic),37.29,1582.64,No
6156-QVMWQ,Male,0,Yes,No,32,Yes,No,No,No internet service,No internet service,No internet service,No internet service,No internet service,No internet service,One year,No,Electronic check,26.36,866.68,No
2161-QKEYI,Male,0,No,No,1,Yes,No,DSL,Yes,Yes,No,No,Yes,Yes,Month-to-month,No,Electronic check,80.24,84.24,Yes
4234-ROTND,Male,0,No,No,71,Yes,No,Fiber optic,Yes,Yes,No,Yes,Yes,No,Two year,No,Electronic check,97.05,6715.68,No
8035-MSGQT,Male,0,Yes,Yes,2,Yes,No,No,No internet service,No internet service,No internet service,No internet service,No internet service,No internet service,One year,Yes,Bank transfer (automatic),26.25,54.69,Yes
4321-RVEPM,Male,0,No,No,49,Yes,No,Fiber optic,No,No,No,No,No,No,One year,Yes,Mailed check,68.24,3201.11,No
7812-FMRZO,Female,0,Yes,No,63,Yes,No,DSL,No,No,No,No,No,Yes,Two year,Yes,Electronic check,62.68,3886.47,No
7568-NUXBZ,Female,0,Yes,Yes,57,Yes,Yes,Fiber optic,No,Yes,Yes,No,Yes,No,One year,Yes,Mailed check,100.24,5843.66,Yes
2417-OKOZX,Male,0,No,Yes,62,Yes,Yes,Fiber optic,No,Yes,Yes,No,Yes,No,Month-to-month,No,Credit card (automatic),99.36,6324.25,No
1557-QMSWO,Male,1,No,No,56,Yes,No,Fiber optic,No,No,No,No,No,No,One year,Yes,Credit card (automatic),73.82,4287.24,No
1429-EFXYP,Female,0,No,No,26,Yes,Yes,Fiber optic,No,Yes,No,Yes,No,No,One year,Yes,Credit card (automatic),92.11,2460.83,Yes
4271-TSQBC,Male,1,Yes,Yes,70,Yes,No,DSL,Yes,Yes,Yes,No,No,Yes,Two year,No,Bank transfer (automatic),78.37,5457.59,No
7397-CVTNF,Male,0,Yes,Yes,70,Yes,Yes,DSL,Yes,Yes,No,No,Yes,Yes,One year,Yes,Electronic check,91.55,6371.56,No
2031-ASKUX,Female,1,Yes,No,25,Yes,No,Fiber optic,No,No,No,No,No,No,Month-to-month,No,Credit card (automatic),66.48,1580.96,No
5350-PBGKZ,Male,0,No,No,30,Yes,Yes,No,No internet service,No internet service,No internet service,No internet service,No internet service,No internet service,Month-to-month,No,Mailed check,33.3,1047.09,No
8084-MVGEZ,Male,1,No,No,30,Yes,No,DSL,No,Yes,Yes,Yes,No,No,Month-to-month,No,Electronic check,64.8,1953.73,Yes
3105-RPQGL,Male,0,No,No,12,Yes,No,Fiber optic,Yes,No,No,Yes,No,No,Month-to-month,Yes,Electronic check,78.8,967.22,Yes
8459-OIFLR,Female,0,Yes,Yes,3,Yes,Yes,Fiber optic,No,No,No,No,Yes,Yes,Month-to-month,Yes,Credit card (automatic),96.6,281.63,Yes
6658-JETTK,Female,0,Yes,No,11,Yes,No,DSL,No,Yes,Yes,Yes,Yes,Yes,One year,Yes,Bank transfer (automatic),84.05,934.92,No
3455-YEFMK,Male,1,Yes,Yes,66,No,No phone service,DSL,No,No,No,No,No,No,Two year,Yes,Electronic check,48.51,3320.1,No
2996-AAYNH,Male,0,No,Yes,37,Yes,No,DSL,Yes,No,No,No,Yes,No,One year,Yes,Credit card (automatic),63.58,2270.01,No
8283-HKBIF,Female,0,Yes,No,66,Yes,No,Fiber optic,No,Yes,No,No,No,No,Two year,No,Electronic check,75.25,5012.23,No
4501-KTFHS,Female,0,No,No,57,Yes,Yes,Fiber optic,No,No,No,No,Yes,No,Two year,Yes,Bank transfer (automatic),93.76,5212.11,No
1034-WSXEC,Female,0,Yes,Yes,18,Yes,Yes,Fiber optic,No,Yes,No,No,No,Yes,One year,Yes,Credit card (automatic),93.71,1707.53,No
3491-EAHUL,Female,1,No,No,6,Yes,No,Fiber optic,No,No,Yes,No,No,Yes,Month-to-month,Yes,Credit card (automatic),83.24,491.11,Yes
6266-CGUZN,Female,0,Yes,Yes,39,Yes,Yes,Fiber optic,No,No,No,No,Yes,Yes,One year,No,Bank transfer (automatic),99.63,4021.36,No
2716-QDZCI,Female,1,Yes,Yes,71,Yes,Yes,DSL,Yes,No,No,Yes,Yes,Yes,Two year,Yes,Bank transfer (automatic),93.27,6745.69,No
6818-FQEEO,Female,0,No,Yes,65,Yes,No,DSL,No,Yes,No,Yes,No,No,Month-to-month,No,Mailed check,60.87,3856.18,No
3817-FQCBW,Female,1,No,No,58,Yes,No,Fiber optic,No,Yes,Yes,No,Yes,Yes,Two year,Yes,Mailed check,98.57,5473.29,No
1161-RSSQN,Female,0,No,No,58,Yes,No,DSL,Yes,No,No,Yes,No,Yes,One year,No,Electronic check,72.31,4162.85,No
8038-QKZPF,Male,0,No,No,35,No,No phone service,No,No internet service,No internet service,No internet service,No internet service,No internet service,No internet service,One year,Yes,Electronic check,20.49,740.02,No
1228-KVVWY,Female,0,No,No,5,Yes,Yes,Fiber optic,No,No,Yes,Yes,Yes,No,Month-to-month,Yes,Credit card (automatic),99.98,496.9,No
9010-RWOCG,Female,0,Yes,Yes,13,Yes,No,Fiber optic,Yes,Yes,Yes,No,Yes,Yes,One year,No,Electronic check,105.48,1385.04,No
3253-ZHCDJ,Female,0,Yes,Yes,40,Yes,No,DSL,No,Yes,No,Yes,No,No,One year,Yes,Bank transfer (automatic),63.95,2500.69,No
5584-RRGDM,Male,1,No,No,15,No,No phone service,DSL,No,Yes,Yes,No,No,No,Two year,No,Bank transfer (automatic),55.67,835.93,No
6023-SEDOU,Female,0,No,No,60,Yes,Yes,Fiber optic,No,Yes,Yes,No,Yes,No,Two year,Yes,Bank transfer (automatic),102.49,6387.87,No
1710-EONXX,Female,0,No,No,20,Yes,Yes,No,No internet service,No internet service,No internet service,No internet service,No internet service,No internet service,One year,Yes,Mailed check,33.7,674.54,No
6527-OYGYZ,Male,1,Yes,No,3,Yes,No,Fiber optic,Yes,No,No,Yes,No,Yes,Month-to-month,No,Credit card (automatic),86.67,270.51,Yes
1069-UYGXA,Female,0,Yes,Yes,60,Yes,No,Fiber optic,No,No,Yes,No,Yes,No,Two year,No,Mailed check,86.92,5329.0,No
9159-ZSRJG,Female,1,No,Yes,52,Yes,No,No,No internet service,No internet service,No internet service,No internet service,No internet service,No internet service,Two year,No,Electronic check,23.06,1219.86,No
1026-FDKUR,Male,1,Yes,No,10,Yes,Yes,DSL,Yes,No,No,Yes,No,No,Month-to-month,No,Mailed check,72.86,756.9,No
6816-AEEHV,Male,1,No,No,72,Yes,Yes,DSL,Yes,No,No,No,Yes,No,Month-to-month,Yes,Electronic check,77.81,5439.61,No
2750-EVPFH,Female,0,Yes,Yes,22,Yes,Yes,DSL,No,Yes,No,No,Yes,No,Month-to-month,Yes,Bank transfer (automatic),76.47,1741.66,No
7565-RGBMW,Female,0,Yes,No,51,Yes,No,Fiber optic,No,No,Yes,No,No,Yes,Two year,Yes,Mailed check,82.72,4100.4,No
3311-LAIHI,Male,0,Yes,Yes,70,Yes,Yes,No,No internet service,No internet service,No internet service,No internet service,No internet service,No internet service,One year,Yes,Electronic check,34.08,2459.89,No
5931-LEWZS,Male,0,Yes,No,4,No,No phone service,DSL,No,Yes,No,Yes,No,No,Month-to-month,Yes,Electronic check,52.55,205.88,Yes
2840-WRKTT,Male,0,Yes,No,69,Yes,No,No,No internet service,No internet service,No internet service,No internet service,No internet service,No internet service,One year,No,Bank transfer (automatic),23.06,1651.91,No
3968-FLOLI,Male,0,Yes,Yes,53,Yes,No,Fiber optic,No,No,Yes,No,No,No,One year,Yes,Electronic check,72.48,3840.79,No
1996-XZRUN,Male,0,No,No,5,Yes,Yes,Fiber optic,No,Yes,No,No,No,No,One year,No,Electronic check,84.32,440.99,Yes
2735-RCVLZ,Female,0,No,No,49,Yes,Yes,Fiber optic,No,Yes,No,No,No,Yes,One year,No,Mailed check,96.78,4542.64,Yes
8179-BRUGT,Female,0,Yes,Yes,68,Yes,No,Fiber optic,No,No,No,No,Yes,No,Month-to-month,Yes,Credit card (automatic),80.25,5194.47,No
5681-DYRYJ,Female,0,No,No,61,No,No phone service,No,No internet service,No internet service,No internet service,No internet service,No internet service,No internet service,Month-to-month,No,Electronic check,18.25,1166.13,No
7570-MUWKW,Male,0,No,No,58,No,No phone service,DSL,No,Yes,No,No,Yes,No,Month-to-month,No,Electronic check,57.34,3191.16,No
8763-QMDWR,Male,0,Yes,Yes,5,Yes,No,DSL,No,No,Yes,No,Yes,No,Month-to-month,Yes,Electronic check,68.94,352.01,Yes
9953-JMLUJ,Male,0,No,No,6,Yes,No,Fiber optic,No,No,Yes,Yes,No,No,Month-to-month,No,Mailed check,81.1,485.34,Yes
5070-GFCMG,Female,0,No,No,37,Yes,No,DSL,No,No,Yes,No,No,No,Two year,No,Mailed check,54.59,2075.56,No
3486-KAHDY,Female,0,Yes,No,40,Yes,Yes,No,No internet service,No internet service,No internet service,No internet service,No internet service,No internet service,Two year,Yes,Credit card (automatic),38.65,1492.3,No
5154-OTQMP,Female,0,Yes,No,71,Yes,Yes,No,No internet service,No internet service,No internet service,No internet service,No internet service,No internet service,Month-to-month,Yes,Electronic check,35.08,2538.66,Yes
8056-MABRD,Male,1,Yes,Yes,29,Yes,No,Fiber optic,No,Yes,Yes,No,Yes,Yes,One year,No,Electronic check,102.48,2840.61,Yes
1373-SOZFZ,Female,1,Yes,No,14,Yes,No,DSL,No,Yes,No,Yes,No,No,One year,Yes,Electronic check,59.56,866.1,No
5189-VZFNB,Female,0,No,No,6,Yes,No,DSL,No,Yes,Yes,Yes,Yes,Yes,Month-to-month,Yes,Electronic check,88.08,539.6,Yes
8421-EWZJV,Female,0,Yes,No,2,Yes,Yes,DSL,No,Yes,No,No,No,No,Month-to-month,No,Bank transfer (automatic),65.71,129.68,Yes
7096-NVJCD,Female,1,No,No,2,Yes,No,DSL,No,Yes,No,No,Yes,No,Month-to-month,No,Mailed check,67.1,129.12,Yes
5104-NFOMG,Female,0,No,No,40,No,No phone service,Fiber optic,No,No,Yes,No,Yes,Yes,One year,No,Electronic check,92.15,3659.8,Yes
8022-AEPSD,Male,0,No,Yes,6,Yes,No,Fiber optic,No,Yes,No,Yes,No,No,Month-to-month,No,Electronic check,80.68,490.57,Yes
9497-NULJN,Female,0,No,No,66,Yes,Yes,Fiber optic,No,Yes,No,No,Yes,Yes,Two year,No,Bank transfer (automatic),102.07,6867.08,No
1243-OQXRX,Male,0,Yes,Yes,42,Yes,Yes,Fiber optic,No,No,Yes,No,Yes,No,One year,No,Credit card (automatic),93.61,3941.08,No
5130-BUVWS,Male,1,No,No,68,Yes,Yes,Fiber optic,No,No,Yes,No,Yes,No,Two year,Yes,Electronic check,91.15,6097.68,No
1543-JAFCS,Male,0,No,No,24,Yes,No,Fiber optic,No,No,Yes,Yes,No,Yes,One year,Yes,Electronic check,86.19,2004.09,Yes
7185-MIFOP,Female,0,Yes,No,42,Yes,No,Fiber optic,No,No,Yes,No,Yes,No,One year,No,Credit card (automatic),86.29,3528.77,No
4447-QQUPZ,Male,0,Yes,Yes,35,Yes,No,Fiber optic,No,Yes,No,No,No,Yes,Month-to-month,Yes,Bank transfer (automatic),88.62,3201.74,Yes
1408-MISGQ,Female,1,Yes,Yes,72,Yes,Yes,Fiber optic,No,No,Yes,Yes,Yes,Yes,Two year,Yes,Mailed check,107.85,7995.33,No
3064-DGISW,Female,1,No,No,61,Yes,Yes,Fiber optic,Yes,Yes,Yes,Yes,Yes,No,Two year,No,Electronic check,111.83,6826.54,No
9944-RROZW,Female,0,Yes,Yes,42,Yes,Yes,DSL,Yes,No,Yes,No,Yes,Yes,Two year,Yes,Bank transfer (automatic),90.45,3919.24,No
3431-LGOGV,Female,1,Yes,No,43,Yes,Yes,Fiber optic,No,No,No,Yes,No,Yes,Two year,Yes,Bank transfer (automatic),95.49,4306.35,No
7975-PXJDJ,Female,0,No,No,10,Yes,Yes,Fiber optic,No,No,Yes,No,No,No,Month-to-month,Yes,Credit card (automatic),87.64,845.43,No
5680-TDPRE,Male,0,Yes,No,56,No,No phone service,Fiber optic,Yes,No,Yes,No,No,No,Month-to-month,Yes,Bank transfer (automatic),75.59,4145.78,No
3061-FSEKD,Male,0,No,No,72,Yes,Yes,Fiber optic,No,No,No,No,No,Yes,One year,Yes,Electronic check,93.54,6904.63,No
8412-RLNOR,Female,0,Yes,Yes,3,Yes,No,No,No internet service,No internet service,No internet service,No internet service,No internet service,No internet service,Month-to-month,No,Electronic check,28.79,88.56,Yes
5505-APPQO,Male,0,Yes,No,46,Yes,No,Fiber optic,Yes,Yes,Yes,No,Yes,Yes,One year,No,Electronic check,106.94,4850.99,No
2007-FSGJI,Male,1,Yes,Yes,34,Yes,Yes,DSL,Yes,Yes,Yes,No,Yes,Yes,One year,Yes,Mailed check,91.69,3046.16,No
7034-FXMDY,Female,0,No,No,66,No,No phone service,Fiber optic,Yes,Yes,No,No,No,No,Two year,Yes,Credit card (automatic),76.46,4841.85,No
1799-BOLPZ,Female,0,No,No,1,Yes,Yes,DSL,Yes,No,Yes,Yes,No,No,Month-to-month,No,Credit card (automatic),78.61,76.07,No
4081-XWHME,Female,0,Yes,No,3,Yes,Yes,No,No internet service,No internet service,No internet service,No internet service,No internet service,No internet service,Month-to-month,Yes,Mailed check,38.32,119.31,No
8042-GXCYQ,Female,0,Yes,Yes,1,Yes,Yes,DSL,Yes,No,Yes,Yes,Yes,Yes,Month-to-month,Yes,Electronic check,92.63,93.96,Yes
1164-NSEUX,Female,0,No,No,5,Yes,Yes,No,No internet service,No internet service,No internet service,No internet service,No internet service,No internet service,Month-to-month,Yes,Electronic check,38.17,195.0,Yes
5680-QAAGD,Male,0,No,No,53,Yes,Yes,DSL,No,No,No,No,No,Yes,Two year,Yes,Credit card (automatic),67.29,3425.53,No
3771-ZRTSS,Male,0,Yes,No,3,Yes,No,Fiber optic,No,No,Yes,Yes,Yes,Yes,Month-to-month,Yes,Electronic check,96.63,293.11,No
9333-PTOAQ,Female,0,No,No,45,Yes,No,DSL,Yes,Yes,No,Yes,No,No,Two year,Yes,Credit card (automatic),61.3,2855.71,No
2649-UTUJY,Male,0,No,No,68,Yes,Yes,Fiber optic,No,No,Yes,No,No,Yes,One year,Yes,Credit card (automatic),98.7,6391.78,No
9867-JHLSL,Male,0,Yes,No,1,Yes,No,Fiber optic,No,No,No,Yes,Yes,Yes,Month-to-month,Yes,Credit card (automatic),92.87,89.6,No
9377-XNWIH,Female,0,Yes,Yes,1,Yes,No,Fiber optic,No,Yes,No,No,No,Yes,Month-to-month,No,Electronic check,82.3,78.29,Yes
6915-NVGCT,Male,0,Yes,No,72,Yes,No,DSL,Yes,Yes,Yes,Yes,No,Yes,Two year,No,Electronic check,77.91,5780.05,No
2760-LLLSY,Male,0,No,No,50,Yes,No,DSL,Yes,Yes,No,Yes,No,No,Two year,Yes,Mailed check,66.31,3199.35,No
5897-DODPO,Male,0,Yes,Yes,3,No,No phone service,DSL,No,Yes,No,Yes,Yes,No,Month-to-month,Yes,Electronic check,62.26,179.58,Yes
8651-QMECI,Male,0,No,No,14,Yes,No,Fiber optic,No,No,No,No,Yes,No,Month-to-month,Yes,Mailed check,81.04,1093.34,Yes
3441-LZVHU,Male,1,No,No,72,Yes,Yes,DSL,No,No,No,No,No,No,One year,Yes,Mailed check,56.16,4013.33,No
5557-MHOLC,Female,0,No,No,9,Yes,No,Fiber optic,Yes,No,No,Yes,Yes,Yes,Month-to-month,Yes,Credit card (automatic),99.15,927.96,Yes
6786-IDOKA,Female,0,Yes,No,57,Yes,Yes,Fiber optic,No,No,No,No,No,No,Two year,No,Mailed check,82.08,4552.57,No
4129-WGUSG,Male,0,No,No,10,Yes,Yes,No,No internet service,No internet service,No internet service,No internet service,No internet service,No internet service,Month-to-month,Yes,Mailed check,33.12,326.5,Yes
2159-CZYZE,Male,0,No,No,22,Yes,Yes,No,No internet service,No internet service,No internet service,No internet service,No internet service,No internet service,Month-to-month,Yes,Bank transfer (automatic),33.72,722.11,No
6383-XQLNL,Male,0,Yes,No,69,Yes,Yes,No,No internet service,No internet service,No internet service,No internet service,No internet service,No internet service,Two year,Yes,Electronic check,31.84,2194.49,No
8326-ODMXT,Female,0,No,No,1,Yes,Yes,No,No internet service,No internet service,No internet service,No internet service,No internet service,No internet service,Month-to-month,Yes,Mailed check,36.43,36.51,Yes
2679-MWSHV,Male,0,No,No,14,Yes,No,No,No internet service,No internet service,No internet service,No internet service,No internet service,No internet service,One year,No,Bank transfer (automatic),23.82,320.6,Yes
5349-HGKKZ,Female,0,Yes,Yes,31,No,No phone service,No,No internet service,No internet service,No internet service,No internet service,No internet service,No internet service,One year,Yes,Bank transfer (automatic),18.25,593.69,No
7433-AUVPV,Male,0,Yes,No,45,Yes,No,No,No internet service,No internet service,No internet service,No internet service,No internet service,No internet service,Two year,No,Bank transfer (automatic),21.11,993.24,No
3946-SEAIX,Female,0,Yes,No,1,Yes,No,DSL,No,Yes,No,Yes,Yes,No,Month-to-month,Yes,Credit card (automatic),70.86,70.02,No
6360-CQIBY,Male,0,No,No,23,Yes,No,No,No internet service,No internet service,No internet service,No internet service,No internet service,No internet service,Month-to-month,Yes,Mailed check,24.87,584.97,Yes
4701-VHQGA,Male,0,No,No,17,Yes,Yes,Fiber optic,No,Yes,Yes,No,Yes,No,Month-to-month,Yes,Bank transfer (automatic),101.69,1777.53,Yes
4414-FZIYZ,Male,1,Yes,Yes,1,Yes,No,Fiber optic,No,No,No,No,No,No,Month-to-month,No,Mailed check,70.08,72.69,Yes
6091-GXMJJ,Female,0,No,No,18,Yes,No,DSL,No,Yes,Yes,No,No,No,Month-to-month,Yes,Credit card (automatic),59.24,1050.5,Yes
1656-HSEWS,Male,0,No,No,71,Yes,No,DSL,No,Yes,Yes,No,Yes,No,One year,No,Mailed check,73.07,5413.22,No
3240-EPFHM,Male,0,Yes,Yes,12,No,No phone service,DSL,Yes,Yes,No,No,Yes,Yes,Two year,Yes,Bank transfer (automatic),75.4,878.77,No
6562-TEIFQ,Female,0,No,Yes,41,Yes,No,No,No internet service,No internet service,No internet service,No internet service,No internet service,No internet service,One year,No,Electronic check,27.41,1177.06,Yes
2218-QAPLS,Male,0,Yes,No,14,Yes,Yes,DSL,Yes,No,No,No,Yes,No,Month-to-month,Yes,Mailed check,77.97,1074.54,Yes
9770-VLBXB,Male,0,No,No,3,Yes,No,Fiber optic,No,No,No,No,No,No,One year,Yes,Mailed check,70.16,202.06,Yes
4899-NMUYG,Female,0,Yes,No,13,Yes,Yes,No,No internet service,No internet service,No internet service,No internet service,No internet service,No internet service,Month-to-month,No,Bank transfer (automatic),33.66,420.18,Yes
4620-WRVHQ,Male,0,No,No,29,Yes,No,Fiber optic,No,Yes,Yes,No,Yes,Yes,Month-to-month,Yes,Electronic check,97.28,2886.85,No
1680-IMFFT,Female,0,Yes,Yes,13,Yes,Yes,Fiber optic,No,Yes,Yes,No,No,No,Month-to-month,Yes,Bank transfer (automatic),87.99,1119.49,Yes
6529-ADLEI,Male,0,Yes,Yes,45,Yes,Yes,No,No internet service,No internet service,No internet service,No internet service,No internet service,No internet service,Two year,Yes,Bank transfer (automatic),31.96,1379.25,No
7198-NKXPT,Male,0,Yes,No,71,Yes,No,No,No internet service,No internet service,No internet service,No internet service,No internet service,No internet service,Two year,Yes,Electronic check,27.04,1845.89,No
9310-CJDYO,Male,0,No,No,2,Yes,No,DSL,Yes,Yes,No,No,No,Yes,Month-to-month,No,Mailed check,68.53,142.76,Yes
3593-QNZMI,Female,0,Yes,Yes,54,Yes,Yes,DSL,Yes,No,No,Yes,No,No,Two year,No,Credit card (automatic),73.05,3816.97,No
6807-TGBAS,Female,0,No,No,1,Yes,Yes,No,No internet service,No internet service,No internet service,No internet service,No internet service,No internet service,Month-to-month,No,Electronic check,36.69,36.73,No
7141-IKDJA,Female,0,Yes,No,1,Yes,Yes,Fiber optic,Yes,No,Yes,No,No,No,Month-to-month,Yes,Mailed check,91.32,95.45,Yes
3657-KSFNT,Male,0,No,No,3,Yes,No,Fiber optic,Yes,Yes,Yes,No,Yes,Yes,Month-to-month,No,Bank transfer (automatic),103.09,313.05,Yes
9348-WRCML,Female,0,No,No,30,Yes,No,Fiber optic,No,Yes,Yes,No,No,Yes,One year,No,Electronic check,86.34,2716.85,No
8336-HKPGO,Male,1,Yes,No,2,Yes,No,DSL,No,Yes,Yes,No,No,Yes,Month-to-month,No,Mailed check,71.08,140.02,Yes
9992-XCNOA,Male,0,Yes,Yes,54,Yes,No,DSL,No,Yes,Yes,Yes,Yes,No,Two year,Yes,Bank transfer (automatic),71.11,3968.64,No
6554-ENGDU,Female,0,Yes,No,1,Yes,No,Fiber optic,Yes,Yes,No,No,No,Yes,Month-to-month,No,Electronic check,88.65,86.59,Yes
6696-TYORC,Male,1,No,No,32,Yes,No,DSL,No,No,No,No,Yes,Yes,Two year,Yes,Electronic check,73.71,2336.75,No
5682-INIGP,Male,0,No,No,50,Yes,No,Fiber optic,No,No,No,No,No,No,Two year,Yes,Bank transfer (automatic),70.35,3441.05,No
5516-WUPMM,Male,0,Yes,Yes,9,Yes,Yes,DSL,Yes,Yes,Yes,Yes,No,No,One year,No,Electronic check,81.01,708.35,No
2721-FQYEG,Female,1,No,No,40,Yes,Yes,DSL,No,No,No,Yes,Yes,No,One year,No,Credit card (automatic),72.11,2849.57,No
2360-VYCNL,Male,1,Yes,No,11,Yes,No,No,No internet service,No internet service,No internet service,No internet service,No internet service,No internet service,Month-to-month,No,Bank transfer (automatic),21.42,228.79,No
8011-EGZGK,Male,0,Yes,Yes,8,Yes,Yes,No,No internet service,No internet service,No internet service,No internet service,No internet service,No internet service,Month-to-month,Yes,Mailed check,34.8,289.56,Yes
8591-PYXHX,Female,0,No,No,63,Yes,Yes,DSL,No,Yes,Yes,No,No,No,Two year,Yes,Electronic check,71.61,4471.49,No
6541-CBTEK,Male,0,Yes,Yes,16,Yes,No,No,No internet service,No internet service,No internet service,No internet service,No internet service,No internet service,Month-to-month,No,Bank transfer (automatic),26.6,425.27,Yes
9103-XACER,Male,1,No,Yes,63,Yes,No,DSL,No,No,No,Yes,No,No,Two year,No,Electronic check,57.92,3733.22,No
5481-UVFOU,Female,1,No,No,8,Yes,No,Fiber optic,Yes,Yes,Yes,No,Yes,No,Month-to-month,Yes,Credit card (automatic),96.36,797.58,Yes
5145-OTVSV,Female,1,Yes,No,18,Yes,Yes,Fiber optic,No,No,Yes,No,Yes,No,One year,Yes,Electronic check,91.02,1683.39,Yes
5091-WOGOH,Male,0,No,No,3,Yes,Yes,Fiber optic,No,No,Yes,No,Yes,Yes,Month-to-month,No,Mailed check,106.93,324.58,Yes
8660-BTFVA,Female,0,No,No,32,Yes,No,Fiber optic,No,No,No,No,No,Yes,One year,Yes,Electronic check,83.78,2552.71,Yes
6724-JLIAE,Male,0,Yes,No,20,Yes,No,Fiber optic,No,Yes,No,No,No,Yes,Month-to-month,Yes,Bank transfer (automatic),81.26,1549.23,Yes
6353-PYOXO,Female,0,Yes,Yes,1,Yes,No,Fiber optic,No,Yes,No,No,No,Yes,Month-to-month,Yes,Bank transfer (automatic),82.03,79.52,Yes
3863-HALHX,Male,0,Yes,No,28,Yes,No,No,No internet service,No internet service,No internet service,No internet service,No internet service,No internet service,Month-to-month,No,Bank transfer (automatic),23.43,685.13,No
4179-ATPLI,Male,0,No,No,2,Yes,Yes,DSL,Yes,Yes,Yes,Yes,Yes,Yes,Month-to-month,No,Bank transfer (automatic),102.22,202.64,Yes
6389-ZGPRK,Male,0,No,No,65,Yes,Yes,No,No internet service,No internet service,No internet service,No internet service,No internet service,No internet service,Two year,Yes,Electronic check,35.1,2260.01,No
7840-KVQPM,Female,1,No,No,31,No,No phone service,No,No internet service,No internet service,No internet service,No internet service,No internet service,No internet service,One year,Yes,Bank transfer (automatic),21.69,675.57,Yes
6390-GXQPX,Female,0,No,No,51,Yes,Yes,DSL,No,No,Yes,Yes,No,Yes,Two year,Yes,Electronic check,76.36,3898.79,No
5706-BETEM,Female,1,No,No,64,Yes,No,DSL,No,Yes,No,No,Yes,Yes,One year,No,Bank transfer (automatic),73.68,4754.56,No
3719-SYHTN,Female,0,Yes,No,2,Yes,Yes,DSL,Yes,No,Yes,No,Yes,Yes,Month-to-month,No,Mailed check,87.62,175.21,Yes
7652-DIONS,Male,1,No,No,17,Yes,No,Fiber optic,Yes,Yes,Yes,No,No,No,Month-to-month,No,Credit card (automatic),87.5,1457.03,Yes
9823-YVPGO,Male,0,Yes,Yes,1,Yes,No,Fiber optic,No,No,Yes,No,Yes,Yes,Month-to-month,Yes,Electronic check,92.23,88.3,Yes
7444-NKTUL,Female,0,Yes,No,2,Yes,No,Fiber optic,Yes,No,No,No,No,Yes,Month-to-month,Yes,Electronic check,84.51,171.2,Yes
5628-YGPHW,Female,0,No,No,1,No,No phone service,Fiber optic,No,Yes,No,Yes,No,Yes,One year,No,Mailed check,81.18,78.76,No
3441-VAYYV,Female,1,No,No,30,No,No phone service,Fiber optic,Yes,No,No,Yes,Yes,Yes,Two year,Yes,Credit card (automatic),95.63,2898.23,No
2903-LIXPN,Male,0,No,No,27,Yes,No,Fiber optic,No,No,No,No,Yes,No,Two year,Yes,Mailed check,76.22,2094.8,No
4159-YMSGL,Male,0,Yes,No,2,Yes,No,Fiber optic,No,No,Yes,No,Yes,No,Month-to-month,Yes,Credit card (automatic),88.13,173.92,Yes
1987-TLTHS,Male,1,No,No,11,Yes,No,Fiber optic,No,Yes,Yes,Yes,No,No,Month-to-month,Yes,Electronic check,82.11,911.31,Yes
8372-EYWSO,Male,0,No,No,10,No,No phone service,DSL,Yes,Yes,No,No,Yes,Yes,Month-to-month,Yes,Electronic check,71.98,696.95,No
5434-EZHBB,Male,0,No,No,13,Yes,Yes,Fiber optic,Yes,No,Yes,No,No,No,Month-to-month,Yes,Electronic check,86.02,1079.55,Yes
4830-WCDZY,Male,0,No,No,47,Yes,No,DSL,Yes,No,No,No,Yes,Yes,One year,No,Bank transfer (automatic),71.18,3222.3,No
9111-WOSIE,Female,0,Yes,No,52,Yes,No,Fiber optic,No,No,Yes,No,No,Yes,One year,Yes,Mailed check,82.14,4075.01,No
2723-KSWCM,Male,0,No,No,17,No,No phone service,Fiber optic,No,Yes,No,No,Yes,Yes,Two year,Yes,Bank transfer (automatic),88.12,1512.7,No
5592-KTODO,Male,0,No,No,60,Yes,Yes,No,No internet service,No internet service,No internet service,No internet service,No internet service,No internet service,One year,Yes,Mailed check,36.02,2100.5,No
3423-MFWBZ,Female,0,Yes,No,23,No,No phone service,Fiber optic,Yes,No,Yes,No,No,No,Month-to-month,No,Mailed check,78.65,1730.92,No
5432-LWNDQ,Male,0,Yes,Yes,34,Yes,No,Fiber optic,No,Yes,No,Yes,Yes,No,Month-to-month,Yes,Mailed check,91.85,3185.19,Yes
3744-NEOQN,Female,0,Yes,No,4,Yes,No,Fiber optic,No,No,No,No,No,No,Month-to-month,No,Mailed check,71.55,276.05,Yes
1023-MSUAY,Male,0,No,No,9,Yes,Yes,DSL,No,No,No,No,Yes,Yes,Month-to-month,No,Electronic check,79.79,725.52,No
7476-ESJHR,Female,0,Yes,Yes,55,Yes,No,DSL,No,No,Yes,Yes,No,No,Two year,Yes,Bank transfer (automatic),62.68,3466.25,No
1875-FVUMN,Female,0,Yes,No,72,No,No phone service,Fiber optic,No,Yes,No,Yes,No,Yes,Month-to-month,No,Mailed check,81.13,5988.28,Yes
8069-AYTIV,Female,0,Yes,No,53,Yes,No,DSL,No,No,No,No,No,Yes,One year,Yes,Bank transfer (automatic),58.48,3187.84,No
9953-CWJSE,Female,1,Yes,No,2,Yes,No,Fiber optic,No,No,No,No,Yes,Yes,Month-to-month,No,Electronic check,91.92,182.58,Yes
9906-SODUM,Male,0,Yes,Yes,4,Yes,Yes,DSL,No,Yes,No,No,Yes,No,One year,No,Electronic check,76.76,308.05,Yes
4719-ZREID,Male,0,Yes,Yes,26,Yes,No,No,No internet service,No internet service,No internet service,No internet service,No internet service,No internet service,Two year,No,Mailed check,27.11,692.31,No
7978-LNBVV,Female,0,No,No,55,Yes,No,Fiber optic,Yes,Yes,Yes,Yes,No,Yes,Two year,Yes,Bank transfer (automatic),101.79,5339.61,No
5000-BZAIO,Female,0,Yes,No,5,Yes,No,DSL,Yes,No,No,No,No,No,Month-to-month,Yes,Electronic check,53.47,254.28,No
7625-MMSLD,Female,0,No,No,57,Yes,No,DSL,No,Yes,No,Yes,No,No,One year,Yes,Electronic check,63.25,3712.84,No
4269-ZVASG,Male,0,No,No,38,Yes,No,DSL,Yes,No,Yes,No,Yes,Yes,One year,Yes,Bank transfer (automatic),82.71,3027.78,No
3262-VHYOF,Female,0,No,No,59,Yes,No,Fiber optic,No,No,No,No,No,Yes,Two year,No,Credit card (automatic),78.25,4675.39,No
8167-QRZZN,Female,0,Yes,No,38,Yes,No,Fiber optic,No,No,Yes,Yes,No,Yes,Two year,No,Bank transfer (automatic),93.23,3477.86,No
9128-TCRIN,Female,0,No,No,43,Yes,No,DSL,No,Yes,No,Yes,No,No,Two year,Yes,Electronic check,57.18,2478.02,No
6187-WUDOF,Male,1,Yes,No,10,No,No phone service,Fiber optic,No,No,No,No,Yes,Yes,Month-to-month,Yes,Bank transfer (automatic),84.34,811.97,Yes
3408-UBYIA,Female,0,Yes,No,54,Yes,Yes,DSL,No,Yes,No,Yes,No,No,Two year,Yes,Electronic check,72.51,3936.84,No
2547-OTTZI,Male,0,Yes,No,66,No,No phone service,No,No internet service,No internet service,No internet service,No internet service,No internet service,No internet service,One year,Yes,Credit card (automatic),21.86,1374.8,No
9843-AKRMQ,Male,0,Yes,Yes,68,Yes,Yes,Fiber optic,No,No,No,No,Yes,No,Two year,Yes,Credit card (automatic),88.67,6076.46,No
5187-MBFFL,Female,0,Yes,No,1,Yes,No,No,No internet service,No internet service,No internet service,No internet service,No internet service,No internet service,One year,No,Electronic check,27.66,27.2,No
5431-OUOYD,Male,0,No,No,45,No,No phone service,Fiber optic,No,No,Yes,No,No,Yes,Two year,Yes,Bank transfer (automatic),76.74,3369.95,No
5637-GJGWR,Female,0,Yes,No,72,Yes,Yes,Fiber optic,No,No,No,No,Yes,Yes,Two year,Yes,Electronic check,102.31,7454.2,No
4617-MNFLG,Male,0,No,No,41,Yes,No,Fiber optic,Yes,Yes,No,Yes,Yes,Yes,Month-to-month,No,Mailed check,106.54,4478.35,No
7409-FGUHC,Male,0,No,No,5,Yes,Yes,DSL,No,No,Yes,No,Yes,Yes,Month-to-month,Yes,Bank transfer (automatic),83.05,422.94,Yes
7713-PYYFM,Male,1,Yes,Yes,69,Yes,No,Fiber optic,No,No,Yes,No,No,Yes,One year,Yes,Bank transfer (automatic),88.96,6384.65,No
5306-DVZXG,Male,0,Yes,Yes,11,No,No phone service,DSL,Yes,Yes,No,No,No,Yes,Month-to-month,No,Credit card (automatic),66.8,702.42,Yes
3193-HASWZ,Male,0,No,No,1,Yes,No,No,No internet service,No internet service,No internet service,No internet service,No internet service,No internet service,Month-to-month,Yes,Credit card (automatic),27.95,27.54,Yes
3895-QKIXI,Male,0,No,No,25,No,No phone service,No,No internet service,No internet service,No internet service,No internet service,No internet service,No internet service,Month-to-month,Yes,Mailed check,18.25,476.55,No
2063-WWIHL,Female,0,Yes,Yes,3,No,No phone service,Fiber optic,No,Yes,Yes,No,No,Yes,Month-to-month,Yes,Credit card (automatic),86.99,261.94,No
3048-DYMQK,Female,0,No,No,3,Yes,No,DSL,No,No,Yes,No,Yes,No,Month-to-month,Yes,Credit card (automatic),61.39,193.31,No
9422-DVEAR,Female,1,No,No,28,Yes,Yes,Fiber optic,No,Yes,No,No,No,No,One year,Yes,Bank transfer (automatic),88.97,2568.83,Yes
3666-GVUHE,Female,1,No,No,44,Yes,No,Fiber optic,No,No,Yes,No,Yes,No,One year,No,Bank transfer (automatic),81.17,3507.18,Yes
6750-LQQJS,Male,0,Yes,No,70,Yes,No,Fiber optic,No,No,No,Yes,Yes,Yes,Two year,No,Electronic check,92.82,6574.83,No
1833-KOCXP,Female,0,Yes,Yes,53,Yes,Yes,Fiber optic,No,No,No,No,No,Yes,One year,Yes,Credit card (automatic),90.08,4568.02,No
4514-GQPQT,Female,1,No,No,65,Yes,Yes,Fiber optic,No,Yes,Yes,No,No,No,Two year,No,Credit card (automatic),88.45,5638.01,No
2529-QVVVL,Male,0,Yes,No,23,Yes,Yes,Fiber optic,No,Yes,Yes,No,No,Yes,Month-to-month,Yes,Mailed check,103.54,2474.61,Yes
8791-FYHBR,Female,0,Yes,No,15,Yes,No,DSL,No,Yes,No,No,No,No,One year,No,Mailed check,55.64,861.32,Yes
1956-DQPRU,Male,0,Yes,Yes,42,Yes,Yes,Fiber optic,Yes,Yes,No,No,Yes,No,Two year,Yes,Bank transfer (automatic),99.01,4346.67,No
4550-TKRAL,Female,0,Yes,No,52,Yes,Yes,No,No internet service,No internet service,No internet service,No internet service,No internet service,No internet service,Two year,Yes,Bank transfer (automatic),35.15,1866.19,No
2098-BOERU,Male,1,Yes,No,39,Yes,No,Fiber optic,No,No,No,No,Yes,Yes,One year,No,Bank transfer (automatic),88.09,3570.96,Yes
7960-QGESY,Male,0,No,Yes,11,Yes,Yes,No,No internet service,No internet service,No internet service,No internet service,No internet service,No internet service,Month-to-month,Yes,Bank transfer (automatic),36.63,396.81,No
9881-DEIQC,Male,0,No,No,19,Yes,No,DSL,Yes,No,Yes,Yes,No,No,Month-to-month,No,Electronic check,68.31,1251.2,No
1174-MWAQC,Male,0,No,No,27,Yes,Yes,DSL,Yes,Yes,Yes,Yes,No,Yes,Month-to-month,Yes,Mailed check,92.4,2541.54,No
2037-QOLPW,Female,1,Yes,No,1,No,No phone service,Fiber optic,Yes,Yes,Yes,No,No,Yes,Month-to-month,Yes,Mailed check,86.93,86.99,Yes
7992-ZZSBD,Female,0,Yes,No,69,Yes,No,Fiber optic,No,No,Yes,No,No,Yes,Two year,No,Mailed check,86.52,6170.06,No
9594-PVYPR,Male,0,No,No,33,Yes,Yes,No,No internet service,No internet service,No internet service,No internet service,No internet service,No internet service,One year,Yes,Electronic check,33.28,1086.26,No
1278-TOXUB,Male,0,No,No,57,Yes,No,No,No internet service,No internet service,No internet service,No internet service,No internet service,No internet service,Two year,Yes,Credit card (automatic),21.3,1242.18,No
2752-TZCMF,Male,0,No,No,5,Yes,No,DSL,Yes,No,No,No,Yes,No,Month-to-month,Yes,Electronic check,64.12,336.29,Yes
2144-CWPLQ,Female,0,Yes,Yes,38,Yes,No,Fiber optic,No,No,Yes,No,Yes,Yes,Two year,Yes,Bank transfer (automatic),94.64,3429.58,No
3930-QWJEP,Male,0,No,No,71,Yes,Yes,Fiber optic,No,Yes,No,No,No,Yes,Two year,Yes,Bank transfer (automatic),91.17,6687.96,No
3284-EVVQC,Female,0,No,No,8,Yes,Yes,DSL,No,No,No,No,Yes,Yes,Month-to-month,Yes,Electronic check,82.75,680.97,Yes
4726-HNAJG,Female,0,Yes,No,17,Yes,No,DSL,Yes,No,No,No,No,Yes,One year,No,Credit card (automatic),68.54,1128.91,No
7652-YYBCG,Female,0,Yes,Yes,21,Yes,No,DSL,Yes,Yes,Yes,No,No,No,One year,Yes,Mailed check,64.77,1325.65,No
5295-AXFXV,Female,0,No,No,21,Yes,No,DSL,No,Yes,Yes,Yes,No,No,Two year,Yes,Electronic check,61.56,1357.2,No
7498-MBDCO,Female,0,No,No,43,Yes,No,DSL,No,No,No,No,Yes,No,Month-to-month,Yes,Credit card (automatic),61.24,2661.91,No
6776-VKGIN,Female,0,Yes,No,21,Yes,No,No,No internet service,No internet service,No internet service,No internet service,No internet service,No internet service,One year,Yes,Electronic check,21.71,435.98,No
8564-VRHKJ,Female,0,No,No,50,Yes,No,No,No internet service,No internet service,No internet service,No internet service,No internet service,No internet service,Two year,No,Bank transfer (automatic),27.87,1324.58,No
5954-IDBSA,Female,0,Yes,Yes,30,Yes,No,Fiber optic,No,Yes,No,No,Yes,No,One year,Yes,Credit card (automatic),88.17,2751.12,No
7839-ELICC,Female,0,No,Yes,4,No,No phone service,No,No internet service,No internet service,No internet service,No internet service,No internet service,No internet service,Month-to-month,Yes,Electronic check,23.73,92.95,No
9192-WFPBN,Female,0,Yes,No,71,No,No phone service,Fiber optic,No,No,No,Yes,No,No,One year,No,Bank transfer (automatic),66.41,4710.2,No
3712-DRSMD,Female,0,Yes,No,9,Yes,No,DSL,No,Yes,No,No,Yes,No,Month-to-month,Yes,Electronic check,62.34,550.06,Yes
4719-BWFWK,Female,0,No,No,39,Yes,No,No,No internet service,No internet service,No internet service,No internet service,No internet service,No internet service,Month-to-month,Yes,Credit card (automatic),25.78,1001.97,No
5589-PJOUX,Female,0,No,No,2,Yes,Yes,DSL,Yes,No,Yes,Yes,No,Yes,Month-to-month,No,Credit card (automatic),82.97,166.74,Yes
6524-ACEYZ,Male,0,No,No,70,No,No phone service,DSL,No,No,Yes,Yes,No,No,Two year,Yes,Mailed check,54.17,3891.55,No
4960-BMSEP,Male,0,Yes,Yes,71,Yes,No,Fiber optic,No,No,No,No,Yes,No,Two year,Yes,Mailed check,79.47,5571.53,No
5179-OTDVR,Female,0,No,No,19,Yes,No,DSL,No,No,Yes,No,Yes,Yes,Month-to-month,Yes,Mailed check,75.13,1451.34,Yes
2054-DQMRE,Male,0,Yes,Yes,3,Yes,No,Fiber optic,No,No,No,Yes,Yes,No,Month-to-month,Yes,Credit card (automatic),86.9,252.79,Yes
8389-ITYOX,Male,0,Yes,No,59,Yes,No,DSL,Yes,No,No,No,Yes,No,One year,Yes,Electronic check,63.21,3626.93,No
5703-CMUHT,Male,0,Yes,No,11,Yes,Yes,Fiber optic,No,Yes,No,No,No,No,Month-to-month,Yes,Mailed check,86.71,977.6,Yes
6068-JUZNI,Female,0,Yes,Yes,52,Yes,No,No,No internet service,No internet service,No internet service,No internet service,No internet service,No internet service,Month-to-month,Yes,Electronic check,26.94,1470.57,No
8518-PZJHL,Female,0,No,Yes,70,No,No phone service,Fiber optic,No,Yes,No,No,No,No,Two year,Yes,Bank transfer (automatic),69.11,4744.42,No
1494-TWICC,Male,1,Yes,Yes,41,Yes,Yes,DSL,No,Yes,No,Yes,Yes,Yes,One year,Yes,Bank transfer (automatic),90.57,3619.79,No
2750-QIRDI,Male,0,No,Yes,67,Yes,Yes,DSL,No,No,Yes,Yes,No,Yes,Month-to-month,Yes,Mailed check,79.93,5421.52,No
4845-YVNCQ,Female,1,No,No,9,Yes,No,Fiber optic,No,No,Yes,No,No,No,Month-to-month,No,Mailed check,78.53,715.74,Yes
1282-WMULA,Female,0,Yes,No,70,Yes,Yes,Fiber optic,Yes,No,No,No,No,No,One year,No,Credit card (automatic),85.55,6218.66,No
4486-CJJJI,Male,0,No,No,9,No,No phone service,Fiber optic,No,Yes,Yes,No,No,Yes,Month-to-month,No,Electronic check,81.65,715.78,Yes
2801-KRBFP,Male,1,Yes,No,9,Yes,No,Fiber optic,No,Yes,Yes,Yes,Yes,No,One year,Yes,Mailed check,95.72,880.98,No
3220-GAJMD,Female,1,No,No,69,No,No phone service,Fiber optic,Yes,Yes,Yes,Yes,No,Yes,Two year,Yes,Bank transfer (automatic),93.03,6328.06,No
5062-UCZEP,Female,0,No,No,38,Yes,Yes,Fiber optic,Yes,No,No,No,Yes,No,Month-to-month,No,Electronic check,93.49,3567.68,No
9949-DSMAA,Female,0,No,No,62,Yes,Yes,Fiber optic,Yes,No,No,Yes,Yes,Yes,Month-to-month,Yes,Mailed check,109.4,6687.35,No
9519-LCUOH,Female,1,No,No,62,Yes,No,Fiber optic,No,Yes,Yes,Yes,No,No,One year,Yes,Bank transfer (automatic),81.79,5180.0,No
7927-LTMHZ,Female,0,Yes,No,47,Yes,No,Fiber optic,Yes,No,Yes,Yes,No,Yes,Two year,No,Mailed check,91.17,4367.94,No
3033-DNXFZ,Male,0,Yes,No,6,Yes,No,Fiber optic,No,No,Yes,Yes,Yes,No,Month-to-month,No,Electronic check,87.38,535.33,Yes
2047-WMPWA,Male,0,No,No,52,Yes,No,DSL,No,Yes,No,Yes,Yes,Yes,Two year,No,Bank transfer (automatic),78.87,3977.94,No
8878-UANBH,Female,0,Yes,Yes,2,Yes,Yes,Fiber optic,No,No,No,No,Yes,No,Month-to-month,No,Electronic check,90.93,178.8,No
5477-GYSDB,Female,0,No,No,7,Yes,Yes,Fiber optic,Yes,No,No,Yes,No,Yes,Month-to-month,No,Electronic check,98.05,710.67,Yes
3506-IFHII,Female,0,No,No,47,Yes,Yes,Fiber optic,No,Yes,Yes,No,No,Yes,Month-to-month,No,Electronic check,102.71,4717.44,Yes
2565-TFAYE,Female,0,Yes,No,70,Yes,No,DSL,No,Yes,No,No,Yes,Yes,Two year,No,Mailed check,75.53,5375.84,No
6491-SWGDL,Female,1,Yes,No,59,Yes,No,No,No internet service,No internet service,No internet service,No internet service,No internet service,No internet service,Two year,Yes,Mailed check,27.17,1619.26,No
5862-RQQKT,Female,1,Yes,No,16,No,No phone service,Fiber optic,No,No,No,No,Yes,No,One year,Yes,Bank transfer (automatic),75.57,1226.41,Yes
3823-EKJCW,Male,0,No,No,64,Yes,Yes,DSL,No,No,No,No,Yes,No,Two year,Yes,Credit card (automatic),68.42,4591.31,No
4922-QBRZG,Male,1,Yes,No,72,Yes,Yes,Fiber optic,No,Yes,No,No,No,Yes,Two year,No,Credit card (automatic),93.52,6796.1,No
9447-MXOVS,Female,0,No,Yes,16,Yes,Yes,Fiber optic,Yes,Yes,No,No,No,Yes,Month-to-month,No,Electronic check,96.42,1595.16,Yes
1832-CJELW,Male,0,No,No,6,Yes,No,Fiber optic,Yes,Yes,No,No,Yes,No,Month-to-month,Yes,Electronic check,89.92,548.6,Yes
1476-DXXNN,Male,0,Yes,No,7,Yes,No,Fiber optic,No,Yes,No,No,No,Yes,Month-to-month,Yes,Bank transfer (automatic),86.75,594.48,Yes
9852-NTUTU,Female,0,No,Yes,22,Yes,Yes,DSL,Yes,Yes,Yes,No,Yes,No,Two year,No,Credit card (automatic),88.05,1863.21,No
1897-QIBXO,Female,0,No,No,2,Yes,No,Fiber optic,Yes,Yes,Yes,Yes,Yes,No,Month-to-month,Yes,Mailed check,103.91,204.64,No
9031-HXHSF,Male,0,Yes,Yes,31,No,No phone service,Fiber optic,No,Yes,Yes,No,Yes,No,One year,Yes,Mailed check,81.43,2399.57,No
9523-PJELC,Female,0,No,No,55,Yes,Yes,DSL,No,No,No,Yes,No,No,Two year,Yes,Mailed check,66.91,3763.28,No
8285-UVIZI,Male,0,Yes,No,35,No,No phone service,No,No internet service,No internet service,No internet service,No internet service,No internet service,No internet service,Month-to-month,No,Electronic check,20.59,690.77,No
6925-OUCYU,Male,0,Yes,No,72,Yes,No,DSL,Yes,No,No,No,Yes,Yes,Two year,Yes,Electronic check,73.38,5411.73,No
7410-EFHOP,Female,0,No,No,28,Yes,No,Fiber optic,Yes,Yes,No,No,No,No,One year,No,Electronic check,80.95,2313.13,No
3279-ELAOY,Female,0,Yes,Yes,1,Yes,No,No,No internet service,No internet service,No internet service,No internet service,No internet service,No internet service,One year,Yes,Mailed check,21.38,21.21,No
7539-OUYZZ,Male,0,Yes,No,29,Yes,Yes,DSL,No,No,Yes,Yes,No,No,Month-to-month,Yes,Mailed check,73.4,2234.61,Yes
5323-IOMTH,Male,0,No,No,71,Yes,Yes,Fiber optic,No,Yes,No,No,Yes,No,Two year,No,Electronic check,94.03,6519.19,No
7997-RYRWQ,Male,0,No,No,3,Yes,No,Fiber optic,No,No,Yes,No,Yes,No,Month-to-month,Yes,Bank transfer (automatic),84.91,266.12,Yes
2906-OYWEJ,Female,0,Yes,Yes,8,Yes,No,Fiber optic,No,No,No,No,Yes,Yes,Month-to-month,Yes,Electronic check,87.61,701.53,Yes
9792-IXCZP,Female,1,Yes,Yes,54,Yes,Yes,Fiber optic,Yes,No,No,Yes,No,Yes,One year,Yes,Bank transfer (automatic),101.49,5639.71,No
1189-IYHUQ,Male,0,Yes,Yes,13,Yes,No,Fiber optic,No,No,Yes,Yes,No,No,Two year,Yes,Bank transfer (automatic),82.93,1066.55,No
6238-SLMWM,Male,0,No,No,58,No,No phone service,No,No internet service,No internet service,No internet service,No internet service,No internet service,No internet service,Two year,Yes,Electronic check,18.9,1044.69,No
8081-CVCUY,Female,1,No,No,24,Yes,No,DSL,Yes,No,Yes,No,No,No,Month-to-month,Yes,Mailed check,60.74,1526.54,No
6973-VLIEJ,Female,0,No,No,61,No,No phone service,DSL,No,Yes,No,No,Yes,No,One year,No,Bank transfer (automatic),62.41,3697.48,No
4670-ZEXQS,Female,0,No,No,37,Yes,No,No,No internet service,No internet service,No internet service,No internet service,No internet service,No internet service,Month-to-month,Yes,Electronic check,27.03,995.13,Yes
9795-FTEWI,Male,0,Yes,No,2,Yes,Yes,Fiber optic,Yes,Yes,No,No,No,Yes,Month-to-month,Yes,Credit card (automatic),102.32,213.83,Yes
1569-CHNXR,Female,0,Yes,Yes,21,No,No phone service,No,No internet service,No internet service,No internet service,No internet service,No internet service,No internet service,Month-to-month,Yes,Credit card (automatic),21.84,458.96,Yes
8887-QTXRM,Male,0,Yes,No,16,Yes,Yes,Fiber optic,No,No,No,Yes,Yes,Yes,Month-to-month,No,Credit card (automatic),105.53,1750.71,Yes
3038-SWCRZ,Male,0,Yes,No,63,Yes,No,Fiber optic,No,No,Yes,No,No,Yes,One year,No,Bank transfer (automatic),88.46,5478.44,No
2062-YQGVZ,Male,0,No,No,45,Yes,Yes,Fiber optic,No,No,Yes,No,No,No,Two year,No,Electronic check,85.69,3984.01,No
3192-PUXBT,Female,0,No,Yes,59,Yes,No,DSL,No,Yes,No,No,No,Yes,Two year,Yes,Mailed check,67.14,4138.93,No
3160-UIWPF,Female,0,Yes,No,20,Yes,No,DSL,No,No,No,No,No,Yes,Two year,Yes,Credit card (automatic),58.72,1178.37,No
3424-YULCQ,Female,0,No,No,52,Yes,Yes,DSL,No,No,No,No,No,Yes,Month-to-month,Yes,Electronic check,67.61,3653.11,No
6626-QSSVE,Female,0,Yes,Yes,2,Yes,Yes,Fiber optic,No,No,Yes,No,Yes,No,Month-to-month,No,Mailed check,94.09,185.51,Yes
5267-WIKJU,Male,0,Yes,Yes,1,Yes,Yes,Fiber optic,No,No,No,No,No,No,Month-to-month,Yes,Electronic check,81.62,84.6,Yes
3015-RQBGG,Male,0,Yes,No,13,Yes,No,Fiber optic,No,No,Yes,No,Yes,Yes,Month-to-month,Yes,Credit card (automatic),96.37,1224.02,Yes
8226-VRAUU,Male,0,No,No,59,No,No phone service,No,No internet service,No internet service,No internet service,No internet service,No internet service,No internet service,One year,Yes,Mailed check,18.25,1058.25,No
2561-QMIOG,Female,0,Yes,Yes,36,Yes,No,DSL,Yes,No,Yes,No,Yes,Yes,Month-to-month,Yes,Electronic check,77.17,2705.91,No
1830-LKMCY,Female,0,No,No,23,Yes,No,Fiber optic,No,No,Yes,No,Yes,No,Month-to-month,No,Mailed check,83.24,1936.88,No
3460-BAIIW,Male,0,No,No,70,Yes,Yes,No,No internet service,No internet service,No internet service,No internet service,No internet service,No internet service,Month-to-month,Yes,Mailed check,31.05,2220.91,No
7454-YZLTG,Male,0,No,No,32,Yes,No,Fiber optic,No,Yes,Yes,Yes,No,No,Month-to-month,No,Bank transfer (automatic),85.85,2764.63,Yes
8111-SQQKB,Male,0,Yes,Yes,44,Yes,No,Fiber optic,No,Yes,Yes,No,Yes,No,Two year,Yes,Electronic check,93.35,3916.33,No
1142-RJFUP,Female,1,No,No,72,Yes,No,Fiber optic,No,No,No,No,Yes,No,Two year,Yes,Bank transfer (automatic),77.34,5798.7,No
3006-VDUHC,Female,0,No,No,34,Yes,Yes,Fiber optic,Yes,Yes,No,No,Yes,No,One year,Yes,Mailed check,97.61,3448.83,No
6552-TVUAT,Male,0,Yes,Yes,60,Yes,No,Fiber optic,No,Yes,No,No,Yes,No,Two year,No,Credit card (automatic),86.24,5131.73,No
3221-VRUSR,Male,0,Yes,No,23,Yes,No,DSL,Yes,No,No,Yes,No,Yes,One year,Yes,Mailed check,69.59,1604.22,Yes
7552-ICYMM,Male,0,Yes,No,1,Yes,Yes,DSL,No,No,Yes,Yes,No,Yes,Month-to-month,Yes,Mailed check,81.86,79.75,Yes
7822-ZVAVK,Male,0,No,No,65,Yes,Yes,DSL,No,Yes,Yes,No,No,No,Two year,Yes,Mailed check,67.87,4396.96,No
6747-YWVDB,Female,0,No,No,71,Yes,No,Fiber optic,Yes,Yes,Yes,No,No,Yes,Month-to-month,Yes,Electronic check,92.08,6661.24,Yes
7340-EZGML,Female,0,No,Yes,25,Yes,Yes,DSL,No,No,Yes,Yes,Yes,Yes,Month-to-month,Yes,Credit card (automatic),93.61,2361.6,Yes
6203-BGOJO,Male,0,No,No,32,Yes,Yes,Fiber optic,No,Yes,No,No,Yes,No,Month-to-month,No,Bank transfer (automatic),98.55,3282.52,No
2944-RPXPU,Male,0,Yes,Yes,24,Yes,No,Fiber optic,Yes,No,No,Yes,Yes,No,Month-to-month,No,Credit card (automatic),92.73,2116.03,Yes
1026-XKPRP,Female,0,Yes,Yes,72,Yes,No,DSL,Yes,No,No,Yes,No,No,One year,Yes,Mailed check,62.2,4692.42,No
2015-CWURP,Female,0,Yes,No,70,Yes,No,Fiber optic,Yes,Yes,Yes,No,No,No,Two year,Yes,Credit card (automatic),83.82,5916.13,No
1360-XBRLC,Male,0,Yes,No,1,Yes,Yes,Fiber optic,Yes,No,Yes,No,Yes,Yes,Month-to-month,No,Mailed check,106.9,105.36,Yes
7436-ECCTW,Female,0,No,No,60,No,No phone service,Fiber optic,No,No,No,Yes,No,Yes,Two year,No,Electronic check,79.75,4580.03,No
3471-GBUFP,Female,0,No,No,43,Yes,No,No,No internet service,No internet service,No internet service,No internet service,No internet service,No internet service,Two year,No,Bank transfer (automatic),22.86,1028.95,No
1122-YCHBS,Male,0,No,No,1,Yes,No,DSL,No,No,Yes,Yes,Yes,No,Month-to-month,Yes,Bank transfer (automatic),67.91,70.29,Yes
6229-RPTVD,Female,0,Yes,No,26,Yes,No,Fiber optic,Yes,No,Yes,Yes,No,Yes,Two year,No,Credit card (automatic),96.72,2518.83,No
3749-OYFRA,Female,0,Yes,Yes,4,Yes,Yes,Fiber optic,No,Yes,Yes,No,Yes,No,Month-to-month,No,Credit card (automatic),97.3,398.96,Yes
1720-TVKLY,Female,0,No,Yes,68,Yes,Yes,Fiber optic,No,No,No,No,Yes,No,Two year,No,Electronic check,92.26,6530.33,No
3707-XZMZG,Male,0,Yes,Yes,1,Yes,No,Fiber optic,No,Yes,No,Yes,Yes,Yes,Month-to-month,No,Electronic check,100.78,101.28,Yes
6477-TIAIL,Male,0,Yes,Yes,68,Yes,No,DSL,No,No,Yes,Yes,Yes,No,One year,Yes,Mailed check,68.57,4635.13,No
9543-MELJU,Male,0,Yes,Yes,71,Yes,Yes,Fiber optic,No,Yes,No,Yes,Yes,Yes,Month-to-month,Yes,Electronic check,106.88,7260.56,No
8280-FKFVB,Female,0,Yes,Yes,2,Yes,No,DSL,Yes,No,Yes,Yes,No,Yes,Month-to-month,Yes,Credit card (automatic),74.06,151.74,Yes
3788-MLJGS,Male,0,No,No,54,Yes,Yes,No,No internet service,No internet service,No internet service,No internet service,No internet service,No internet service,One year,No,Mailed check,37.58,2060.82,No
1909-ZFYPR,Female,0,Yes,No,37,Yes,No,DSL,Yes,No,No,No,No,Yes,Month-to-month,No,Credit card (automatic),65.35,2464.37,Yes
4034-JBHXQ,Female,0,No,No,71,Yes,No,No,No internet service,No internet service,No internet service,No internet service,No internet service,No internet service,One year,Yes,Mailed check,28.96,2075.99,No
8211-NANNH,Male,0,No,No,61,Yes,Yes,No,No internet service,No internet service,No internet service,No internet service,No internet service,No internet service,Two year,No,Mailed check,36.27,2185.88,No
1976-SFNEH,Female,0,Yes,No,52,Yes,No,No,No internet service,No internet service,No internet service,No internet service,No internet service,No internet service,Month-to-month,No,Electronic check,25.72,1384.4,No
8813-OOSKZ,Male,0,No,No,71,Yes,Yes,DSL,No,Yes,Yes,Yes,Yes,Yes,Two year,No,Mailed check,91.86,6651.25,No
7731-TVOEX,Male,0,Yes,Yes,5,Yes,Yes,DSL,No,No,Yes,No,Yes,Yes,Month-to-month,No,Electronic check,83.95,415.06,Yes
7747-OPKXF,Male,0,Yes,No,20,Yes,Yes,Fiber optic,No,No,Yes,No,Yes,No,One year,Yes,Bank transfer (automatic),96.77,1992.16,Yes
2745-ZVHBD,Female,0,No,No,66,Yes,Yes,Fiber optic,No,No,No,No,Yes,No,Month-to-month,No,Electronic check,91.26,6313.68,Yes
3382-QCPBG,Female,0,Yes,Yes,3,Yes,No,Fiber optic,No,No,No,Yes,No,No,Month-to-month,No,Credit card (automatic),77.13,229.29,Yes
5513-HSNEX,Male,1,Yes,Yes,71,Yes,No,DSL,Yes,Yes,No,Yes,No,Yes,Two year,Yes,Electronic check,78.02,5813.71,No
7395-VMGHM,Female,0,Yes,Yes,57,Yes,No,Fiber optic,No,No,No,No,No,Yes,Month-to-month,Yes,Mailed check,82.86,4810.99,No
7401-ROAEB,Female,0,Yes,Yes,26,Yes,No,Fiber optic,No,No,Yes,No,Yes,No,Month-to-month,No,Electronic check,81.88,2104.02,No
4093-WHMWS,Male,1,Yes,Yes,17,Yes,Yes,DSL,No,No,No,No,Yes,Yes,One year,Yes,Credit card (automatic),78.37,1356.95,No
1898-PGLOH,Male,0,Yes,Yes,4,Yes,Yes,Fiber optic,Yes,Yes,No,No,Yes,Yes,Month-to-month,Yes,Electronic check,113.44,446.7,Yes
3921-FUTFL,Male,0,Yes,No,2,No,No phone service,DSL,Yes,Yes,Yes,No,No,No,One year,Yes,Credit card (automatic),59.76,119.48,No
5462-AFSDM,Female,0,No,No,24,Yes,Yes,Fiber optic,No,Yes,No,No,No,No,Month-to-month,Yes,Electronic check,85.65,2145.55,Yes
9855-MXKVO,Female,0,Yes,No,66,Yes,No,Fiber optic,Yes,Yes,No,Yes,Yes,Yes,Two year,Yes,Electronic check,108.4,7072.69,No
4145-MOIHF,Male,0,Yes,Yes,35,Yes,No,Fiber optic,Yes,No,Yes,No,No,No,One year,Yes,Electronic check,79.4,2877.74,No
4310-NHDZJ,Male,0,Yes,Yes,27,Yes,Yes,Fiber optic,No,Yes,Yes,Yes,No,No,One year,No,Electronic check,98.44,2539.71,Yes
2210-CVFVK,Male,0,No,No,15,Yes,No,DSL,No,Yes,No,No,Yes,Yes,One year,Yes,Mailed check,73.84,1081.73,No
3079-QQSJB,Male,0,No,No,4,Yes,No,DSL,No,Yes,No,No,Yes,Yes,Month-to-month,No,Bank transfer (automatic),74.23,293.57,No
6789-ZPYKQ,Female,0,No,No,72,Yes,No,Fiber optic,No,No,No,Yes,No,No,One year,No,Electronic check,76.67,5647.83,No
8464-WMRQY,Male,0,No,No,1,Yes,No,No,No internet service,No internet service,No internet service,No internet service,No internet service,No internet service,Month-to-month,No,Electronic check,28.98,30.15,Yes
4937-OJOJY,Female,0,Yes,Yes,15,No,No phone service,No,No internet service,No internet service,No internet service,No internet service,No internet service,No internet service,Month-to-month,No,Bank transfer (automatic),18.85,282.82,Yes
5512-UGTHJ,Female,0,Yes,No,59,No,No phone service,Fiber optic,Yes,Yes,No,No,Yes,Yes,Month-to-month,No,Electronic check,93.0,5678.81,Yes
8940-THKNX,Male,0,No,No,34,Yes,Yes,Fiber optic,No,Yes,Yes,No,No,Yes,Month-to-month,Yes,Bank transfer (automatic),100.28,3440.23,Yes
5113-MKYJJ,Male,0,No,No,15,Yes,Yes,DSL,No,No,Yes,No,No,Yes,One year,Yes,Credit card (automatic),74.13,1122.11,No
6636-KJTMI,Male,0,Yes,No,72,Yes,No,DSL,No,No,No,Yes,No,No,One year,Yes,Mailed check,57.45,4318.41,No
3634-QWSKH,Male,1,No,No,45,Yes,Yes,Fiber optic,No,No,Yes,No,Yes,No,Two year,Yes,Credit card (automatic),96.29,4232.84,No
6301-YVZVJ,Female,0,No,No,13,Yes,No,DSL,No,No,No,Yes,No,No,Month-to-month,Yes,Electronic check,56.78,758.43,Yes
2008-GHMWP,Female,1,No,No,66,No,No phone service,Fiber optic,Yes,No,No,No,No,No,One year,Yes,Credit card (automatic),69.21,4411.28,No
1061-RNCOE,Male,0,No,No,4,No,No phone service,DSL,No,No,No,Yes,Yes,No,Month-to-month,Yes,Electronic check,60.13,250.26,No
1028-CPVOJ,Male,0,No,No,28,Yes,Yes,No,No internet service,No internet service,No internet service,No internet service,No internet service,No internet service,One year,Yes,Electronic check,32.4,912.57,No
6495-ZZVPC,Male,1,Yes,Yes,65,Yes,No,Fiber optic,No,No,Yes,No,No,No,One year,No,Credit card (automatic),72.78,4655.85,No
3014-QYIVW,Male,1,Yes,Yes,72,Yes,Yes,DSL,No,Yes,Yes,No,No,Yes,Month-to-month,Yes,Electronic check,80.64,5537.02,Yes
4613-SQAAQ,Female,0,Yes,No,21,Yes,Yes,No,No internet service,No internet service,No internet service,No internet service,No internet service,No internet service,One year,No,Credit card (automatic),34.67,727.95,No
6272-MLDJZ,Male,0,Yes,Yes,3,Yes,Yes,Fiber optic,Yes,No,No,Yes,No,No,One year,Yes,Mailed check,91.18,287.08,No
4303-PUAKK,Female,0,No,No,39,Yes,No,No,No internet service,No internet service,No internet service,No internet service,No internet service,No internet service,Month-to-month,Yes,Mailed check,28.08,1040.61,No
9849-QSJEL,Female,1,Yes,Yes,71,Yes,No,DSL,Yes,Yes,Yes,Yes,No,Yes,Two year,Yes,Credit card (automatic),81.96,5878.11,No
8189-DQHNB,Male,0,No,Yes,49,No,No phone service,DSL,No,No,No,No,No,No,Two year,No,Bank transfer (automatic),47.64,2223.75,No
1950-ADVBJ,Male,0,No,No,43,Yes,No,Fiber optic,Yes,Yes,No,No,Yes,No,Two year,No,Credit card (automatic),93.01,4100.71,No
2498-MLSST,Female,0,No,No,14,Yes,Yes,DSL,No,No,No,Yes,No,Yes,Month-to-month,Yes,Electronic check,75.87,1033.5,Yes
1165-QPNMF,Male,0,No,No,43,No,No phone service,Fiber optic,No,Yes,No,No,Yes,Yes,Two year,No,Electronic check,93.67,3877.51,No
7539-SZWRQ,Male,0,No,No,69,Yes,Yes,DSL,Yes,Yes,No,No,No,No,Month-to-month,Yes,Electronic check,72.52,4806.46,Yes
2271-EAHYA,Male,1,Yes,No,20,Yes,No,DSL,No,No,Yes,No,No,Yes,Month-to-month,Yes,Credit card (automatic),65.37,1340.95,Yes
1195-YJCWG,Female,1,No,No,10,Yes,No,DSL,Yes,Yes,Yes,No,Yes,Yes,Month-to-month,Yes,Credit card (automatic),81.65,776.96,Yes
3733-CJIWT,Male,0,Yes,Yes,30,Yes,Yes,DSL,No,Yes,Yes,No,Yes,Yes,Month-to-month,Yes,Credit card (automatic),91.72,2729.43,Yes
4838-VKUHY,Female,0,Yes,No,20,Yes,Yes,No,No internet service,No internet service,No internet service,No internet service,No internet service,No internet service,Month-to-month,Yes,Mailed check,36.57,722.94,Yes
9216-HQRRZ,Female,0,No,No,29,Yes,Yes,DSL,Yes,No,Yes,No,No,Yes,Two year,Yes,Electronic check,78.66,2294.93,No
8929-GLVVW,Female,0,Yes,Yes,3,No,No phone service,No,No internet service,No internet service,No internet service,No internet service,No internet service,No internet service,Month-to-month,No,Electronic check,18.78,59.06,Yes
6043-RVDIN,Male,0,Yes,Yes,17,Yes,No,Fiber optic,No,No,No,No,Yes,Yes,Month-to-month,No,Electronic check,91.62,1525.14,Yes
3103-NXHGH,Female,0,No,No,64,Yes,No,DSL,No,No,No,Yes,No,Yes,One year,No,Mailed check,66.84,4421.49,No
4349-OISHV,Male,1,No,No,22,Yes,No,No,No internet service,No internet service,No internet service,No internet service,No internet service,No internet service,Month-to-month,Yes,Bank transfer (automatic),25.9,595.58,No
1629-QAKFW,Male,0,No,No,72,Yes,No,Fiber optic,No,Yes,Yes,Yes,No,No,Two year,No,Credit card (automatic),82.85,5755.76,No
6758-JZMSP,Female,0,Yes,Yes,53,Yes,Yes,Fiber optic,No,No,Yes,Yes,Yes,No,One year,Yes,Mailed check,102.66,5473.67,No
7362-UUPLV,Male,0,Yes,No,19,No,No phone service,DSL,No,No,No,No,Yes,Yes,Month-to-month,Yes,Credit card (automatic),68.68,1270.8,No
9812-OKLND,Female,0,No,No,10,Yes,Yes,Fiber optic,No,Yes,No,No,No,No,Month-to-month,Yes,Credit card (automatic),83.56,864.72,Yes
9562-YULYI,Male,1,No,Yes,51,Yes,Yes,DSL,Yes,No,Yes,Yes,Yes,Yes,Month-to-month,Yes,Bank transfer (automatic),98.48,5127.87,No
8270-TOKHU,Female,1,No,No,14,Yes,No,DSL,No,No,No,No,No,Yes,Month-to-month,No,Bank transfer (automatic),58.35,837.12,No
9800-UQTYM,Female,0,No,No,71,Yes,No,No,No internet service,No internet service,No internet service,No internet service,No internet service,No internet service,Month-to-month,Yes,Electronic check,22.46,1628.49,No
5051-VTHKO,Female,0,No,No,3,Yes,No,DSL,Yes,No,No,No,No,No,Month-to-month,No,Mailed check,54.37,170.04,Yes
9805-JKZXF,Male,0,Yes,No,1,Yes,Yes,Fiber optic,No,No,No,No,No,No,Month-to-month,No,Credit card (automatic),79.47,80.69,Yes
7726-CZRKG,Male,0,Yes,No,8,No,No phone service,Fiber optic,No,No,Yes,No,Yes,Yes,Month-to-month,Yes,Credit card (automatic),92.88,771.48,No
2167-OVHSH,Female,0,No,No,0,Yes,No,Fiber optic,No,No,No,Yes,Yes,Yes,Month-to-month,Yes,Mailed check,95.81, ,Yes
4306-PFKHT,Female,0,No,No,65,No,No phone service,Fiber optic,No,Yes,Yes,Yes,No,No,Month-to-month,No,Bank transfer (automatic),76.37,5019.68,No
9077-WCOZA,Male,1,Yes,No,5,Yes,No,DSL,Yes,No,No,No,No,No,Month-to-month,Yes,Credit card (automatic),53.8,263.44,No
4808-EMJEW,Male,0,No,No,41,Yes,No,Fiber optic,No,Yes,No,Yes,No,No,Two year,Yes,Mailed check,76.25,3032.19,No
8065-UQVYB,Male,1,No,No,4,Yes,No,Fiber optic,No,Yes,No,No,No,No,Month-to-month,No,Bank transfer (automatic),71.6,281.44,Yes
2177-ZKSXK,Male,0,Yes,No,39,Yes,Yes,Fiber optic,No,Yes,No,No,No,Yes,Two year,No,Credit card (automatic),96.31,3810.41,No
5262-WKHUG,Male,0,No,No,1,No,No phone service,Fiber optic,No,No,No,No,Yes,No,Month-to-month,Yes,Credit card (automatic),72.6,70.33,Yes
6125-USDGD,Female,0,Yes,Yes,38,Yes,No,No,No internet service,No internet service,No internet service,No internet service,No internet service,No internet service,One year,No,Electronic check,25.35,1007.66,Yes
6135-GRYGX,Male,0,No,No,34,Yes,No,No,No internet service,No internet service,No internet service,No internet service,No internet service,No internet service,Month-to-month,Yes,Electronic check,24.03,848.84,No
8701-JTQQS,Male,0,No,No,1,Yes,No,No,No internet service,No internet service,No internet service,No internet service,No internet service,No internet service,Month-to-month,Yes,Mailed check,21.71,22.13,Yes
8400-WDUEK,Female,1,No,No,51,Yes,Yes,No,No internet service,No internet service,No internet service,No internet service,No internet service,No internet service,One year,Yes,Credit card (automatic),38.3,2046.78,No
2741-PGDRX,Male,0,Yes,No,40,Yes,Yes,Fiber optic,No,No,Yes,Yes,Yes,No,Month-to-month,Yes,Credit card (automatic),98.9,3820.09,No
5677-KNPUS,Female,0,Yes,Yes,45,Yes,No,Fiber optic,No,No,No,Yes,No,Yes,One year,Yes,Credit card (automatic),88.36,4014.28,No
3269-XDRNY,Female,1,No,No,35,Yes,Yes,No,No internet service,No internet service,No internet service,No internet service,No internet service,No internet service,Month-to-month,Yes,Credit card (automatic),34.37,1191.84,No
4154-FVBMW,Female,0,Yes,No,54,Yes,Yes,Fiber optic,No,Yes,Yes,No,Yes,Yes,Two year,Yes,Mailed check,113.47,6225.2,No
4598-EMSLW,Female,0,Yes,Yes,35,Yes,No,No,No internet service,No internet service,No internet service,No internet service,No internet service,No internet service,Month-to-month,Yes,Credit card (automatic),25.39,923.37,No
2417-WRQZI,Female,0,Yes,No,70,Yes,No,No,No internet service,No internet service,No internet service,No internet service,No internet service,No internet service,Month-to-month,Yes,Bank transfer (automatic),25.13,1756.75,No
1297-HNRIV,Male,0,No,No,71,Yes,No,Fiber optic,Yes,No,No,Yes,No,No,Month-to-month,Yes,Mailed check,79.13,5410.19,No
3438-HMRXK,Female,0,Yes,No,55,Yes,Yes,Fiber optic,No,Yes,Yes,Yes,No,No,Two year,No,Credit card (automatic),97.87,5202.11,No
4671-BBXOQ,Female,0,No,No,70,Yes,Yes,DSL,Yes,Yes,No,Yes,No,No,Month-to-month,No,Mailed check,76.06,5382.76,No
8197-VYVTG,Male,0,No,No,70,Yes,Yes,DSL,No,No,Yes,No,Yes,Yes,Two year,No,Electronic check,81.39,5511.91,No
4030-YAVWS,Male,0,No,No,11,Yes,Yes,DSL,No,No,Yes,No,No,No,Month-to-month,No,Bank transfer (automatic),67.58,724.65,Yes
1339-VFGNK,Female,0,No,No,72,Yes,No,No,No internet service,No internet service,No internet service,No internet service,No internet service,No internet service,Two year,Yes,Electronic check,24.46,1783.23,No
1136-TAMBO,Female,0,Yes,No,11,Yes,Yes,No,No internet service,No internet service,No internet service,No internet service,No internet service,No internet service,One year,No,Credit card (automatic),36.67,384.51,No
5251-ZZGGE,Male,0,No,Yes,1,Yes,No,DSL,Yes,No,No,Yes,Yes,Yes,One year,Yes,Bank transfer (automatic),79.51,82.21,No
8599-SSLCW,Female,0,Yes,No,72,Yes,Yes,Fiber optic,No,Yes,Yes,No,Yes,No,Two year,Yes,Mailed check,100.93,7579.45,No
5512-XDSIJ,Female,1,No,No,8,Yes,Yes,DSL,No,Yes,No,Yes,No,Yes,Month-to-month,No,Electronic check,83.56,675.46,Yes
1789-COGMJ,Female,0,No,No,41,Yes,Yes,Fiber optic,No,Yes,Yes,Yes,No,Yes,One year,No,Electronic check,105.31,4419.11,No
5806-LDXZK,Female,0,Yes,Yes,72,Yes,Yes,DSL,No,No,Yes,No,Yes,No,Two year,No,Mailed check,71.59,5070.19,No
7468-FPYPN,Male,0,Yes,No,2,Yes,Yes,No,No internet service,No internet service,No internet service,No internet service,No internet service,No internet service,Month-to-month,No,Mailed check,37.06,75.58,Yes
4017-VFQUV,Female,0,Yes,Yes,11,Yes,No,DSL,No,No,No,Yes,No,No,Month-to-month,Yes,Mailed check,53.75,578.39,Yes
5723-VNKSW,Female,0,No,No,43,Yes,Yes,DSL,Yes,Yes,Yes,No,Yes,Yes,Month-to-month,Yes,Electronic check,96.43,4022.4,No
5451-KWNCS,Female,0,No,No,58,Yes,Yes,Fiber optic,No,No,No,No,Yes,Yes,Two year,Yes,Bank transfer (automatic),97.23,5890.16,No
6148-GMYMV,Female,1,No,No,62,No,No phone service,DSL,No,No,No,No,Yes,No,Two year,No,Credit card (automatic),55.53,3569.01,No
5507-MEAVR,Male,0,Yes,Yes,69,Yes,No,DSL,Yes,Yes,Yes,No,No,No,Two year,Yes,Mailed check,63.8,4467.15,No
3817-CXHKL,Male,0,Yes,Yes,5,Yes,Yes,DSL,Yes,Yes,Yes,No,Yes,No,Month-to-month,Yes,Credit card (automatic),83.55,407.13,Yes
5945-MVSGS,Male,1,No,No,19,Yes,No,DSL,No,No,Yes,No,No,No,One year,Yes,Bank transfer (automatic),53.7,1046.22,No
6605-EKYIC,Female,0,No,No,54,No,No phone service,No,No internet service,No internet service,No internet service,No internet service,No internet service,No internet service,Month-to-month,Yes,Electronic check,22.05,1241.12,No
3031-EWJQK,Female,0,Yes,Yes,54,Yes,Yes,Fiber optic,No,No,Yes,Yes,No,Yes,Two year,Yes,Electronic check,101.95,5537.94,No
6444-JOHWD,Male,0,Yes,No,14,Yes,No,DSL,No,Yes,No,Yes,Yes,Yes,Two year,Yes,Credit card (automatic),78.55,1146.83,No
3628-NNNEK,Female,0,No,No,14,Yes,Yes,DSL,No,Yes,Yes,No,No,No,Month-to-month,Yes,Mailed check,67.47,956.82,Yes
3617-BTRFX,Female,0,Yes,No,15,Yes,No,DSL,No,No,No,No,Yes,No,One year,Yes,Bank transfer (automatic),57.41,897.69,No
1066-PALNS,Male,0,Yes,Yes,70,No,No phone service,Fiber optic,No,No,Yes,No,Yes,No,Two year,Yes,Credit card (automatic),79.7,5550.68,No
5780-UASSW,Male,0,Yes,Yes,70,Yes,Yes,DSL,Yes,No,No,Yes,No,Yes,One year,Yes,Mailed check,80.96,5692.35,No
7616-TXIEF,Male,0,Yes,Yes,1,No,No phone service,Fiber optic,No,No,Yes,No,No,No,Month-to-month,Yes,Electronic check,68.91,72.26,Yes
1009-EWJLB,Female,0,Yes,Yes,16,Yes,Yes,Fiber optic,Yes,No,Yes,No,Yes,Yes,Month-to-month,No,Bank transfer (automatic),106.39,1723.05,Yes
3158-FQLVT,Female,0,No,No,21,Yes,No,Fiber optic,No,No,No,No,No,Yes,One year,Yes,Credit card (automatic),79.67,1672.89,Yes
6995-ECADH,Male,0,Yes,No,72,Yes,No,Fiber optic,No,Yes,Yes,Yes,Yes,Yes,One year,No,Mailed check,106.28,7293.72,No
9210-EREYJ,Male,1,Yes,Yes,71,Yes,Yes,DSL,No,No,No,No,No,Yes,Two year,Yes,Credit card (automatic),70.6,4975.63,No
1383-FYOCF,Female,0,No,Yes,46,Yes,Yes,Fiber optic,Yes,No,No,No,No,Yes,Month-to-month,No,Electronic check,93.5,4097.62,No
9916-KCTNH,Female,0,No,No,1,Yes,Yes,Fiber optic,No,Yes,No,No,No,No,Month-to-month,No,Electronic check,85.05,81.73,Yes
1254-CMVFN,Female,0,No,No,6,Yes,No,DSL,Yes,Yes,No,No,Yes,No,One year,Yes,Electronic check,67.01,393.97,No
3962-EBAPY,Male,0,No,No,25,Yes,Yes,DSL,Yes,No,No,No,No,Yes,Two year,Yes,Mailed check,74.11,1792.78,No
7994-FHVML,Male,0,No,No,71,Yes,No,Fiber optic,No,Yes,No,No,No,No,Two year,No,Credit card (automatic),72.47,5098.82,No
6489-UDEEO,Female,0,No,No,2,Yes,Yes,DSL,No,No,No,Yes,Yes,Yes,Month-to-month,No,Bank transfer (automatic),87.66,177.94,Yes
6978-HBVMU,Male,0,No,No,61,Yes,Yes,No,No internet service,No internet service,No internet service,No internet service,No internet service,No internet service,One year,No,Electronic check,34.16,2042.03,No
2729-DAJYE,Male,1,No,No,6,Yes,No,Fiber optic,No,No,No,No,No,Yes,Month-to-month,No,Electronic check,79.83,478.57,No
3346-LKFWL,Female,0,No,No,33,Yes,No,DSL,Yes,No,No,No,No,Yes,Month-to-month,Yes,Credit card (automatic),62.94,2151.7,No
6093-UDSPM,Female,0,No,No,59,Yes,Yes,Fiber optic,No,Yes,No,No,No,No,Month-to-month,No,Bank transfer (automatic),86.69,5308.33,Yes
9334-CWUMU,Female,0,No,No,52,Yes,No,No,No internet service,No internet service,No internet service,No internet service,No internet service,No internet service,Two year,No,Electronic check,26.34,1394.53,No
1774-HFXGR,Female,0,No,No,59,No,No phone service,No,No internet service,No internet service,No internet service,No internet service,No internet service,No internet service,Month-to-month,Yes,Bank transfer (automatic),18.25,1095.77,No
1236-WNZUJ,Male,1,No,No,63,Yes,No,DSL,Yes,Yes,Yes,No,No,Yes,Two year,Yes,Credit card (automatic),71.83,4536.45,No
5021-SZDDC,Male,0,Yes,No,14,Yes,Yes,Fiber optic,No,Yes,No,No,Yes,No,Month-to-month,Yes,Bank transfer (automatic),91.97,1325.17,Yes
6988-EDYVP,Male,0,No,No,19,Yes,Yes,Fiber optic,No,No,Yes,No,Yes,No,Month-to-month,No,Electronic check,94.82,1761.89,Yes
6335-QOVRG,Female,0,Yes,No,63,Yes,Yes,No,No internet service,No internet service,No internet service,No internet service,No internet service,No internet service,Two year,Yes,Bank transfer (automatic),38.8,2558.37,No
3398-OGDNX,Male,1,Yes,Yes,1,Yes,No,Fiber optic,No,No,Yes,Yes,No,Yes,Month-to-month,Yes,Credit card (automatic),92.76,90.38,Yes
9192-IWTZH,Female,0,No,No,34,Yes,Yes,Fiber optic,Yes,Yes,No,Yes,Yes,No,Month-to-month,No,Mailed check,104.76,3663.73,Yes
8271-UUCVA,Male,0,Yes,No,70,Yes,Yes,DSL,No,No,No,No,No,Yes,One year,Yes,Bank transfer (automatic),71.38,5142.54,No
4775-EGVLL,Female,0,Yes,No,69,Yes,Yes,DSL,No,Yes,No,No,Yes,Yes,One year,Yes,Credit card (automatic),84.49,6008.4,No
9035-IDLDY,Female,0,Yes,No,62,Yes,No,Fiber optic,No,No,Yes,Yes,No,No,One year,Yes,Electronic check,83.89,5249.16,No
8834-UWGTP,Female,0,Yes,Yes,1,Yes,Yes,DSL,No,Yes,Yes,No,Yes,Yes,Month-to-month,No,Mailed check,89.08,84.91,Yes
3818-NYFQC,Male,0,Yes,No,70,Yes,Yes,Fiber optic,Yes,No,No,No,No,Yes,Two year,Yes,Mailed check,98.77,7035.38,No
8601-AFCEL,Female,0,No,No,70,Yes,Yes,Fiber optic,No,Yes,No,No,No,No,Two year,Yes,Electronic check,87.42,6001.23,No
4078-DCXGD,Male,1,No,No,49,Yes,No,Fiber optic,No,No,No,No,Yes,No,Two year,No,Electronic check,79.19,4072.03,No
8878-ZGTGH,Female,0,Yes,Yes,14,Yes,No,DSL,No,Yes,No,No,No,No,Month-to-month,No,Bank transfer (automatic),57.72,790.58,Yes
5291-DCEYK,Female,0,No,No,31,Yes,Yes,Fiber optic,No,Yes,No,Yes,No,Yes,One year,Yes,Mailed check,100.86,3070.93,No
7704-HAYOT,Male,0,No,No,58,Yes,No,Fiber optic,Yes,No,Yes,No,Yes,Yes,Two year,Yes,Mailed check,101.43,5749.94,No
5106-XAZJM,Female,1,Yes,No,63,Yes,No,Fiber optic,Yes,No,No,No,Yes,Yes,Month-to-month,No,Credit card (automatic),92.23,5901.25,No
2521-MYLIJ,Female,0,No,No,17,Yes,No,Fiber optic,Yes,Yes,Yes,No,No,Yes,One year,No,Credit card (automatic),97.46,1629.9,No
6105-FIAIY,Female,0,Yes,No,16,No,No phone service,Fiber optic,Yes,Yes,Yes,Yes,No,No,Month-to-month,No,Electronic check,83.71,1368.82,Yes
8881-XAUYD,Female,1,No,No,56,Yes,No,Fiber optic,No,No,No,Yes,No,Yes,Two year,Yes,Electronic check,82.54,4550.38,No
8601-CGHKY,Male,1,Yes,Yes,51,Yes,No,No,No internet service,No internet service,No internet service,No internet service,No internet service,No internet service,One year,Yes,Mailed check,27.53,1464.89,No
9076-WLVYQ,Male,0,No,No,33,Yes,No,No,No internet service,No internet service,No internet service,No internet service,No internet service,No internet service,Two year,Yes,Bank transfer (automatic),27.78,894.7,No
2877-SWGDB,Male,1,Yes,Yes,24,Yes,No,Fiber optic,No,No,No,Yes,No,No,Month-to-month,Yes,Electronic check,77.9,1830.65,Yes
7134-MEHOV,Female,0,No,No,48,Yes,No,Fiber optic,No,No,No,No,No,Yes,One year,No,Electronic check,83.05,3958.13,Yes
7383-OKMRH,Male,0,Yes,No,1,Yes,No,No,No internet service,No internet service,No internet service,No internet service,No internet service,No internet service,Month-to-month,Yes,Electronic check,27.58,28.84,Yes
2607-PAWFK,Female,0,No,No,2,Yes,No,DSL,No,Yes,No,Yes,No,No,One year,Yes,Credit card (automatic),58.19,112.01,Yes
4909-HOMVB,Female,0,Yes,Yes,40,Yes,No,Fiber optic,Yes,No,Yes,Yes,Yes,Yes,Month-to-month,No,Credit card (automatic),105.79,4228.52,No
4724-DCLVW,Female,0,Yes,Yes,8,Yes,No,Fiber optic,No,No,No,Yes,Yes,No,Month-to-month,No,Mailed check,84.52,674.73,No
1676-WSBMK,Male,0,Yes,Yes,59,Yes,No,No,No internet service,No internet service,No internet service,No internet service,No internet service,No internet service,One year,Yes,Credit card (automatic),24.32,1469.09,No
5482-LQETY,Male,0,Yes,No,59,No,No phone service,No,No internet service,No internet service,No internet service,No internet service,No internet service,No internet service,Two year,Yes,Electronic check,21.14,1226.41,No
9115-RGUQL,Male,0,No,No,53,Yes,No,Fiber optic,No,Yes,Yes,No,No,Yes,One year,Yes,Mailed check,91.95,4789.88,No
6190-LYCZD,Male,1,Yes,No,70,Yes,No,DSL,No,Yes,Yes,No,No,Yes,Two year,Yes,Mailed check,71.36,4980.39,No
8313-OEPPQ,Male,0,No,Yes,3,Yes,No,DSL,Yes,Yes,No,No,No,Yes,One year,Yes,Electronic check,68.92,206.88,No
7450-XCUAL,Male,1,No,Yes,11,Yes,No,DSL,No,No,Yes,No,Yes,Yes,Month-to-month,Yes,Mailed check,78.38,838.01,Yes
7999-QSWMI,Female,0,Yes,No,10,Yes,No,DSL,No,No,Yes,No,Yes,Yes,Month-to-month,Yes,Electronic check,72.9,736.01,Yes
6437-BYKXL,Male,0,Yes,Yes,60,No,No phone service,Fiber optic,Yes,No,Yes,Yes,No,Yes,Two year,Yes,Mailed check,86.41,4969.88,No
4310-ECSAO,Male,0,No,No,34,Yes,Yes,DSL,No,Yes,No,No,No,Yes,Month-to-month,Yes,Electronic check,71.58,2429.03,No
2560-CVEGW,Male,1,No,No,10,Yes,No,Fiber optic,No,No,Yes,No,No,No,Month-to-month,Yes,Mailed check,71.33,703.14,Yes
5279-UBSQR,Male,0,Yes,Yes,3,Yes,Yes,DSL,No,No,Yes,No,Yes,Yes,Month-to-month,Yes,Bank transfer (automatic),88.61,274.6,Yes
3486-DCJOK,Male,1,No,No,70,Yes,No,Fiber optic,Yes,No,Yes,No,No,No,Two year,Yes,Credit card (automatic),78.17,5331.55,No
6593-KRAOD,Male,0,No,No,52,Yes,Yes,Fiber optic,No,No,No,Yes,No,Yes,Two year,No,Bank transfer (automatic),96.01,5123.95,No
7822-ZHQMX,Female,0,Yes,No,35,Yes,Yes,Fiber optic,No,Yes,No,No,Yes,No,Two year,Yes,Credit card (automatic),96.86,3381.97,Yes
3516-LFMXE,Male,0,No,No,72,Yes,Yes,DSL,Yes,No,Yes,Yes,Yes,No,Two year,No,Electronic check,88.42,6620.69,No
3569-UQIMJ,Female,0,Yes,Yes,66,Yes,No,DSL,No,Yes,No,No,No,No,Two year,Yes,Bank transfer (automatic),56.19,3690.57,No
1825-HWFCT,Male,0,Yes,No,6,Yes,No,No,No internet service,No internet service,No internet service,No internet service,No internet service,No internet service,Month-to-month,No,Electronic check,22.39,137.58,No
1561-NVJCI,Female,0,Yes,Yes,33,Yes,Yes,DSL,No,Yes,Yes,No,Yes,Yes,Two year,Yes,Mailed check,88.72,2795.28,No
4423-BLXHU,Female,0,No,No,31,Yes,Yes,DSL,No,Yes,Yes,Yes,No,Yes,Month-to-month,No,Credit card (automatic),81.31,2578.04,Yes
1793-KETKJ,Female,0,Yes,No,66,Yes,Yes,DSL,Yes,No,No,No,Yes,Yes,Month-to-month,No,Mailed check,82.88,5601.79,No
8455-OMZZR,Female,0,Yes,Yes,4,Yes,No,DSL,No,No,No,No,Yes,No,Month-to-month,No,Mailed check,57.77,223.74,Yes
7505-TKJGN,Male,0,Yes,Yes,27,Yes,Yes,Fiber optic,No,Yes,No,No,No,Yes,One year,No,Electronic check,93.2,2473.22,No
5076-GOCLH,Male,1,Yes,Yes,46,Yes,No,Fiber optic,No,No,Yes,Yes,Yes,No,One year,No,Electronic check,93.14,4282.74,No
4528-IVMWQ,Male,0,Yes,Yes,71,Yes,No,DSL,No,Yes,No,No,Yes,No,Month-to-month,Yes,Credit card (automatic),65.74,4841.0,No
6902-PBRLP,Male,0,No,No,70,Yes,No,Fiber optic,No,No,No,Yes,No,No,Month-to-month,Yes,Electronic check,76.54,5238.03,No
3543-BRARZ,Male,0,Yes,No,36,No,No phone service,No,No internet service,No internet service,No internet service,No internet service,No internet service,No internet service,Month-to-month,Yes,Electronic check,21.11,764.75,Yes
5836-WWJWL,Female,0,No,Yes,43,Yes,No,Fiber optic,No,No,No,No,No,Yes,One year,No,Electronic check,76.44,3228.04,No
8399-ZCZNY,Male,0,Yes,Yes,66,Yes,No,No,No internet service,No internet service,No internet service,No internet service,No internet service,No internet service,Two year,No,Mailed check,25.14,1621.96,No
6624-FUVKR,Male,0,No,No,56,Yes,Yes,Fiber optic,No,Yes,No,No,No,Yes,Month-to-month,Yes,Bank transfer (automatic),96.16,5504.31,No
2970-UCFBX,Male,0,Yes,No,69,Yes,Yes,No,No internet service,No internet service,No internet service,No internet service,No internet service,No internet service,One year,No,Credit card (automatic),37.86,2602.46,No
4173-NDFSF,Female,0,No,No,70,Yes,Yes,Fiber optic,No,Yes,No,Yes,Yes,No,Two year,No,Mailed check,103.26,7206.01,No
8734-SGUZV,Female,0,No,No,65,No,No phone service,DSL,Yes,No,No,No,Yes,Yes,Two year,Yes,Electronic check,67.77,4423.56,No
1458-ERCHK,Female,0,Yes,Yes,1,Yes,Yes,DSL,No,Yes,No,No,Yes,No,Month-to-month,Yes,Mailed check,72.5,74.31,Yes
6874-RULLA,Male,0,No,No,15,Yes,No,DSL,No,No,No,Yes,No,Yes,One year,No,Credit card (automatic),64.79,973.43,Yes
3764-KEHUQ,Male,0,Yes,Yes,22,Yes,Yes,Fiber optic,No,Yes,No,No,No,Yes,Month-to-month,Yes,Electronic check,94.31,2013.95,Yes
8092-YFUJJ,Female,1,Yes,Yes,50,Yes,Yes,Fiber optic,No,No,No,Yes,Yes,Yes,Month-to-month,No,Mailed check,107.07,5475.59,No
6850-HOXUI,Male,0,No,No,14,Yes,No,No,No internet service,No internet service,No internet service,No internet service,No internet service,No internet service,One year,Yes,Credit card (automatic),23.92,349.92,No
9391-RGCYU,Female,1,Yes,No,16,Yes,Yes,Fiber optic,No,Yes,Yes,No,No,Yes,Two year,Yes,Credit card (automatic),103.82,1680.94,No
1043-SXTCM,Male,0,Yes,Yes,22,Yes,No,Fiber optic,No,No,No,No,Yes,No,Two year,Yes,Bank transfer (automatic),81.12,1864.78,No
2566-IVCQL,Male,0,Yes,No,71,Yes,No,Fiber optic,No,No,Yes,No,Yes,Yes,Two year,Yes,Electronic check,92.81,6588.31,No
3178-JXFWP,Female,0,Yes,No,25,Yes,No,No,No internet service,No internet service,No internet service,No internet service,No internet service,No internet service,Month-to-month,No,Electronic check,24.02,589.95,No
6322-FCNBK,Female,1,No,No,3,Yes,No,Fiber optic,No,No,Yes,No,Yes,Yes,Month-to-month,No,Electronic check,96.31,275.85,Yes
1623-XODLA,Female,0,Yes,Yes,1,Yes,No,No,No internet service,No internet service,No internet service,No internet service,No internet service,No internet service,Month-to-month,Yes,Bank transfer (automatic),25.89,26.8,Yes
1091-DJKFJ,Male,0,No,No,9,Yes,No,DSL,Yes,Yes,No,No,Yes,Yes,Month-to-month,Yes,Credit card (automatic),81.86,714.04,Yes
9662-ZAYXW,Female,0,Yes,Yes,71,Yes,No,Fiber optic,No,No,No,No,No,Yes,Two year,Yes,Bank transfer (automatic),79.38,5561.92,No
6247-MNCKC,Male,0,Yes,Yes,71,Yes,Yes,Fiber optic,No,No,Yes,Yes,No,No,Two year,Yes,Electronic check,92.04,6692.87,No
6413-VLVLJ,Male,0,No,No,35,Yes,Yes,Fiber optic,No,Yes,Yes,No,Yes,No,Month-to-month,Yes,Mailed check,99.27,3497.86,Yes
3536-YNXKU,Male,1,No,No,47,Yes,No,Fiber optic,No,Yes,No,No,Yes,No,Month-to-month,Yes,Electronic check,82.19,3887.15,Yes
6555-SMJUE,Female,0,Yes,Yes,61,Yes,Yes,Fiber optic,No,No,No,No,No,Yes,Two year,Yes,Electronic check,86.91,5137.03,No
1009-XRMEW,Female,0,No,No,2,No,No phone service,Fiber optic,No,No,Yes,No,Yes,Yes,Month-to-month,Yes,Mailed check,93.69,195.02,Yes
3504-UXBVC,Male,0,Yes,No,20,Yes,Yes,DSL,No,Yes,No,No,Yes,No,Two year,Yes,Mailed check,71.4,1366.83,No
2392-FNRFJ,Female,1,Yes,Yes,47,No,No phone service,Fiber optic,Yes,No,No,No,No,No,One year,No,Electronic check,71.43,3275.65,Yes
8676-KMLAU,Male,0,No,No,70,Yes,No,DSL,No,Yes,No,Yes,No,Yes,One year,Yes,Electronic check,73.7,4966.95,No
2665-SLYTD,Male,1,No,No,55,Yes,No,DSL,No,Yes,No,Yes,Yes,No,Two year,No,Mailed check,69.4,3627.46,No
1305-TFDZW,Female,0,No,No,18,Yes,Yes,DSL,Yes,Yes,No,Yes,No,Yes,Month-to-month,Yes,Credit card (automatic),86.79,1511.0,Yes
6368-HRXXR,Female,0,No,No,70,Yes,No,No,No internet service,No internet service,No internet service,No internet service,No internet service,No internet service,Two year,Yes,Credit card (automatic),24.73,1704.38,No
3688-EKTKP,Female,0,Yes,No,49,Yes,No,DSL,No,No,No,No,Yes,No,Month-to-month,Yes,Mailed check,63.47,2995.08,No
6293-DWAMK,Female,1,No,No,64,Yes,Yes,DSL,No,No,Yes,No,No,No,Two year,Yes,Electronic check,64.36,4049.44,No
2354-JYUWI,Male,0,Yes,No,21,Yes,No,Fiber optic,No,Yes,Yes,Yes,No,No,Month-to-month,Yes,Credit card (automatic),82.26,1777.39,Yes
1773-HSKYL,Female,0,No,No,1,No,No phone service,Fiber optic,No,Yes,No,No,No,Yes,Month-to-month,No,Mailed check,78.87,76.48,Yes
4544-JPHIO,Female,0,No,No,5,No,No phone service,Fiber optic,Yes,Yes,Yes,Yes,No,Yes,Month-to-month,No,Electronic check,98.37,468.79,Yes
6555-PZFLS,Male,0,No,No,71,Yes,Yes,Fiber optic,No,No,No,Yes,No,Yes,Two year,Yes,Mailed check,95.71,7045.24,No
9534-NYXBB,Female,0,No,No,1,Yes,No,Fiber optic,No,Yes,Yes,No,Yes,Yes,Month-to-month,No,Bank transfer (automatic),98.19,96.03,Yes
2614-LQYOB,Female,0,Yes,Yes,42,No,No phone service,Fiber optic,No,No,Yes,No,No,No,Two year,Yes,Electronic check,69.7,2812.53,No
9359-FVNQU,Male,0,Yes,No,23,No,No phone service,Fiber optic,No,No,Yes,No,No,Yes,Month-to-month,Yes,Bank transfer (automatic),80.45,1836.84,No
9573-UMJFK,Female,0,Yes,No,25,Yes,No,Fiber optic,No,No,No,No,Yes,No,Month-to-month,Yes,Electronic check,76.28,1865.04,Yes
1774-FCINT,Male,0,No,Yes,22,Yes,No,Fiber optic,No,Yes,No,Yes,No,No,One year,No,Electronic check,81.97,1813.29,No
7820-AJQDO,Female,0,No,No,2,Yes,Yes,DSL,Yes,No,Yes,No,Yes,Yes,Month-to-month,Yes,Credit card (automatic),86.9,181.36,Yes
8573-JGGJJ,Male,0,Yes,No,3,Yes,Yes,Fiber optic,Yes,No,Yes,Yes,Yes,No,Month-to-month,No,Credit card (automatic),108.53,314.98,Yes
1002-VNHWD,Female,0,No,No,2,Yes,No,Fiber optic,Yes,Yes,No,No,No,Yes,Month-to-month,No,Electronic check,90.39,188.6,Yes
7609-ICJKB,Female,0,No,No,2,Yes,No,DSL,Yes,No,Yes,No,Yes,No,Month-to-month,Yes,Bank transfer (automatic),66.37,136.72,No
2642-VEITU,Male,0,No,No,2,Yes,Yes,No,No internet service,No internet service,No internet service,No internet service,No internet service,No internet service,Month-to-month,Yes,Credit card (automatic),35.73,72.45,No
9058-BOGDA,Male,0,Yes,Yes,52,Yes,No,No,No internet service,No internet service,No internet service,No internet service,No internet service,No internet service,Two year,Yes,Electronic check,23.51,1224.58,No
7953-TXMQG,Female,0,No,No,3,Yes,Yes,Fiber optic,No,No,Yes,Yes,Yes,Yes,Month-to-month,No,Bank transfer (automatic),113.42,342.04,No
4718-NEXKQ,Female,1,No,No,11,Yes,Yes,DSL,No,Yes,Yes,No,Yes,Yes,Month-to-month,No,Bank transfer (automatic),89.27,962.41,Yes
2884-XPYWW,Female,0,No,Yes,48,Yes,No,Fiber optic,No,No,No,No,No,Yes,Two year,No,Electronic check,78.99,3817.59,No
4392-UQMAJ,Male,0,Yes,Yes,3,Yes,Yes,No,No internet service,No internet service,No internet service,No internet service,No internet service,No internet service,Month-to-month,Yes,Bank transfer (automatic),38.24,114.6,No
9532-MHEYG,Male,0,No,No,70,Yes,No,Fiber optic,Yes,No,Yes,No,No,No,Two year,Yes,Bank transfer (automatic),79.74,5554.55,No
4849-VMZIA,Female,1,No,No,30,Yes,No,Fiber optic,No,Yes,Yes,No,No,Yes,Two year,Yes,Electronic check,92.18,2644.65,No
6082-ZMGHN,Female,0,No,No,72,Yes,No,DSL,Yes,No,No,No,No,No,Two year,Yes,Mailed check,55.52,4044.27,No
8391-OMXTJ,Male,0,Yes,No,7,Yes,Yes,DSL,Yes,Yes,No,No,No,Yes,Month-to-month,No,Bank transfer (automatic),80.64,545.11,Yes
8871-MXKRB,Female,0,Yes,Yes,1,Yes,Yes,Fiber optic,Yes,No,No,Yes,Yes,Yes,Month-to-month,No,Bank transfer (automatic),106.13,105.76,Yes
8611-GPIUY,Male,0,No,No,42,Yes,No,DSL,Yes,Yes,Yes,No,Yes,No,Two year,Yes,Mailed check,73.01,3001.91,No
6463-HKMQH,Male,0,Yes,Yes,16,Yes,No,Fiber optic,Yes,Yes,No,No,No,No,One year,Yes,Mailed check,79.63,1324.96,No
4472-KWBDL,Female,0,No,No,40,Yes,Yes,Fiber optic,Yes,Yes,No,No,Yes,No,Two year,No,Electronic check,98.1,3990.3,No
6768-UVFVB,Male,0,Yes,Yes,29,No,No phone service,DSL,No,Yes,No,No,Yes,Yes,Month-to-month,Yes,Mailed check,70.13,1988.04,Yes
1611-GDIWQ,Male,0,Yes,Yes,27,Yes,Yes,DSL,No,Yes,Yes,No,Yes,Yes,Two year,Yes,Mailed check,93.35,2627.37,No
3829-BPQCW,Female,1,Yes,No,66,Yes,No,Fiber optic,No,No,Yes,Yes,Yes,Yes,Month-to-month,Yes,Electronic check,101.46,6737.71,No
9674-RDSIE,Male,0,Yes,Yes,7,Yes,Yes,DSL,No,No,Yes,Yes,No,Yes,Month-to-month,No,Credit card (automatic),83.64,581.02,No
1719-IQPWF,Female,0,No,No,32,Yes,Yes,Fiber optic,No,Yes,Yes,No,No,No,Month-to-month,Yes,Credit card (automatic),90.59,2806.73,Yes
8777-IXWCR,Female,0,Yes,Yes,23,Yes,Yes,Fiber optic,No,No,Yes,Yes,Yes,Yes,Month-to-month,No,Mailed check,109.64,2477.94,No
8825-XNBZL,Female,0,No,No,50,No,No phone service,DSL,Yes,Yes,No,No,No,No,Two year,No,Credit card (automatic),56.77,2708.36,No
9044-QRJPT,Male,0,No,No,2,Yes,Yes,No,No internet service,No internet service,No internet service,No internet service,No internet service,No internet service,Month-to-month,No,Mailed check,38.42,76.36,Yes
5847-DRNIO,Male,0,Yes,Yes,35,Yes,Yes,DSL,No,Yes,No,No,No,Yes,One year,Yes,Mailed check,71.89,2441.25,No
9961-XWBFS,Female,0,No,No,30,Yes,Yes,Fiber optic,No,No,Yes,No,Yes,Yes,Month-to-month,Yes,Credit card (automatic),108.28,3185.54,Yes
2027-XWDVV,Male,0,No,No,72,Yes,Yes,DSL,Yes,Yes,Yes,Yes,Yes,No,Month-to-month,Yes,Credit card (automatic),88.42,6598.42,No
8784-RSVRE,Female,0,No,No,58,Yes,No,Fiber optic,No,Yes,No,No,No,No,One year,No,Electronic check,78.69,4490.13,No
4206-MICQO,Female,0,No,No,4,Yes,Yes,No,No internet service,No internet service,No internet service,No internet service,No internet service,No internet service,Month-to-month,Yes,Credit card (automatic),37.87,156.18,Yes
8637-JCTJR,Male,0,Yes,No,33,Yes,No,Fiber optic,No,Yes,Yes,Yes,Yes,No,Month-to-month,Yes,Electronic check,95.77,3277.25,Yes
9876-IEWAB,Female,0,Yes,No,60,Yes,No,DSL,Yes,Yes,Yes,No,Yes,No,Two year,Yes,Bank transfer (automatic),71.22,4240.39,No
7056-FELYK,Female,0,Yes,Yes,35,Yes,Yes,Fiber optic,Yes,No,No,No,Yes,Yes,Two year,No,Credit card (automatic),103.8,3804.0,No
9269-HLIFZ,Male,0,Yes,Yes,18,Yes,Yes,No,No internet service,No internet service,No internet service,No internet service,No internet service,No internet service,Month-to-month,No,Mailed check,33.91,604.84,No
2060-XQNUC,Male,0,No,No,20,Yes,Yes,No,No internet service,No internet service,No internet service,No internet service,No internet service,No internet service,Month-to-month,Yes,Electronic check,32.82,677.03,Yes
2237-PRXEU,Female,0,No,No,19,Yes,Yes,Fiber optic,No,No,No,No,No,No,Month-to-month,Yes,Credit card (automatic),81.85,1625.54,Yes
5196-CIURK,Male,0,Yes,Yes,1,Yes,Yes,Fiber optic,Yes,No,No,No,No,No,Month-to-month,Yes,Bank transfer (automatic),88.5,84.15,Yes
3991-ZVWIZ,Male,1,Yes,Yes,55,Yes,Yes,Fiber optic,No,No,No,No,Yes,Yes,One year,Yes,Electronic check,100.07,5424.32,No
2071-WASNC,Male,1,Yes,No,44,Yes,Yes,Fiber optic,No,Yes,No,No,No,No,One year,Yes,Mailed check,88.58,4002.56,No
8690-XTTOX,Male,1,Yes,Yes,11,Yes,Yes,Fiber optic,Yes,No,No,No,No,No,Two year,Yes,Bank transfer (automatic),85.2,968.11,Yes
5861-QYLQM,Female,0,No,No,46,Yes,No,DSL,No,Yes,No,No,No,Yes,One year,No,Mailed check,65.42,3115.44,No
9287-DRGKP,Female,0,No,No,14,Yes,Yes,No,No internet service,No internet service,No internet service,No internet service,No internet service,No internet service,Two year,No,Credit card (automatic),32.04,460.26,No
8963-BYKHM,Female,0,Yes,Yes,10,No,No phone service,DSL,Yes,No,Yes,No,No,No,Month-to-month,Yes,Electronic check,54.99,540.42,No
8554-QEQXQ,Female,0,Yes,No,56,Yes,Yes,Fiber optic,Yes,No,Yes,No,No,Yes,Month-to-month,Yes,Bank transfer (automatic),103.09,5948.05,No
8126-APXEI,Female,0,Yes,Yes,62,Yes,Yes,No,No internet service,No internet service,No internet service,No internet service,No internet service,No internet service,One year,No,Credit card (automatic),36.0,2246.65,No
1143-SPKZH,Male,0,No,No,45,Yes,No,Fiber optic,Yes,No,No,No,No,No,Two year,Yes,Electronic check,76.21,3325.31,No
1520-YZZPS,Male,1,No,No,60,Yes,Yes,DSL,Yes,Yes,No,No,No,No,Two year,Yes,Bank transfer (automatic),68.05,3960.58,No
3196-KRPHD,Female,0,Yes,No,19,Yes,Yes,Fiber optic,No,No,No,No,Yes,No,Month-to-month,Yes,Mailed check,88.53,1635.27,No
5989-MFFUS,Male,0,No,No,2,Yes,No,No,No internet service,No internet service,No internet service,No internet service,No internet service,No internet service,Month-to-month,No,Electronic check,21.68,41.92,Yes
1087-YNSCQ,Female,0,No,No,43,Yes,No,Fiber optic,No,No,Yes,No,No,Yes,Two year,No,Mailed check,88.15,3714.95,No
2756-KTKQZ,Male,0,Yes,Yes,10,Yes,No,Fiber optic,No,No,Yes,Yes,Yes,Yes,Month-to-month,Yes,Bank transfer (automatic),102.56,1049.86,Yes
5577-XAHMW,Female,0,No,No,59,Yes,No,Fiber optic,No,Yes,Yes,Yes,No,No,Two year,No,Bank transfer (automatic),88.84,5465.88,No
4481-WMMQY,Female,0,Yes,Yes,18,Yes,No,DSL,Yes,No,No,Yes,Yes,Yes,One year,Yes,Mailed check,81.12,1422.79,No
8105-BIDEB,Male,1,No,No,50,Yes,No,DSL,Yes,No,Yes,Yes,Yes,Yes,Month-to-month,No,Credit card (automatic),87.95,4434.5,No
7236-VOAGL,Male,0,No,No,38,Yes,Yes,No,No internet service,No internet service,No internet service,No internet service,No internet service,No internet service,Two year,Yes,Electronic check,34.44,1254.28,No
3823-QIMNE,Male,0,Yes,Yes,63,Yes,No,Fiber optic,No,No,Yes,No,Yes,No,Two year,Yes,Credit card (automatic),83.2,5269.15,No
4659-HYYEQ,Male,1,No,No,65,Yes,No,DSL,No,Yes,No,No,Yes,No,Two year,No,Credit card (automatic),61.14,4094.29,No
5860-RXAYG,Male,0,Yes,Yes,2,Yes,No,Fiber optic,Yes,Yes,Yes,No,Yes,Yes,Month-to-month,No,Electronic check,102.25,207.36,Yes
3051-VWYIZ,Female,0,No,No,13,Yes,No,Fiber optic,No,Yes,No,No,No,Yes,Month-to-month,Yes,Mailed check,85.18,1113.74,Yes
4627-MMOUP,Male,0,Yes,Yes,68,Yes,No,Fiber optic,No,No,No,No,Yes,Yes,Two year,Yes,Mailed check,93.43,6470.66,No
1540-VMMIX,Male,0,No,No,22,Yes,No,No,No internet service,No internet service,No internet service,No internet service,No internet service,No internet service,Month-to-month,Yes,Bank transfer (automatic),22.34,484.0,No
6772-BDYBD,Male,0,Yes,Yes,34,Yes,No,DSL,No,Yes,No,No,Yes,No,One year,Yes,Credit card (automatic),61.03,2098.17,No
2234-AARXA,Female,0,No,No,6,Yes,No,Fiber optic,Yes,No,No,Yes,Yes,Yes,Month-to-month,Yes,Credit card (automatic),102.62,588.61,Yes
9502-CJBWM,Male,0,Yes,Yes,38,Yes,Yes,Fiber optic,No,Yes,No,No,Yes,Yes,Two year,No,Electronic check,108.01,4015.05,No
4185-GEJFN,Female,0,Yes,Yes,11,Yes,Yes,No,No internet service,No internet service,No internet service,No internet service,No internet service,No internet service,Month-to-month,No,Bank transfer (automatic),31.7,336.94,No
4285-HILTG,Female,0,No,No,64,Yes,No,No,No internet service,No internet service,No internet service,No internet service,No internet service,No internet service,Two year,No,Bank transfer (automatic),27.47,1807.61,No
1597-WAQXB,Male,0,No,No,7,Yes,No,Fiber optic,No,Yes,No,Yes,No,No,Month-to-month,No,Mailed check,81.65,549.54,Yes
3284-BCVHX,Male,0,Yes,Yes,19,Yes,No,Fiber optic,No,Yes,Yes,Yes,Yes,No,Month-to-month,Yes,Electronic check,94.47,1831.92,Yes
9289-XEPGA,Female,0,Yes,No,3,Yes,Yes,DSL,No,No,No,No,No,Yes,Month-to-month,Yes,Bank transfer (automatic),72.03,213.41,Yes
1064-AGUMA,Male,0,Yes,Yes,41,Yes,Yes,No,No internet service,No internet service,No internet service,No internet service,No internet service,No internet service,Two year,No,Mailed check,31.79,1295.41,No
9518-SBJRQ,Male,0,Yes,No,71,Yes,Yes,No,No internet service,No internet service,No internet service,No internet service,No internet service,No internet service,Month-to-month,Yes,Electronic check,38.28,2766.98,No
8935-NCLIG,Female,0,No,No,5,No,No phone service,Fiber optic,No,Yes,Yes,Yes,Yes,Yes,Month-to-month,Yes,Electronic check,99.61,514.07,Yes
8097-ROILR,Male,0,Yes,Yes,1,Yes,No,DSL,Yes,Yes,No,Yes,No,No,Month-to-month,Yes,Mailed check,61.05,60.29,Yes
4260-TJJXB,Male,0,No,No,24,Yes,No,No,No internet service,No internet service,No internet service,No internet service,No internet service,No internet service,Month-to-month,Yes,Electronic check,28.68,663.9,Yes
9003-OAWCN,Female,0,No,No,57,Yes,No,Fiber optic,Yes,No,No,No,No,No,Two year,Yes,Bank transfer (automatic),74.5,4293.19,No
1661-FSSPS,Male,0,Yes,No,72,Yes,Yes,Fiber optic,Yes,Yes,Yes,Yes,No,No,Month-to-month,Yes,Bank transfer (automatic),99.13,7454.99,Yes
7890-DGJSY,Female,0,No,No,2,Yes,Yes,Fiber optic,Yes,Yes,Yes,No,No,Yes,Month-to-month,No,Electronic check,105.42,204.35,Yes
8857-NCKJQ,Male,0,No,No,60,Yes,No,Fiber optic,No,No,No,No,No,Yes,One year,No,Credit card (automatic),83.97,5028.09,No
7240-NVWMY,Female,1,Yes,No,19,Yes,No,DSL,No,Yes,No,Yes,No,No,Month-to-month,Yes,Electronic check,56.67,1028.65,Yes
6565-TSDTZ,Male,0,Yes,Yes,4,Yes,Yes,Fiber optic,Yes,Yes,No,No,No,No,Month-to-month,No,Electronic check,92.4,359.59,Yes
8160-ZTCFA,Male,0,Yes,No,7,Yes,No,Fiber optic,No,No,Yes,No,No,Yes,Month-to-month,Yes,Mailed check,83.65,590.1,Yes
6629-PWFXY,Female,1,No,No,70,Yes,Yes,Fiber optic,No,No,No,Yes,Yes,Yes,Two year,Yes,Bank transfer (automatic),102.37,7276.91,No
9135-JTOOA,Female,0,Yes,No,62,Yes,No,No,No internet service,No internet service,No internet service,No internet service,No internet service,No internet service,Two year,Yes,Credit card (automatic),27.27,1641.45,No
9234-HTCLT,Male,0,No,No,15,Yes,Yes,No,No internet service,No internet service,No internet service,No internet service,No internet service,No internet service,Month-to-month,Yes,Bank transfer (automatic),38.97,607.41,Yes
1300-YKLVC,Female,0,No,No,71,Yes,Yes,Fiber optic,No,Yes,No,Yes,Yes,Yes,Two year,No,Electronic check,112.34,8168.27,No
9028-RZHBQ,Male,1,Yes,No,3,Yes,No,Fiber optic,No,Yes,No,No,No,No,Month-to-month,Yes,Credit card (automatic),76.39,232.37,Yes
7716-WKPQN,Female,0,No,No,16,Yes,Yes,DSL,No,No,No,No,Yes,Yes,Month-to-month,No,Electronic check,82.44,1273.78,Yes
2437-SYYNK,Female,0,Yes,No,48,Yes,Yes,DSL,Yes,No,Yes,Yes,Yes,Yes,One year,No,Bank transfer (automatic),92.41,4406.47,No
3278-MJQCG,Male,0,No,No,72,Yes,Yes,DSL,No,No,No,No,No,Yes,Two year,No,Credit card (automatic),70.22,5217.0,No
3494-VDPBP,Male,0,Yes,Yes,28,Yes,No,DSL,No,Yes,Yes,No,No,Yes,One year,No,Credit card (automatic),68.44,1945.84,No
2324-URZCZ,Male,0,Yes,No,63,Yes,No,Fiber optic,No,No,Yes,Yes,No,No,One year,Yes,Electronic check,81.28,4866.16,No
7156-ZRJST,Female,0,No,No,70,Yes,Yes,DSL,Yes,Yes,Yes,Yes,No,No,One year,No,Electronic check,77.08,5255.74,No
1419-YLIDI,Male,0,No,No,1,Yes,No,DSL,No,Yes,No,Yes,Yes,Yes,Month-to-month,Yes,Credit card (automatic),82.07,84.01,Yes
2405-LXHXI,Female,0,No,No,13,Yes,No,DSL,No,No,No,Yes,No,Yes,One year,Yes,Mailed check,64.9,834.6,No
5636-CUTUB,Male,1,No,No,3,No,No phone service,No,No internet service,No internet service,No internet service,No internet service,No internet service,No internet service,Month-to-month,Yes,Bank transfer (automatic),20.88,62.3,Yes
1679-SLFJX,Female,0,Yes,No,59,Yes,Yes,DSL,No,Yes,No,No,Yes,Yes,Two year,No,Credit card (automatic),85.08,4984.6,No
2233-FSULY,Female,0,Yes,No,39,Yes,No,Fiber optic,No,No,Yes,Yes,No,No,Two year,No,Electronic check,77.43,3090.16,No
3894-IOQGT,Female,0,No,No,3,Yes,Yes,No,No internet service,No internet service,No internet service,No internet service,No internet service,No internet service,Month-to-month,Yes,Credit card (automatic),36.21,107.24,Yes
1559-UCJSH,Female,0,No,No,24,Yes,Yes,No,No internet service,No internet service,No internet service,No internet service,No internet service,No internet service,Month-to-month,Yes,Electronic check,36.13,886.99,Yes
9300-YBJJZ,Male,0,No,No,33,Yes,Yes,No,No internet service,No internet service,No internet service,No internet service,No internet service,No internet service,Month-to-month,Yes,Mailed check,37.84,1300.0,No
8784-WHWRY,Male,0,No,Yes,52,Yes,No,Fiber optic,No,Yes,No,No,No,Yes,One year,Yes,Electronic check,83.87,4204.04,No
2395-SJPET,Female,0,Yes,No,60,Yes,No,Fiber optic,No,No,Yes,Yes,Yes,No,Two year,No,Electronic check,88.44,5559.97,No
2069-RMHDO,Male,1,No,No,2,Yes,Yes,DSL,No,Yes,Yes,No,No,Yes,Month-to-month,Yes,Mailed check,80.48,158.34,Yes
3322-UTSHN,Female,0,Yes,No,31,Yes,No,DSL,Yes,No,Yes,No,No,Yes,Month-to-month,Yes,Mailed check,67.98,2201.43,No
9737-OLNYB,Female,0,Yes,Yes,5,Yes,No,No,No internet service,No internet service,No internet service,No internet service,No internet service,No internet service,Month-to-month,Yes,Credit card (automatic),23.64,117.98,Yes
6616-HQYIL,Female,0,Yes,No,57,Yes,Yes,No,No internet service,No internet service,No internet service,No internet service,No internet service,No internet service,One year,No,Bank transfer (automatic),32.65,1885.04,No
3456-WNFWO,Male,0,Yes,No,48,No,No phone service,DSL,Yes,No,No,Yes,Yes,Yes,Two year,Yes,Bank transfer (automatic),77.25,3815.32,No
2024-UZTPL,Male,0,Yes,No,54,Yes,No,No,No internet service,No internet service,No internet service,No internet service,No internet service,No internet service,One year,Yes,Bank transfer (automatic),27.66,1449.58,No
8303-TKRTG,Female,0,Yes,Yes,2,Yes,No,No,No internet service,No internet service,No internet service,No internet service,No internet service,No internet service,Month-to-month,No,Bank transfer (automatic),25.47,50.18,Yes
1849-KKQFH,Male,0,Yes,No,33,Yes,No,DSL,Yes,Yes,Yes,No,Yes,Yes,Month-to-month,No,Electronic check,86.73,2811.02,Yes
8617-SCHUY,Female,0,Yes,No,65,No,No phone service,No,No internet service,No internet service,No internet service,No internet service,No internet service,No internet service,Month-to-month,No,Bank transfer (automatic),21.99,1477.02,No
2128-RAFYW,Male,1,No,No,54,Yes,No,DSL,No,Yes,Yes,No,Yes,No,One year,Yes,Bank transfer (automatic),72.53,3732.0,No
5782-MLEBD,Male,0,Yes,Yes,67,Yes,No,Fiber optic,Yes,Yes,No,Yes,No,Yes,Two year,No,Bank transfer (automatic),96.44,6326.08,No
1711-EVAOF,Male,0,No,No,7,Yes,No,No,No internet service,No internet service,No internet service,No internet service,No internet service,No internet service,Month-to-month,Yes,Mailed check,27.89,193.72,Yes
2030-PCZPH,Female,1,Yes,Yes,13,Yes,Yes,Fiber optic,No,No,Yes,No,No,Yes,One year,Yes,Electronic check,98.05,1213.08,No
3472-GDMQB,Female,0,No,No,26,Yes,Yes,DSL,Yes,Yes,Yes,No,Yes,Yes,Month-to-month,Yes,Electronic check,96.53,2470.14,Yes
1445-HKXXO,Female,0,Yes,Yes,34,Yes,Yes,No,No internet service,No internet service,No internet service,No internet service,No internet service,No internet service,One year,No,Bank transfer (automatic),38.92,1307.59,No
8088-SFDGS,Female,0,Yes,No,10,No,No phone service,DSL,Yes,No,Yes,No,Yes,No,Month-to-month,No,Electronic check,66.54,640.92,Yes
7517-LXSIC,Female,0,No,No,20,Yes,Yes,Fiber optic,No,Yes,No,No,No,No,One year,Yes,Bank transfer (automatic),84.51,1759.48,Yes
7097-JYBYV,Female,0,No,No,51,No,No phone service,DSL,Yes,No,Yes,No,No,No,One year,No,Credit card (automatic),56.67,2992.33,No
8414-TJMOW,Male,0,Yes,Yes,47,Yes,No,Fiber optic,No,No,No,No,No,Yes,Two year,No,Credit card (automatic),81.75,3858.42,No
6217-OSYPM,Female,0,Yes,Yes,3,Yes,No,DSL,No,No,No,No,No,Yes,Month-to-month,Yes,Bank transfer (automatic),58.96,185.45,Yes
7409-UOVSP,Male,0,No,Yes,72,Yes,No,DSL,Yes,No,No,No,No,No,Two year,No,Electronic check,58.32,4340.54,No
2786-DTRSP,Female,0,Yes,No,39,Yes,Yes,Fiber optic,No,Yes,Yes,No,No,Yes,One year,Yes,Mailed check,97.75,3642.38,No
4951-EPAEM,Female,0,Yes,Yes,30,Yes,Yes,Fiber optic,No,No,Yes,Yes,Yes,No,Month-to-month,No,Credit card (automatic),102.41,2963.95,Yes
9134-OCSJO,Male,0,No,No,72,Yes,No,Fiber optic,No,No,No,Yes,No,No,Two year,No,Bank transfer (automatic),77.49,5419.55,No
8982-YRRGO,Male,0,No,No,3,Yes,No,No,No internet service,No internet service,No internet service,No internet service,No internet service,No internet service,Month-to-month,No,Bank transfer (automatic),28.75,83.26,Yes
7479-ZWYAJ,Female,0,Yes,No,37,Yes,Yes,No,No internet service,No internet service,No internet service,No internet service,No internet service,No internet service,Two year,No,Bank transfer (automatic),36.5,1365.01,No
5234-ASVYJ,Male,0,No,No,62,Yes,Yes,Fiber optic,No,Yes,Yes,No,No,Yes,Month-to-month,Yes,Electronic check,97.54,6169.43,Yes
9923-NAKVI,Female,0,No,No,22,Yes,No,Fiber optic,No,Yes,Yes,No,No,No,Month-to-month,No,Bank transfer (automatic),83.12,1902.03,Yes
7354-VXMLZ,Male,0,Yes,No,56,Yes,Yes,No,No internet service,No internet service,No internet service,No internet service,No internet service,No internet service,One year,Yes,Electronic check,32.42,1871.58,No
9459-UYKIR,Female,0,No,No,70,Yes,No,No,No internet service,No internet service,No internet service,No internet service,No internet service,No internet service,One year,Yes,Bank transfer (automatic),25.46,1721.25,No
6905-EJOJP,Male,0,No,No,11,Yes,No,DSL,Yes,Yes,No,No,No,No,Month-to-month,Yes,Bank transfer (automatic),57.24,600.27,Yes
5578-XQHNM,Female,0,No,No,10,Yes,Yes,DSL,Yes,No,Yes,No,No,No,Month-to-month,No,Electronic check,72.86,724.7,Yes
2646-LYKWA,Male,0,No,No,19,Yes,Yes,Fiber optic,No,No,Yes,Yes,Yes,Yes,Month-to-month,Yes,Bank transfer (automatic),107.55,2140.25,Yes
2409-YNBOL,Male,0,Yes,No,23,Yes,No,No,No internet service,No internet service,No internet service,No internet service,No internet service,No internet service,Month-to-month,No,Bank transfer (automatic),25.58,585.85,No
7279-WVRFN,Male,1,No,No,3,Yes,No,Fiber optic,No,Yes,Yes,No,Yes,Yes,Month-to-month,No,Mailed check,97.85,293.05,Yes
8612-FNDZO,Male,0,Yes,Yes,9,Yes,No,Fiber optic,No,Yes,Yes,No,No,Yes,One year,Yes,Bank transfer (automatic),90.29,826.71,Yes
5985-CJRTI,Male,0,Yes,Yes,68,Yes,No,No,No internet service,No internet service,No internet service,No internet service,No internet service,No internet service,One year,Yes,Mailed check,25.17,1630.36,No
8548-QAEEG,Female,0,No,No,39,Yes,Yes,DSL,Yes,No,Yes,Yes,No,No,Two year,Yes,Credit card (automatic),73.82,2962.33,No
6291-XMJOM,Male,0,No,No,11,Yes,Yes,Fiber optic,No,No,Yes,No,No,No,Month-to-month,Yes,Bank transfer (automatic),82.31,933.26,Yes
7453-QFSID,Female,0,No,No,71,Yes,Yes,No,No internet service,No internet service,No internet service,No internet service,No internet service,No internet service,Month-to-month,Yes,Mailed check,35.52,2484.02,Yes
2907-CHNZA,Male,0,No,No,59,No,No phone service,DSL,Yes,No,No,Yes,Yes,Yes,One year,Yes,Credit card (automatic),77.12,4496.29,No
3456-RQJXN,Female,0,No,No,19,Yes,Yes,Fiber optic,No,No,No,No,No,Yes,Month-to-month,No,Bank transfer (automatic),87.39,1603.46,Yes
3519-FJKPP,Male,1,Yes,No,58,Yes,No,Fiber optic,No,Yes,Yes,Yes,No,No,Two year,No,Electronic check,88.36,4895.56,No
6011-FVYEX,Female,0,No,No,42,Yes,Yes,DSL,No,No,Yes,Yes,No,No,Two year,No,Electronic check,68.26,2997.67,No
2081-ZAOBV,Female,0,Yes,Yes,51,Yes,Yes,DSL,Yes,Yes,No,No,Yes,Yes,Month-to-month,No,Electronic check,92.78,4558.54,Yes
7723-YJBHA,Male,0,Yes,Yes,15,Yes,No,Fiber optic,No,Yes,No,Yes,Yes,No,Month-to-month,No,Mailed check,92.4,1446.99,Yes
3783-FVAUY,Male,0,No,No,8,Yes,Yes,No,No internet service,No internet service,No internet service,No internet service,No internet service,No internet service,Month-to-month,No,Electronic check,31.12,252.24,Yes
5391-MERXI,Male,0,No,No,10,No,No phone service,DSL,Yes,Yes,No,Yes,Yes,Yes,One year,Yes,Credit card (automatic),78.61,824.38,No
2976-IFMVT,Male,1,No,No,2,Yes,No,DSL,No,No,Yes,Yes,No,No,Month-to-month,Yes,Electronic check,61.62,122.64,Yes
6612-FZVSL,Male,0,No,No,29,Yes,Yes,DSL,No,No,No,Yes,No,No,One year,No,Electronic check,65.74,1966.49,No
8815-NUWHE,Male,1,Yes,Yes,22,Yes,Yes,Fiber optic,No,No,No,Yes,Yes,No,Month-to-month,No,Mailed check,95.28,2044.67,Yes
2476-HEARS,Female,0,Yes,No,1,Yes,Yes,Fiber optic,No,Yes,Yes,No,No,No,Month-to-month,No,Bank transfer (automatic),88.16,84.35,No
2676-OCOXX,Male,0,No,No,67,Yes,Yes,No,No internet service,No internet service,No internet service,No internet service,No internet service,No internet service,One year,Yes,Mailed check,38.81,2649.57,No
4866-RMXNN,Male,0,No,No,51,No,No phone service,No,No internet service,No internet service,No internet service,No internet service,No internet service,No internet service,Two year,Yes,Electronic check,20.3,1076.01,No
6054-VIXJS,Male,0,Yes,No,26,Yes,Yes,Fiber optic,No,Yes,Yes,Yes,Yes,Yes,One year,Yes,Electronic check,115.21,2865.02,No
2198-BAWWZ,Female,0,Yes,Yes,72,Yes,Yes,Fiber optic,Yes,Yes,No,No,Yes,Yes,One year,Yes,Electronic check,109.82,7921.72,No
9609-XLGTI,Male,0,Yes,Yes,71,Yes,No,Fiber optic,Yes,Yes,Yes,Yes,Yes,No,Two year,No,Credit card (automatic),98.91,7141.8,No
1917-SAGDA,Female,0,No,No,3,Yes,No,Fiber optic,Yes,Yes,Yes,No,Yes,No,Month-to-month,No,Electronic check,95.35,291.93,Yes
3758-LOHQE,Female,0,No,No,44,No,No phone service,No,No internet service,No internet service,No internet service,No internet service,No internet service,No internet service,Month-to-month,No,Credit card (automatic),18.25,766.77,No
9307-FHZON,Female,0,Yes,Yes,63,Yes,No,DSL,No,Yes,Yes,No,No,No,Two year,Yes,Electronic check,60.53,3952.83,No
5936-ZGURB,Male,0,Yes,No,5,Yes,No,DSL,No,No,No,Yes,No,Yes,Month-to-month,Yes,Electronic check,61.57,302.42,Yes
1111-TMKZM,Female,0,Yes,No,3,Yes,Yes,No,No internet service,No internet service,No internet service,No internet service,No internet service,No internet service,Month-to-month,No,Credit card (automatic),32.84,96.5,Yes
5304-IIUXJ,Male,0,Yes,Yes,11,Yes,No,Fiber optic,No,No,No,No,No,Yes,Month-to-month,Yes,Bank transfer (automatic),78.02,820.95,Yes
6242-XVCVG,Female,0,Yes,Yes,12,Yes,No,Fiber optic,No,No,No,Yes,Yes,Yes,Month-to-month,Yes,Credit card (automatic),98.26,1189.65,Yes
3978-FHFPP,Female,0,Yes,Yes,72,Yes,No,No,No internet service,No internet service,No internet service,No internet service,No internet service,No internet service,One year,No,Electronic check,22.22,1585.53,No
1703-LIBIH,Male,0,Yes,Yes,60,Yes,Yes,Fiber optic,No,No,No,No,No,Yes,Two year,Yes,Credit card (automatic),89.0,5579.26,No
3021-FSUJW,Female,1,Yes,Yes,2,Yes,Yes,DSL,Yes,No,No,No,No,No,One year,Yes,Bank transfer (automatic),68.63,131.97,No
7668-CXXIX,Female,1,No,No,60,Yes,No,Fiber optic,No,Yes,No,No,No,Yes,Two year,Yes,Electronic check,83.46,4889.64,No
7411-SJXET,Male,0,Yes,Yes,5,Yes,No,Fiber optic,No,No,No,No,No,Yes,Month-to-month,Yes,Bank transfer (automatic),83.24,406.09,Yes
9231-HXVIN,Male,0,No,No,18,Yes,Yes,No,No internet service,No internet service,No internet service,No internet service,No internet service,No internet service,Month-to-month,No,Mailed check,38.41,722.04,Yes
3446-KDOUP,Female,0,No,No,15,Yes,No,No,No internet service,No internet service,No internet service,No internet service,No internet service,No internet service,Month-to-month,No,Mailed check,21.52,311.56,No
6155-OZJTI,Female,1,Yes,No,11,Yes,No,Fiber optic,Yes,Yes,Yes,No,No,Yes,Month-to-month,No,Credit card (automatic),97.96,1130.18,Yes
1834-QYMJQ,Female,0,Yes,Yes,14,Yes,Yes,DSL,Yes,Yes,Yes,No,No,Yes,Two year,Yes,Mailed check,85.16,1240.8,Yes
5993-ZWODF,Female,1,Yes,No,57,Yes,No,Fiber optic,No,Yes,Yes,No,Yes,No,Two year,Yes,Mailed check,93.23,5502.39,No
9886-NWOEE,Male,1,Yes,Yes,11,Yes,No,No,No internet service,No internet service,No internet service,No internet service,No internet service,No internet service,Two year,No,Electronic check,21.61,239.97,No
8649-FCTSM,Female,0,Yes,No,62,Yes,No,DSL,No,No,No,Yes,No,No,Two year,No,Mailed check,51.48,3345.48,No
6877-BZOHG,Female,0,No,No,2,Yes,No,Fiber optic,No,No,No,No,Yes,No,Month-to-month,No,Electronic check,79.32,155.32,Yes
3748-MOUHH,Male,0,No,No,42,Yes,No,DSL,Yes,No,Yes,No,Yes,Yes,One year,Yes,Bank transfer (automatic),82.57,3412.83,No
7085-KSPHA,Male,0,Yes,No,67,Yes,Yes,No,No internet service,No internet service,No internet service,No internet service,No internet service,No internet service,Two year,No,Mailed check,31.55,2158.78,No
6891-YMTQW,Female,0,No,No,2,Yes,Yes,No,No internet service,No internet service,No internet service,No internet service,No internet service,No internet service,Month-to-month,No,Bank transfer (automatic),34.84,70.93,No
4622-UZNGX,Female,0,Yes,Yes,46,Yes,No,Fiber optic,Yes,Yes,Yes,No,No,Yes,Two year,No,Credit card (automatic),96.36,4581.35,No
6679-YURCT,Female,0,Yes,No,33,Yes,No,Fiber optic,No,Yes,No,Yes,No,No,Month-to-month,Yes,Bank transfer (automatic),79.79,2697.76,Yes
9504-ZYVSA,Male,0,No,No,16,Yes,Yes,Fiber optic,No,Yes,No,Yes,Yes,No,Month-to-month,Yes,Electronic check,97.28,1582.82,Yes
9495-XCVIH,Male,0,Yes,No,3,Yes,No,No,No internet service,No internet service,No internet service,No internet service,No internet service,No internet service,Month-to-month,Yes,Mailed check,23.54,72.78,No
9971-AZLYF,Female,1,No,Yes,50,Yes,No,No,No internet service,No internet service,No internet service,No internet service,No internet service,No internet service,One year,No,Electronic check,23.29,1221.17,No
2231-SXXHF,Female,0,No,No,15,Yes,No,Fiber optic,No,No,Yes,No,No,Yes,Month-to-month,Yes,Credit card (automatic),81.36,1234.0,Yes
6665-SIHLO,Male,0,No,No,17,Yes,No,DSL,Yes,Yes,Yes,No,Yes,Yes,Month-to-month,Yes,Mailed check,82.98,1413.43,No
6089-SNCWX,Female,0,Yes,No,54,Yes,Yes,Fiber optic,No,No,No,No,Yes,No,Two year,No,Mailed check,92.04,4796.96,No
8833-VGBFG,Female,0,No,No,71,Yes,Yes,Fiber optic,No,No,No,No,No,Yes,Month-to-month,Yes,Credit card (automatic),90.57,6363.52,No
1786-QLALQ,Female,1,Yes,Yes,16,Yes,Yes,No,No internet service,No internet service,No internet service,No internet service,No internet service,No internet service,Two year,No,Mailed check,35.6,572.59,No
6728-AGVEN,Female,0,No,Yes,57,No,No phone service,No,No internet service,No internet service,No internet service,No internet service,No internet service,No internet service,Two year,Yes,Electronic check,18.25,993.15,No
3620-WBRRK,Male,0,No,No,71,Yes,Yes,Fiber optic,No,No,No,No,Yes,Yes,One year,Yes,Credit card (automatic),98.63,7329.21,No
9847-MSIOF,Female,0,Yes,Yes,3,Yes,No,Fiber optic,Yes,Yes,Yes,No,No,Yes,One year,Yes,Electronic check,96.23,276.69,Yes
7998-GIAZF,Male,0,No,Yes,35,Yes,Yes,No,No internet service,No internet service,No internet service,No internet service,No internet service,No internet service,Month-to-month,Yes,Mailed check,32.91,1209.16,No
3575-CTNCA,Female,0,Yes,No,1,Yes,No,Fiber optic,No,No,Yes,No,No,Yes,Month-to-month,No,Bank transfer (automatic),88.24,86.0,Yes
8756-VNIII,Male,0,Yes,No,64,Yes,No,Fiber optic,No,No,Yes,No,Yes,No,Month-to-month,No,Electronic check,87.08,5697.23,Yes
1831-IMZFC,Female,0,Yes,No,13,Yes,No,DSL,No,No,No,No,Yes,Yes,Two year,No,Mailed check,66.18,858.84,No
5031-VDRGK,Female,0,Yes,No,16,Yes,No,DSL,Yes,Yes,Yes,Yes,No,Yes,One year,Yes,Electronic check,81.6,1247.53,No
8944-LJJRL,Female,0,No,No,51,Yes,Yes,Fiber optic,No,Yes,No,No,No,Yes,Month-to-month,Yes,Electronic check,91.42,4531.93,Yes
9934-IWFSN,Female,0,Yes,Yes,61,Yes,Yes,DSL,Yes,No,No,No,Yes,Yes,Two year,No,Credit card (automatic),81.15,5179.41,No
6585-KZFLV,Male,0,No,No,22,Yes,No,DSL,No,No,No,Yes,Yes,No,Month-to-month,Yes,Electronic check,66.83,1473.56,No
1495-TQEZG,Female,0,No,No,49,Yes,No,Fiber optic,No,No,No,Yes,Yes,No,Month-to-month,No,Bank transfer (automatic),84.41,4269.32,No
2087-YWREE,Male,0,No,No,71,Yes,Yes,Fiber optic,Yes,Yes,No,No,No,Yes,Two year,No,Electronic check,100.33,7411.14,No
1855-USGWI,Male,0,Yes,Yes,70,Yes,Yes,Fiber optic,Yes,No,Yes,No,Yes,Yes,Two year,Yes,Mailed check,109.33,7286.43,No
1895-BRUAX,Female,1,No,No,52,Yes,No,No,No internet service,No internet service,No internet service,No internet service,No internet service,No internet service,Month-to-month,Yes,Bank transfer (automatic),24.25,1288.97,No
8114-WNYTO,Female,1,No,No,71,Yes,Yes,Fiber optic,No,Yes,Yes,No,No,Yes,Month-to-month,Yes,Mailed check,98.23,6919.32,No
5080-SRAYX,Female,0,No,No,69,Yes,No,Fiber optic,No,Yes,Yes,No,No,Yes,Two year,Yes,Mailed check,93.62,6206.58,No
3794-JCVXJ,Female,0,Yes,No,55,No,No phone service,Fiber optic,No,No,No,No,Yes,No,Two year,Yes,Credit card (automatic),71.42,3910.55,No
6959-AZSKQ,Female,0,No,No,70,Yes,Yes,Fiber optic,No,No,No,No,No,No,Two year,Yes,Electronic check,81.18,5935.44,No
4810-AQZXP,Female,1,No,No,63,Yes,No,Fiber optic,No,No,Yes,Yes,Yes,No,Two year,No,Bank transfer (automatic),89.67,5633.9,No
8812-UNDWJ,Female,0,No,No,32,Yes,No,No,No internet service,No internet service,No internet service,No internet service,No internet service,No internet service,One year,Yes,Electronic check,25.24,786.11,No
7451-NZHBH,Female,1,No,No,32,Yes,Yes,Fiber optic,Yes,Yes,Yes,No,No,No,Month-to-month,Yes,Credit card (automatic),92.01,2937.99,No
1791-LROLP,Male,0,Yes,No,1,Yes,Yes,No,No internet service,No internet service,No internet service,No internet service,No internet service,No internet service,Two year,Yes,Bank transfer (automatic),31.88,31.76,No
6310-MPVUC,Female,0,Yes,Yes,1,Yes,Yes,Fiber optic,No,Yes,No,No,No,Yes,Month-to-month,No,Credit card (automatic),91.72,89.87,Yes
4426-HCNMM,Female,0,Yes,No,57,Yes,Yes,No,No internet service,No internet service,No internet service,No internet service,No internet service,No internet service,Two year,No,Bank transfer (automatic),32.18,1835.16,No
1907-IKEZG,Male,0,Yes,No,38,Yes,No,DSL,No,Yes,No,Yes,Yes,Yes,One year,Yes,Electronic check,82.75,3160.37,No
2798-CWHUA,Male,0,Yes,No,58,Yes,Yes,DSL,Yes,Yes,Yes,No,Yes,No,Two year,Yes,Bank transfer (automatic),81.72,4626.97,No
1093-SGECY,Female,1,Yes,No,71,No,No phone service,DSL,No,No,No,No,Yes,Yes,Month-to-month,Yes,Mailed check,62.96,4690.36,No
4238-IFSPO,Male,0,No,No,27,Yes,No,Fiber optic,No,No,No,No,Yes,Yes,Two year,Yes,Mailed check,91.93,2449.44,No
6393-DYNRZ,Male,0,No,No,2,Yes,Yes,Fiber optic,Yes,No,No,Yes,Yes,No,Month-to-month,No,Mailed check,103.05,210.47,Yes
7906-TKEFC,Male,0,Yes,Yes,45,Yes,No,Fiber optic,No,No,No,No,Yes,Yes,One year,No,Bank transfer (automatic),86.33,4049.2,No
1954-KFFGP,Male,0,Yes,Yes,3,Yes,Yes,DSL,No,Yes,No,No,No,No,Month-to-month,Yes,Mailed check,67.54,195.74,Yes
1249-BVVCR,Female,0,Yes,No,45,Yes,No,DSL,No,Yes,No,No,Yes,Yes,One year,Yes,Mailed check,76.43,3320.79,No
7061-NBHSJ,Male,0,No,No,35,Yes,No,No,No internet service,No internet service,No internet service,No internet service,No internet service,No internet service,Month-to-month,Yes,Credit card (automatic),22.66,784.95,No
3711-VZBPF,Male,0,No,No,53,Yes,No,DSL,No,Yes,No,No,No,No,Two year,No,Bank transfer (automatic),52.6,2877.15,No
7671-TZPFM,Female,0,Yes,No,18,Yes,Yes,No,No internet service,No internet service,No internet service,No internet service,No internet service,No internet service,One year,No,Electronic check,36.99,675.06,No
2883-VOSUX,Male,0,No,No,4,Yes,Yes,Fiber optic,No,Yes,Yes,No,No,Yes,Month-to-month,No,Electronic check,99.98,398.03,Yes
3504-ZLPAH,Female,1,Yes,No,9,Yes,Yes,No,No internet service,No internet service,No internet service,No internet service,No internet service,No internet service,Month-to-month,Yes,Bank transfer (automatic),34.79,311.09,No
1209-XDZJA,Female,0,No,No,51,Yes,Yes,DSL,No,No,Yes,No,Yes,No,One year,Yes,Bank transfer (automatic),78.05,4016.59,No
6733-XNQYS,Female,0,No,No,30,Yes,No,Fiber optic,No,No,No,Yes,Yes,Yes,One year,Yes,Mailed check,97.08,2842.48,No
2353-PFUFI,Female,0,No,No,36,Yes,Yes,Fiber optic,No,No,No,No,No,No,Two year,Yes,Mailed check,77.07,2865.37,No
4027-BZYDY,Male,0,Yes,Yes,16,Yes,No,Fiber optic,No,Yes,No,Yes,Yes,Yes,One year,Yes,Bank transfer (automatic),99.82,1567.89,No
9376-TRKIP,Male,0,No,No,65,Yes,Yes,Fiber optic,No,No,No,No,No,No,Two year,No,Electronic check,76.48,5015.09,No
3037-BUCWD,Male,0,Yes,No,72,Yes,No,Fiber optic,No,No,No,Yes,No,No,One year,Yes,Electronic check,77.9,5351.9,No
6656-HUBVH,Male,0,No,No,15,Yes,No,Fiber optic,No,No,No,Yes,No,No,Month-to-month,Yes,Electronic check,75.0,1111.21,Yes
8426-VFBWL,Male,0,Yes,No,54,Yes,Yes,No,No internet service,No internet service,No internet service,No internet service,No internet service,No internet service,One year,Yes,Electronic check,31.94,1756.64,No
4847-JCMQE,Male,0,No,No,5,No,No phone service,DSL,No,Yes,Yes,No,No,No,Month-to-month,Yes,Bank transfer (automatic),56.45,271.04,Yes
7731-YNOPV,Female,0,No,No,56,Yes,Yes,DSL,No,No,Yes,No,No,No,Two year,Yes,Electronic check,64.29,3698.23,No
1904-VULWA,Male,0,No,No,25,Yes,No,Fiber optic,Yes,No,No,Yes,No,Yes,Month-to-month,Yes,Electronic check,89.01,2169.4,No
1271-OCYTE,Male,0,No,No,43,Yes,No,No,No internet service,No internet service,No internet service,No internet service,No internet service,No internet service,Two year,Yes,Bank transfer (automatic),21.27,951.23,No
9164-AASBU,Male,0,No,No,9,Yes,No,Fiber optic,No,No,No,No,Yes,Yes,Month-to-month,Yes,Mailed check,87.45,778.53,Yes
4859-SHTHZ,Male,0,Yes,Yes,66,Yes,No,Fiber optic,Yes,No,No,No,No,No,One year,No,Mailed check,78.15,5297.71,No
9077-ISZBK,Female,0,No,No,5,Yes,No,DSL,No,No,No,Yes,Yes,No,Month-to-month,No,Mailed check,61.65,311.26,Yes
7336-IIVZQ,Female,0,No,No,71,Yes,Yes,No,No internet service,No internet service,No internet service,No internet service,No internet service,No internet service,One year,Yes,Bank transfer (automatic),38.21,2690.73,No
3810-UPIMS,Female,0,No,No,2,Yes,Yes,DSL,No,Yes,Yes,Yes,No,No,Month-to-month,Yes,Credit card (automatic),75.91,150.7,Yes
5038-JIDPJ,Female,0,No,No,13,Yes,No,DSL,No,Yes,Yes,No,No,Yes,One year,Yes,Mailed check,67.2,832.95,Yes
5021-ONSED,Female,0,No,No,39,Yes,Yes,DSL,No,No,No,No,No,Yes,Two year,Yes,Electronic check,71.57,2846.17,No
6471-YXIDQ,Female,0,No,Yes,67,Yes,Yes,DSL,No,No,Yes,No,No,No,Two year,Yes,Credit card (automatic),62.47,4326.5,No
4186-RFWJG,Male,0,No,No,40,Yes,Yes,No,No internet service,No internet service,No internet service,No internet service,No internet service,No internet service,One year,Yes,Mailed check,32.43,1259.99,No
7587-ADZFV,Male,0,Yes,Yes,8,Yes,No,DSL,Yes,Yes,Yes,Yes,Yes,Yes,Two year,No,Electronic check,91.16,752.59,No
3000-EEFCU,Female,0,No,No,67,Yes,Yes,DSL,No,No,Yes,Yes,No,Yes,Two year,No,Electronic check,83.86,5757.15,No
8537-BTVUO,Male,1,Yes,No,42,Yes,Yes,DSL,No,No,No,Yes,Yes,No,One year,Yes,Mailed check,74.09,3230.49,No
6575-KHLJW,Male,0,Yes,Yes,9,Yes,Yes,No,No internet service,No internet service,No internet service,No internet service,No internet service,No internet service,Month-to-month,No,Mailed check,31.94,299.27,Yes
8124-MTLDH,Male,0,Yes,No,39,Yes,No,DSL,No,No,No,No,Yes,No,Month-to-month,No,Electronic check,63.48,2414.78,No
9655-RQGSW,Male,0,Yes,No,50,No,No phone service,Fiber optic,No,No,No,No,Yes,Yes,One year,No,Bank transfer (automatic),82.53,3979.78,No
1900-ASJUM,Female,0,Yes,No,51,Yes,No,No,No internet service,No internet service,No internet service,No internet service,No internet service,No internet service,One year,Yes,Bank transfer (automatic),28.88,1529.09,No
9444-FVCJA,Male,0,Yes,Yes,55,Yes,Yes,DSL,No,No,No,No,Yes,Yes,Two year,Yes,Bank transfer (automatic),80.17,4538.05,No
2436-HVATU,Male,0,Yes,No,70,Yes,Yes,DSL,No,No,Yes,No,Yes,Yes,One year,No,Mailed check,88.15,5878.31,No
3050-RLXXS,Male,0,No,No,64,Yes,No,DSL,Yes,No,No,Yes,Yes,Yes,Two year,No,Mailed check,77.96,5107.63,No
8664-BVNTG,Female,0,Yes,No,43,Yes,Yes,Fiber optic,Yes,Yes,Yes,No,Yes,Yes,One year,Yes,Bank transfer (automatic),117.29,4961.06,Yes
6812-NROJX,Female,0,Yes,Yes,1,Yes,No,Fiber optic,No,Yes,Yes,No,Yes,No,Month-to-month,Yes,Mailed check,92.76,92.1,Yes
2988-RZTIQ,Male,0,Yes,Yes,57,Yes,Yes,No,No internet service,No internet service,No internet service,No internet service,No internet service,No internet service,One year,No,Bank transfer (automatic),32.21,1855.05,No
8275-QKDSB,Female,0,Yes,Yes,72,Yes,No,Fiber optic,Yes,No,Yes,No,No,No,Two year,Yes,Credit card (automatic),78.17,5884.51,No
5719-EBWZZ,Male,0,No,No,14,No,No phone service,No,No internet service,No internet service,No internet service,No internet service,No internet service,No internet service,One year,Yes,Bank transfer (automatic),18.25,245.43,Yes
7486-CYVHX,Female,0,No,Yes,43,Yes,No,Fiber optic,Yes,No,No,No,No,Yes,One year,No,Bank transfer (automatic),87.78,3590.47,No
4774-DXMIC,Female,0,No,No,59,Yes,No,Fiber optic,No,No,Yes,No,No,Yes,Two year,Yes,Credit card (automatic),87.7,5254.29,No
1039-ZZSGW,Female,0,Yes,No,47,Yes,Yes,Fiber optic,No,No,Yes,No,No,Yes,Month-to-month,Yes,Credit card (automatic),94.54,4222.98,No
8367-GFPTP,Male,0,Yes,Yes,70,Yes,Yes,DSL,No,No,Yes,Yes,No,Yes,Month-to-month,Yes,Bank transfer (automatic),82.57,6065.24,No
3449-OYNIE,Male,0,Yes,No,29,Yes,No,No,No internet service,No internet service,No internet service,No internet service,No internet service,No internet service,One year,No,Mailed check,28.47,790.09,No
2026-ZCRKF,Male,0,No,No,35,Yes,No,No,No internet service,No internet service,No internet service,No internet service,No internet service,No internet service,Two year,No,Mailed check,26.94,940.4,No
3425-DWXNV,Male,0,No,No,1,Yes,Yes,No,No internet service,No internet service,No internet service,No internet service,No internet service,No internet service,Month-to-month,Yes,Bank transfer (automatic),32.1,32.03,Yes
1947-IOUND,Male,0,No,No,70,Yes,Yes,DSL,No,No,No,Yes,Yes,No,One year,Yes,Credit card (automatic),77.55,5297.57,No
9498-OYOFI,Male,0,Yes,No,11,Yes,No,Fiber optic,No,No,Yes,No,Yes,Yes,One year,No,Electronic check,91.12,958.27,Yes
6599-QGNZK,Male,0,Yes,Yes,72,Yes,No,Fiber optic,No,Yes,No,Yes,No,Yes,Month-to-month,No,Bank transfer (automatic),87.8,6478.9,No
6641-JGRAG,Female,0,Yes,Yes,7,Yes,Yes,DSL,No,No,Yes,No,Yes,Yes,Month-to-month,Yes,Mailed check,83.93,609.61,Yes
1878-QKVED,Male,0,No,Yes,10,Yes,No,DSL,No,Yes,Yes,Yes,No,No,Month-to-month,No,Bank transfer (automatic),61.34,602.17,No
9808-GDZUR,Female,0,Yes,No,30,Yes,Yes,Fiber optic,Yes,No,Yes,No,No,Yes,Two year,Yes,Mailed check,96.38,2990.19,No
7524-QGKRA,Female,1,Yes,No,49,Yes,No,Fiber optic,No,No,Yes,No,Yes,Yes,One year,Yes,Electronic check,91.47,4666.36,No
4796-GEYSY,Female,1,No,No,26,Yes,Yes,Fiber optic,No,Yes,No,No,No,Yes,Month-to-month,Yes,Mailed check,97.33,2651.73,Yes
3093-BCIKK,Female,0,No,No,18,Yes,Yes,DSL,Yes,Yes,Yes,No,No,Yes,Two year,Yes,Credit card (automatic),81.79,1501.57,No
7166-OKJTO,Female,0,Yes,No,36,Yes,No,Fiber optic,No,No,No,Yes,No,Yes,One year,No,Electronic check,84.71,3028.94,No
8411-HNDTN,Female,0,Yes,No,71,Yes,Yes,DSL,No,No,No,Yes,No,Yes,One year,Yes,Credit card (automatic),77.06,5660.42,No
1977-HFONO,Male,1,No,Yes,71,No,No phone service,DSL,Yes,Yes,No,No,No,No,Two year,Yes,Electronic check,58.36,4125.3,No
1554-RMNLO,Female,0,No,No,16,Yes,Yes,DSL,Yes,Yes,No,No,No,No,One year,No,Mailed check,71.92,1183.19,No
5616-UKCEJ,Female,0,No,No,51,Yes,No,Fiber optic,No,No,No,No,No,Yes,Month-to-month,No,Bank transfer (automatic),80.82,4291.81,No
3569-XPKLP,Male,0,Yes,No,54,Yes,No,Fiber optic,No,Yes,Yes,No,No,Yes,One year,Yes,Bank transfer (automatic),88.1,4824.87,No
3466-KAWMO,Male,0,No,No,48,Yes,No,Fiber optic,No,Yes,Yes,Yes,No,Yes,Month-to-month,No,Electronic check,96.9,4753.84,No
9191-ZOAXW,Female,0,No,No,3,No,No phone service,DSL,No,No,No,No,Yes,No,Two year,No,Electronic check,51.3,157.75,No
5925-AQPIY,Female,1,No,No,36,No,No phone service,DSL,Yes,Yes,No,No,No,Yes,One year,No,Mailed check,67.49,2506.75,No
8574-TBYYO,Female,1,Yes,Yes,58,Yes,No,Fiber optic,No,No,Yes,No,No,Yes,Month-to-month,Yes,Credit card (automatic),82.17,4691.01,No
5063-FOPDH,Male,1,Yes,No,7,Yes,No,No,No internet service,No internet service,No internet service,No internet service,No internet service,No internet service,Month-to-month,Yes,Electronic check,25.75,187.56,Yes
7748-ELIIQ,Female,0,Yes,No,18,Yes,No,Fiber optic,No,No,No,Yes,Yes,No,Month-to-month,No,Mailed check,87.75,1641.57,Yes
6049-EKUMT,Male,0,No,No,7,Yes,No,DSL,Yes,No,Yes,Yes,Yes,Yes,Month-to-month,Yes,Mailed check,88.07,632.6,Yes
2792-NEUZN,Female,0,Yes,No,70,Yes,Yes,No,No internet service,No internet service,No internet service,No internet service,No internet service,No internet service,Month-to-month,Yes,Bank transfer (automatic),35.27,2348.03,No
8607-TPTMB,Male,0,Yes,Yes,67,No,No phone service,DSL,No,Yes,No,Yes,No,No,Month-to-month,Yes,Bank transfer (automatic),53.88,3647.95,No
2353-KFDXL,Female,0,Yes,Yes,5,Yes,Yes,Fiber optic,No,No,No,Yes,No,Yes,Month-to-month,Yes,Electronic check,96.8,500.88,Yes
3564-VMDRF,Male,0,No,No,58,No,No phone service,DSL,Yes,No,Yes,No,Yes,No,One year,No,Electronic check,68.3,4094.96,No
7349-DDTTS,Male,0,No,Yes,19,Yes,Yes,No,No internet service,No internet service,No internet service,No internet service,No internet service,No internet service,Month-to-month,Yes,Credit card (automatic),31.4,617.97,Yes
8371-FRHUO,Male,0,No,No,51,Yes,No,DSL,No,Yes,No,No,No,No,One year,No,Mailed check,54.23,2877.86,No
4038-ZBKAR,Male,0,No,Yes,31,No,No phone service,DSL,Yes,No,No,No,No,Yes,One year,Yes,Electronic check,58.73,1894.54,No
7054-IYYXF,Female,1,No,No,29,Yes,No,Fiber optic,No,No,No,No,Yes,No,One year,Yes,Electronic check,80.31,2415.2,No
4893-IXXAY,Male,0,Yes,Yes,69,Yes,No,Fiber optic,Yes,No,Yes,Yes,Yes,No,Month-to-month,Yes,Electronic check,94.29,6255.79,No
4008-QZMNA,Male,0,No,No,46,Yes,Yes,Fiber optic,No,No,No,No,Yes,Yes,One year,No,Electronic check,96.53,4354.64,No
5681-XMSGP,Male,1,Yes,No,9,Yes,No,DSL,Yes,No,Yes,Yes,Yes,Yes,Month-to-month,Yes,Credit card (automatic),82.0,703.3,No
2084-PFANJ,Female,0,Yes,Yes,3,Yes,No,Fiber optic,No,No,No,No,No,No,Month-to-month,No,Mailed check,66.0,195.54,No
4197-YWQNX,Male,0,Yes,Yes,71,Yes,Yes,Fiber optic,No,No,No,Yes,Yes,Yes,Two year,Yes,Mailed check,107.9,7874.01,No
7841-WTDXX,Male,0,Yes,Yes,4,Yes,Yes,No,No internet service,No internet service,No internet service,No internet service,No internet service,No internet service,Month-to-month,Yes,Electronic check,37.67,146.78,Yes
5064-NXJCK,Female,0,Yes,No,56,Yes,No,No,No internet service,No internet service,No internet service,No internet service,No internet service,No internet service,One year,Yes,Mailed check,25.83,1408.35,No
9512-VOHAR,Female,0,Yes,No,32,Yes,No,Fiber optic,No,Yes,Yes,Yes,Yes,Yes,Month-to-month,No,Bank transfer (automatic),103.44,3160.24,Yes
9475-AQMDG,Female,1,No,No,3,No,No phone service,Fiber optic,Yes,No,Yes,No,No,No,Month-to-month,Yes,Mailed check,74.74,226.23,Yes
7396-AZZWZ,Female,0,Yes,Yes,59,Yes,Yes,Fiber optic,No,Yes,No,No,Yes,Yes,Two year,No,Credit card (automatic),106.31,6398.96,No
8281-VTOGM,Male,0,Yes,Yes,70,Yes,Yes,Fiber optic,No,No,No,No,Yes,Yes,Month-to-month,Yes,Bank transfer (automatic),102.12,6825.92,Yes
4992-FXRWF,Female,0,No,No,3,Yes,No,Fiber optic,No,No,No,No,No,Yes,Month-to-month,Yes,Bank transfer (automatic),78.59,233.28,Yes
5433-DDXMW,Female,0,No,No,2,Yes,Yes,Fiber optic,No,Yes,No,No,No,Yes,Month-to-month,Yes,Bank transfer (automatic),93.79,189.66,No
5037-CYBWV,Female,0,No,No,66,No,No phone service,Fiber optic,No,Yes,Yes,No,Yes,Yes,Two year,Yes,Credit card (automatic),98.36,6753.19,No
1321-PYJRG,Male,0,No,No,32,Yes,Yes,DSL,Yes,Yes,Yes,No,Yes,Yes,Month-to-month,Yes,Mailed check,92.85,2866.88,No
8332-ITCWH,Female,0,No,No,50,Yes,No,Fiber optic,No,No,Yes,No,No,Yes,Two year,Yes,Credit card (automatic),86.25,4402.07,No
9909-FVIQH,Male,0,No,No,26,Yes,Yes,No,No internet service,No internet service,No internet service,No internet service,No internet service,No internet service,One year,No,Credit card (automatic),38.42,974.86,No
2141-QUPQA,Female,0,No,Yes,23,Yes,Yes,DSL,No,Yes,Yes,No,No,Yes,Month-to-month,No,Bank transfer (automatic),81.22,1880.04,Yes
1078-NSSZN,Male,0,Yes,Yes,14,Yes,No,No,No internet service,No internet service,No internet service,No internet service,No internet service,No internet service,Month-to-month,No,Electronic check,23.38,332.98,Yes
2379-HAORA,Male,0,Yes,Yes,39,Yes,No,DSL,No,No,Yes,Yes,No,Yes,One year,Yes,Bank transfer (automatic),68.35,2534.34,No
6468-ILCTQ,Female,0,Yes,No,5,Yes,No,Fiber optic,No,No,No,No,No,Yes,Month-to-month,Yes,Electronic check,81.2,392.12,Yes
5345-GDURH,Male,0,No,No,54,Yes,No,DSL,Yes,No,No,Yes,No,Yes,One year,No,Bank transfer (automatic),68.53,3774.52,No
7079-QTXMC,Female,0,No,No,37,Yes,Yes,Fiber optic,Yes,No,No,No,No,Yes,One year,Yes,Mailed check,97.01,3480.36,No
1985-MVHWE,Female,1,Yes,Yes,66,Yes,Yes,No,No internet service,No internet service,No internet service,No internet service,No internet service,No internet service,One year,Yes,Bank transfer (automatic),38.76,2638.23,No
6182-IWHKO,Female,0,Yes,Yes,70,Yes,Yes,Fiber optic,No,No,Yes,No,No,Yes,Two year,Yes,Mailed check,97.2,6950.02,No
7868-XLJVG,Male,1,Yes,Yes,70,Yes,Yes,DSL,No,Yes,Yes,Yes,No,Yes,Two year,No,Credit card (automatic),87.1,6307.71,No
2868-BYGTD,Female,0,No,Yes,43,Yes,No,No,No internet service,No internet service,No internet service,No internet service,No internet service,No internet service,Two year,Yes,Bank transfer (automatic),23.12,1015.68,No
2813-HIXAM,Female,1,No,No,15,Yes,No,Fiber optic,No,No,No,No,Yes,No,One year,No,Credit card (automatic),81.64,1247.31,Yes
3928-BTWIU,Male,0,Yes,No,18,Yes,Yes,Fiber optic,No,Yes,No,Yes,Yes,No,Month-to-month,No,Electronic check,101.97,1897.66,Yes
3504-GZUXO,Female,0,Yes,Yes,48,Yes,No,Fiber optic,No,No,Yes,No,Yes,No,Two year,No,Credit card (automatic),87.79,4180.23,No
1008-VWGPI,Male,1,No,No,53,Yes,No,DSL,No,No,No,Yes,Yes,Yes,One year,No,Mailed check,77.21,4252.48,No
6971-UZOFR,Male,0,No,No,5,Yes,Yes,Fiber optic,No,No,No,Yes,No,Yes,Month-to-month,No,Credit card (automatic),94.01,492.91,Yes
3415-OYJNJ,Female,1,No,No,72,Yes,No,DSL,No,Yes,No,Yes,Yes,Yes,Two year,No,Mailed check,79.43,5867.6,No
3618-SPSFL,Female,0,Yes,No,3,Yes,No,DSL,No,No,Yes,Yes,Yes,Yes,Month-to-month,Yes,Bank transfer (automatic),83.48,244.07,No
1603-WSIUX,Male,0,Yes,Yes,43,Yes,No,Fiber optic,Yes,Yes,Yes,No,No,No,Month-to-month,Yes,Credit card (automatic),84.12,3591.04,Yes
2601-AGTKW,Male,0,Yes,No,35,Yes,No,DSL,Yes,Yes,Yes,Yes,Yes,No,Month-to-month,Yes,Mailed check,79.57,2761.05,No
4872-WLKXH,Female,0,No,No,42,No,No phone service,DSL,Yes,No,Yes,No,Yes,Yes,Month-to-month,Yes,Mailed check,71.46,3008.92,Yes
9584-LBFEE,Male,0,No,No,36,Yes,No,Fiber optic,Yes,Yes,Yes,No,Yes,Yes,Two year,No,Bank transfer (automatic),106.92,3919.33,No
3995-ZILDM,Male,1,Yes,No,2,Yes,No,Fiber optic,Yes,No,Yes,No,Yes,Yes,Month-to-month,Yes,Electronic check,98.71,187.77,Yes
3911-GTIAH,Female,0,No,No,72,Yes,Yes,DSL,No,Yes,No,No,No,Yes,Two year,No,Mailed check,72.06,5038.77,No
4956-ZVLWM,Male,0,Yes,Yes,72,Yes,Yes,Fiber optic,No,Yes,No,No,No,No,One year,Yes,Electronic check,88.46,6456.05,No
7343-XUPYB,Female,0,No,No,35,Yes,Yes,Fiber optic,Yes,No,No,No,Yes,Yes,Month-to-month,Yes,Bank transfer (automatic),104.77,3609.59,Yes
8786-YGQAV,Male,0,Yes,No,8,Yes,No,Fiber optic,No,No,No,Yes,Yes,Yes,Month-to-month,Yes,Credit card (automatic),93.07,724.3,Yes
2696-RFBOZ,Female,0,Yes,Yes,6,Yes,No,No,No internet service,No internet service,No internet service,No internet service,No internet service,No internet service,Month-to-month,Yes,Electronic check,23.35,143.07,Yes
3927-JAWKQ,Male,0,No,No,2,Yes,No,No,No internet service,No internet service,No internet service,No internet service,No internet service,No internet service,Month-to-month,Yes,Mailed check,28.32,58.51,Yes
9614-CPSTP,Female,0,No,No,44,Yes,Yes,DSL,No,Yes,No,Yes,No,No,Two year,No,Credit card (automatic),70.45,3227.43,No
7594-DFLSJ,Male,0,No,No,30,No,No phone service,Fiber optic,No,No,Yes,No,No,Yes,One year,Yes,Bank transfer (automatic),80.47,2508.41,No
5734-NYUCF,Female,0,No,No,23,Yes,No,Fiber optic,No,No,No,Yes,Yes,Yes,One year,No,Credit card (automatic),91.77,2154.73,Yes
8456-CRLCZ,Female,0,Yes,Yes,35,Yes,No,Fiber optic,Yes,No,No,Yes,No,Yes,Month-to-month,Yes,Bank transfer (automatic),88.48,3235.48,Yes
8673-CTJTR,Female,0,Yes,No,68,Yes,Yes,DSL,No,No,No,No,No,Yes,Two year,Yes,Mailed check,70.84,5017.88,No
3793-MOLEE,Male,0,No,No,2,Yes,No,DSL,No,No,Yes,No,Yes,No,Month-to-month,Yes,Electronic check,62.13,120.57,Yes
9445-CPYCY,Female,0,No,No,37,Yes,No,DSL,Yes,Yes,Yes,No,No,No,One year,Yes,Credit card (automatic),65.67,2359.63,No
8906-ZRVET,Male,0,Yes,Yes,52,Yes,Yes,Fiber optic,No,Yes,No,No,Yes,No,Month-to-month,Yes,Bank transfer (automatic),92.24,4775.5,No
7508-BMXCO,Female,0,No,No,72,No,No phone service,DSL,Yes,Yes,Yes,Yes,Yes,Yes,One year,Yes,Mailed check,85.02,6019.19,No
4201-QFISE,Male,0,No,No,56,Yes,Yes,Fiber optic,Yes,No,Yes,No,No,Yes,Month-to-month,Yes,Bank transfer (automatic),99.49,5832.02,Yes
4588-MNDQI,Male,1,Yes,No,37,Yes,No,DSL,Yes,No,No,Yes,Yes,No,One year,No,Credit card (automatic),68.07,2576.82,No
6039-BHKRC,Male,0,Yes,No,59,No,No phone service,No,No internet service,No internet service,No internet service,No internet service,No internet service,No internet service,Month-to-month,Yes,Electronic check,19.27,1123.78,Yes
6160-MQOMU,Female,0,Yes,No,72,Yes,No,Fiber optic,Yes,No,Yes,No,No,No,One year,Yes,Bank transfer (automatic),81.91,5732.24,No
6083-FODUK,Female,0,Yes,No,70,Yes,No,DSL,No,No,Yes,No,No,Yes,One year,Yes,Mailed check,63.49,4567.37,No
6577-CXDPH,Male,0,No,No,2,Yes,No,DSL,No,No,Yes,Yes,Yes,Yes,Month-to-month,Yes,Bank transfer (automatic),79.21,161.05,Yes
1590-THQLU,Female,0,Yes,Yes,40,Yes,No,Fiber optic,Yes,No,Yes,Yes,Yes,Yes,One year,No,Bank transfer (automatic),105.9,4295.01,No
6983-NIUWO,Female,0,Yes,Yes,60,Yes,Yes,DSL,No,Yes,No,No,No,Yes,Month-to-month,No,Electronic check,77.49,4827.59,No
9080-OJOOW,Female,0,No,No,50,Yes,No,DSL,Yes,Yes,Yes,No,No,No,Month-to-month,No,Credit card (automatic),63.61,3103.63,No
9689-FIFRQ,Male,0,No,No,23,Yes,No,DSL,No,No,Yes,Yes,No,No,Month-to-month,Yes,Mailed check,57.49,1275.74,No
9234-PWFNR,Female,0,No,No,16,Yes,Yes,No,No internet service,No internet service,No internet service,No internet service,No internet service,No internet service,Month-to-month,Yes,Bank transfer (automatic),38.82,644.35,Yes
1715-UQWJS,Female,0,Yes,Yes,45,Yes,Yes,Fiber optic,Yes,Yes,No,No,No,No,One year,Yes,Bank transfer (automatic),86.15,3694.65,No
1256-EHDSE,Male,0,No,No,23,Yes,Yes,DSL,No,No,Yes,No,Yes,No,One year,Yes,Mailed check,75.78,1828.31,No
1874-YUDRA,Female,0,No,No,21,Yes,No,DSL,Yes,No,Yes,No,Yes,Yes,Month-to-month,Yes,Electronic check,79.18,1621.61,Yes
8024-MMZUB,Male,0,Yes,Yes,65,Yes,Yes,Fiber optic,No,Yes,Yes,Yes,Yes,Yes,Two year,No,Bank transfer (automatic),111.05,7239.85,No
6484-VAYVV,Female,0,No,No,15,Yes,Yes,DSL,No,No,Yes,No,No,Yes,Two year,Yes,Electronic check,74.75,1166.84,No
3369-SAKYJ,Female,0,Yes,No,47,Yes,No,DSL,Yes,No,No,Yes,Yes,Yes,One year,No,Credit card (automatic),80.92,3763.21,No
8849-ZRYSH,Male,0,No,No,68,Yes,Yes,DSL,No,No,Yes,No,No,Yes,Two year,Yes,Bank transfer (automatic),77.49,5154.8,No
5379-DJKUF,Male,0,No,No,45,Yes,No,DSL,No,Yes,No,No,No,Yes,Two year,No,Credit card (automatic),63.68,2728.59,No
1870-EUZET,Male,1,No,No,31,Yes,Yes,No,No internet service,No internet service,No internet service,No internet service,No internet service,No internet service,Month-to-month,Yes,Mailed check,38.34,1235.89,Yes
4991-BBBJW,Male,0,Yes,No,1,Yes,No,DSL,Yes,Yes,Yes,Yes,No,Yes,Month-to-month,Yes,Electronic check,83.88,84.39,No
6041-OWNPC,Female,0,No,No,51,Yes,Yes,DSL,Yes,No,Yes,Yes,No,Yes,Two year,Yes,Mailed check,85.85,4216.2,No
1425-YIICL,Female,0,No,No,72,Yes,No,Fiber optic,Yes,Yes,No,No,No,Yes,Month-to-month,Yes,Mailed check,91.94,6819.8,No
8084-QQQAH,Male,0,No,No,62,Yes,No,DSL,No,Yes,No,No,Yes,Yes,Two year,Yes,Bank transfer (automatic),74.8,4549.41,No
8116-JWRAD,Female,1,Yes,No,46,Yes,No,No,No internet service,No internet service,No internet service,No internet service,No internet service,No internet service,One year,Yes,Electronic check,26.34,1151.94,No
5509-DIDPU,Male,0,No,No,29,Yes,Yes,No,No internet service,No internet service,No internet service,No internet service,No internet service,No internet service,Month-to-month,No,Mailed check,35.32,1016.34,No
7673-ICRPU,Female,0,Yes,No,9,No,No phone service,Fiber optic,No,No,Yes,No,Yes,No,One year,No,Bank transfer (automatic),79.1,731.54,No
9611-RESOH,Male,0,No,No,52,Yes,No,No,No internet service,No internet service,No internet service,No internet service,No internet service,No internet service,One year,Yes,Electronic check,25.7,1377.45,No
7197-XKYWA,Female,0,No,No,6,Yes,No,DSL,Yes,Yes,Yes,No,Yes,Yes,Month-to-month,Yes,Electronic check,84.15,503.75,No
9488-FKYFF,Male,0,Yes,No,70,Yes,Yes,DSL,No,No,Yes,No,Yes,No,One year,Yes,Mailed check,72.6,5303.27,No
6490-UMQWI,Male,0,Yes,Yes,18,Yes,No,No,No internet service,No internet service,No internet service,No internet service,No internet service,No internet service,One year,No,Mailed check,28.32,535.13,No
3376-MFDNK,Female,0,No,No,22,Yes,Yes,Fiber optic,No,Yes,No,No,Yes,No,One year,No,Electronic check,94.24,1988.21,No
6587-ZQPRG,Male,1,Yes,Yes,8,Yes,No,Fiber optic,No,No,No,No,No,No,Month-to-month,Yes,Bank transfer (automatic),66.43,507.0,Yes
2283-TPOOF,Female,1,No,No,30,Yes,No,DSL,Yes,No,No,Yes,Yes,No,Month-to-month,Yes,Bank transfer (automatic),73.59,2214.8,No
6388-EZQCG,Female,0,No,No,51,No,No phone service,Fiber optic,No,Yes,No,No,Yes,Yes,Two year,Yes,Mailed check,87.15,4485.14,No
2532-NFMDV,Female,0,No,No,14,Yes,Yes,DSL,No,Yes,Yes,No,Yes,Yes,Month-to-month,No,Mailed check,88.28,1179.03,Yes
1178-PHQUA,Female,0,Yes,Yes,53,Yes,No,DSL,Yes,No,No,Yes,Yes,Yes,Month-to-month,No,Mailed check,81.97,4288.11,Yes
4764-NYHRS,Male,0,No,No,45,Yes,Yes,Fiber optic,No,No,No,No,No,No,One year,No,Bank transfer (automatic),82.32,3774.1,No
4026-MVHVR,Female,0,No,No,20,No,No phone service,DSL,Yes,No,No,No,Yes,No,One year,No,Credit card (automatic),63.79,1257.08,No
6153-GJTGX,Female,0,Yes,Yes,15,Yes,No,Fiber optic,Yes,No,Yes,No,Yes,No,Two year,Yes,Credit card (automatic),88.21,1303.65,No
9556-DLGBQ,Male,0,Yes,Yes,67,Yes,Yes,DSL,No,Yes,No,No,No,Yes,One year,Yes,Electronic check,78.97,5458.71,No
7844-SNNQB,Female,0,Yes,No,1,Yes,No,No,No internet service,No internet service,No internet service,No internet service,No internet service,No internet service,Month-to-month,Yes,Electronic check,27.73,26.45,No
3427-AASKE,Female,1,No,No,54,Yes,Yes,No,No internet service,No internet service,No internet service,No internet service,No internet service,No internet service,Two year,Yes,Mailed check,31.05,1736.72,No
2108-XNHAP,Female,0,No,Yes,23,Yes,No,Fiber optic,Yes,No,Yes,No,Yes,Yes,One year,No,Credit card (automatic),101.98,2238.17,No
5417-EDJTX,Male,0,Yes,Yes,54,Yes,No,DSL,No,Yes,No,Yes,Yes,Yes,Two year,Yes,Credit card (automatic),80.32,4125.91,No
1698-GKXLI,Female,0,No,No,33,Yes,No,Fiber optic,No,No,No,No,Yes,No,Month-to-month,Yes,Bank transfer (automatic),81.81,2676.29,No
9031-FWNWC,Male,1,No,Yes,2,Yes,Yes,No,No internet service,No internet service,No internet service,No internet service,No internet service,No internet service,Month-to-month,Yes,Electronic check,33.08,62.89,Yes
8328-ORIVH,Female,1,Yes,Yes,72,No,No phone service,Fiber optic,Yes,No,No,No,No,Yes,Month-to-month,No,Electronic check,76.4,5309.35,Yes
8833-VWZXA,Female,0,No,No,2,Yes,No,Fiber optic,No,Yes,Yes,No,Yes,No,Month-to-month,No,Credit card (automatic),92.73,182.64,Yes
3568-IZQOJ,Male,0,No,Yes,4,Yes,No,DSL,Yes,No,Yes,No,Yes,Yes,Month-to-month,No,Electronic check,81.34,320.43,Yes
8986-FTYSD,Female,0,No,No,24,Yes,No,Fiber optic,Yes,No,No,Yes,No,No,One year,No,Credit card (automatic),81.01,1871.55,No
6832-DLXNI,Female,0,Yes,Yes,71,Yes,No,DSL,Yes,Yes,Yes,Yes,No,Yes,Two year,Yes,Mailed check,80.4,5852.69,No
7360-LRCLW,Female,0,Yes,Yes,13,Yes,Yes,Fiber optic,No,Yes,No,No,Yes,No,Month-to-month,Yes,Bank transfer (automatic),95.68,1245.09,No
7807-SDGJY,Male,0,No,Yes,39,Yes,Yes,DSL,Yes,Yes,No,Yes,No,Yes,Month-to-month,Yes,Electronic check,84.61,3374.24,Yes
7256-ELAJK,Female,0,Yes,Yes,34,Yes,Yes,DSL,No,No,Yes,No,Yes,Yes,Month-to-month,No,Mailed check,86.0,2899.21,Yes
8793-RPKBN,Female,0,No,No,16,Yes,Yes,No,No internet service,No internet service,No internet service,No internet service,No internet service,No internet service,One year,Yes,Bank transfer (automatic),33.46,511.34,No
2829-HBSPG,Female,0,No,No,52,Yes,No,Fiber optic,No,No,Yes,No,Yes,Yes,Month-to-month,Yes,Electronic check,98.11,5315.53,Yes
2591-SAZIU,Male,0,No,No,32,Yes,Yes,Fiber optic,No,No,No,Yes,No,No,Month-to-month,Yes,Electronic check,88.04,2714.39,No
9073-GYOIG,Male,0,Yes,No,40,No,No phone service,Fiber optic,Yes,Yes,No,Yes,Yes,Yes,Two year,Yes,Electronic check,97.33,3754.17,No
9861-YXJBF,Female,0,No,No,8,Yes,No,Fiber optic,No,Yes,Yes,No,No,No,Month-to-month,Yes,Credit card (automatic),78.26,613.13,Yes
9748-EHLFX,Male,0,Yes,No,71,Yes,No,Fiber optic,No,Yes,No,Yes,Yes,No,Two year,Yes,Bank transfer (automatic),91.48,6516.09,No
4585-RAMFV,Female,0,No,No,3,Yes,No,Fiber optic,No,Yes,No,No,No,No,Month-to-month,No,Electronic check,73.24,215.57,Yes
5833-NOTBD,Male,0,No,No,51,Yes,No,DSL,No,No,No,Yes,No,No,Month-to-month,No,Mailed check,51.63,2669.37,No
9010-RPQXB,Female,1,Yes,No,69,Yes,Yes,DSL,No,Yes,No,No,No,Yes,One year,Yes,Bank transfer (automatic),74.3,5150.91,No
5496-OBRPD,Female,0,Yes,Yes,2,Yes,No,DSL,No,Yes,Yes,Yes,Yes,Yes,Month-to-month,Yes,Mailed check,81.35,165.18,Yes
1271-XLOYJ,Female,1,No,No,1,Yes,Yes,Fiber optic,No,Yes,Yes,No,No,No,Month-to-month,No,Electronic check,93.07,89.28,Yes
3179-DPXQO,Male,0,No,No,16,Yes,No,No,No internet service,No internet service,No internet service,No internet service,No internet service,No internet service,Month-to-month,No,Mailed check,27.35,456.62,No
3925-UMTTN,Female,0,No,No,61,Yes,Yes,No,No internet service,No internet service,No internet service,No internet service,No internet service,No internet service,Two year,Yes,Electronic check,35.76,2155.17,No
4537-LUXTS,Female,0,No,No,54,Yes,Yes,Fiber optic,No,No,Yes,No,No,No,One year,Yes,Electronic check,83.98,4632.87,Yes
6643-ABSAP,Female,0,Yes,No,64,Yes,No,DSL,No,Yes,Yes,Yes,No,Yes,Two year,Yes,Bank transfer (automatic),72.0,4397.53,No
4284-GKVMH,Male,0,No,No,22,Yes,Yes,DSL,No,No,Yes,No,No,No,Month-to-month,No,Mailed check,61.97,1408.09,Yes
5535-YAMDT,Female,0,Yes,No,72,Yes,Yes,Fiber optic,Yes,Yes,Yes,No,No,Yes,One year,Yes,Electronic check,105.55,7665.56,No
1247-LTRPC,Female,0,No,No,19,Yes,Yes,DSL,No,Yes,No,No,Yes,Yes,Two year,Yes,Credit card (automatic),88.17,1597.07,No
7588-OUCHF,Male,0,Yes,No,62,Yes,No,DSL,No,Yes,No,Yes,No,Yes,Month-to-month,Yes,Mailed check,67.16,3973.84,No
4212-AXXDX,Female,0,No,No,18,Yes,No,Fiber optic,No,No,Yes,No,Yes,Yes,Month-to-month,No,Credit card (automatic),98.41,1740.48,Yes
1654-FOESV,Male,1,No,No,8,Yes,No,No,No internet service,No internet service,No internet service,No internet service,No internet service,No internet service,Month-to-month,No,Credit card (automatic),28.32,220.67,Yes
7883-DKIND,Female,0,Yes,No,17,Yes,No,DSL,No,No,No,Yes,No,No,Two year,No,Credit card (automatic),58.15,1035.68,No
2987-DBKDU,Female,1,Yes,No,7,Yes,Yes,Fiber optic,No,Yes,No,Yes,Yes,Yes,Month-to-month,Yes,Credit card (automatic),107.81,759.15,Yes
9564-OHRCG,Male,0,Yes,No,3,Yes,Yes,DSL,Yes,No,No,No,No,No,Month-to-month,Yes,Mailed check,68.32,201.57,Yes
9359-WJJWC,Male,0,No,No,19,Yes,No,Fiber optic,Yes,No,Yes,No,No,Yes,Month-to-month,No,Electronic check,89.83,1750.59,Yes
3657-HLUPH,Female,1,Yes,Yes,4,Yes,Yes,Fiber optic,No,No,Yes,No,No,Yes,Month-to-month,No,Mailed check,94.44,379.9,Yes
9954-CTLGK,Male,0,Yes,No,32,Yes,Yes,Fiber optic,Yes,No,Yes,Yes,No,Yes,Month-to-month,Yes,Mailed check,106.01,3359.5,No
9797-PKVYZ,Male,0,Yes,Yes,1,No,No phone service,Fiber optic,No,No,Yes,No,No,No,One year,Yes,Electronic check,73.45,70.52,No
7182-DCSOD,Male,0,No,No,25,Yes,Yes,Fiber optic,No,No,No,No,Yes,No,Month-to-month,No,Credit card (automatic),89.75,2148.08,No
9664-GHHBO,Male,0,No,No,71,Yes,Yes,DSL,No,Yes,Yes,Yes,Yes,No,Two year,Yes,Credit card (automatic),88.98,6068.09,No
1765-LPEXK,Male,0,Yes,No,19,Yes,Yes,DSL,Yes,No,No,No,Yes,No,Month-to-month,No,Credit card (automatic),71.63,1333.02,Yes
8863-OHEOD,Male,0,No,No,3,Yes,Yes,Fiber optic,No,Yes,Yes,No,No,Yes,Two year,Yes,Electronic check,100.87,315.87,No
7167-UZHYG,Male,1,No,No,14,Yes,Yes,DSL,Yes,No,Yes,No,No,Yes,Month-to-month,Yes,Credit card (automatic),83.64,1150.43,Yes
5558-TROSW,Female,0,No,No,61,Yes,No,Fiber optic,No,No,Yes,No,Yes,Yes,One year,No,Electronic check,97.44,5694.31,No
3068-WLYBM,Female,0,Yes,Yes,15,Yes,Yes,DSL,No,No,No,Yes,Yes,No,Month-to-month,Yes,Credit card (automatic),73.03,1120.44,Yes
5887-SQVNM,Male,0,Yes,Yes,21,Yes,No,No,No internet service,No internet service,No internet service,No internet service,No internet service,No internet service,Two year,No,Credit card (automatic),24.48,529.45,No
9692-VJYQY,Female,1,Yes,Yes,61,Yes,No,DSL,Yes,Yes,No,Yes,Yes,Yes,Month-to-month,No,Bank transfer (automatic),81.61,4880.28,No
6263-SCVTD,Female,0,Yes,No,11,Yes,Yes,Fiber optic,No,Yes,No,No,Yes,Yes,Month-to-month,Yes,Credit card (automatic),108.81,1227.93,Yes
1881-ABJFX,Male,1,No,No,30,No,No phone service,DSL,Yes,Yes,No,No,No,Yes,One year,Yes,Mailed check,66.21,1909.88,No
7327-ZUIRF,Female,0,No,No,2,Yes,Yes,DSL,No,No,No,Yes,No,No,Month-to-month,No,Mailed check,64.81,131.55,Yes
3864-ZCZSU,Female,0,No,No,5,Yes,Yes,No,No internet service,No internet service,No internet service,No internet service,No internet service,No internet service,Month-to-month,No,Credit card (automatic),31.29,158.74,Yes
1285-IAXTY,Male,0,No,No,8,Yes,Yes,DSL,No,No,Yes,No,Yes,No,Month-to-month,Yes,Bank transfer (automatic),76.29,615.68,Yes
5911-HFVTB,Male,1,Yes,Yes,28,Yes,No,Fiber optic,No,No,No,Yes,No,Yes,Month-to-month,No,Bank transfer (automatic),82.28,2223.55,Yes
3833-FVUES,Female,0,No,No,64,Yes,No,DSL,No,No,No,No,Yes,No,Two year,Yes,Mailed check,56.66,3630.92,No
3973-DCZNK,Female,0,No,No,18,Yes,No,DSL,No,No,Yes,No,Yes,Yes,Month-to-month,Yes,Bank transfer (automatic),71.2,1250.82,Yes
7353-RNOLD,Male,0,Yes,Yes,20,Yes,Yes,DSL,No,No,Yes,Yes,No,No,Month-to-month,Yes,Electronic check,73.41,1448.72,No
4787-GQZAE,Female,0,No,No,14,Yes,No,Fiber optic,No,No,No,No,Yes,Yes,Month-to-month,No,Mailed check,91.44,1326.97,Yes
2394-ZJVOA,Female,0,Yes,Yes,15,Yes,No,DSL,Yes,No,No,Yes,Yes,No,One year,Yes,Mailed check,68.52,1001.29,No
5049-BPAPC,Male,0,Yes,No,22,Yes,No,DSL,No,No,Yes,No,No,Yes,Month-to-month,Yes,Electronic check,61.53,1319.54,No
1106-DUIPC,Male,0,No,No,70,Yes,Yes,Fiber optic,No,No,Yes,No,No,No,One year,No,Electronic check,87.8,6107.17,No
5261-VBSTT,Male,1,Yes,No,1,No,No phone service,DSL,No,Yes,No,Yes,No,No,Month-to-month,No,Electronic check,56.76,55.33,Yes
7558-PCEOO,Male,0,No,No,45,Yes,No,Fiber optic,No,No,Yes,No,Yes,No,One year,Yes,Credit card (automatic),86.05,3921.98,No
6535-ARCTE,Male,0,Yes,Yes,70,Yes,No,No,No internet service,No internet service,No internet service,No internet service,No internet service,No internet service,Two year,Yes,Bank transfer (automatic),27.01,1889.16,No
1881-XHXRM,Female,0,No,No,23,Yes,No,No,No internet service,No internet service,No internet service,No internet service,No internet service,No internet service,Month-to-month,Yes,Electronic check,28.63,676.69,Yes
3935-JTYUN,Female,0,No,No,48,Yes,Yes,No,No internet service,No internet service,No internet service,No internet service,No internet service,No internet service,One year,No,Credit card (automatic),32.04,1588.91,No
5285-RJUDL,Male,0,No,No,41,Yes,Yes,Fiber optic,No,No,Yes,No,Yes,Yes,Two year,No,Bank transfer (automatic),103.98,4278.93,No
2993-FAWXN,Female,0,No,No,17,Yes,No,DSL,No,Yes,Yes,No,No,Yes,One year,No,Bank transfer (automatic),66.38,1118.56,No
9793-HVTYP,Male,0,No,No,3,Yes,Yes,Fiber optic,No,No,Yes,No,No,Yes,Month-to-month,Yes,Bank transfer (automatic),93.05,282.11,Yes
3150-AHWAH,Male,1,No,No,8,Yes,Yes,DSL,Yes,Yes,Yes,No,Yes,No,Month-to-month,Yes,Bank transfer (automatic),83.28,667.36,Yes
1612-WUNJU,Female,0,No,No,2,No,No phone service,Fiber optic,No,Yes,No,No,Yes,No,One year,Yes,Mailed check,82.78,163.41,No
6291-MTNRX,Male,1,No,No,58,Yes,No,No,No internet service,No internet service,No internet service,No internet service,No internet service,No internet service,One year,No,Electronic check,25.87,1490.38,No
3439-FDEUM,Female,0,No,No,35,No,No phone service,No,No internet service,No internet service,No internet service,No internet service,No internet service,No internet service,Month-to-month,No,Electronic check,18.25,660.76,No
4555-RAMNX,Female,0,Yes,No,60,Yes,Yes,DSL,Yes,No,No,No,Yes,Yes,One year,Yes,Electronic check,84.52,5143.09,No
4477-TOQSM,Female,0,No,No,13,Yes,Yes,DSL,No,No,Yes,Yes,No,Yes,Two year,Yes,Bank transfer (automatic),79.82,1052.19,No
6387-CAAHJ,Male,0,No,No,62,Yes,No,Fiber optic,No,No,No,No,No,No,Month-to-month,Yes,Electronic check,68.26,4323.95,Yes
1633-VUJQE,Male,1,No,No,14,Yes,No,DSL,No,Yes,No,No,Yes,No,Two year,Yes,Electronic check,68.45,1005.72,Yes
9065-EXVNM,Male,0,Yes,No,3,Yes,No,No,No internet service,No internet service,No internet service,No internet service,No internet service,No internet service,Month-to-month,Yes,Bank transfer (automatic),25.71,77.26,Yes
4129-IJJPG,Female,0,No,No,36,Yes,Yes,DSL,Yes,Yes,No,Yes,Yes,Yes,Month-to-month,No,Electronic check,93.75,3412.58,No
2867-VJSMJ,Female,0,No,No,71,Yes,No,Fiber optic,No,Yes,Yes,No,No,Yes,One year,No,Bank transfer (automatic),93.82,6642.75,No
2562-HFKZI,Female,0,No,No,23,No,No phone service,Fiber optic,No,No,Yes,No,Yes,No,Month-to-month,No,Bank transfer (automatic),81.9,1854.37,Yes
3671-RTRAC,Female,0,No,No,34,Yes,No,DSL,No,No,No,No,No,Yes,One year,No,Mailed check,63.05,2183.47,No
5191-WUJVK,Female,0,Yes,No,27,Yes,Yes,Fiber optic,No,No,No,No,Yes,No,One year,Yes,Electronic check,92.22,2537.63,No
3566-PJLQM,Female,0,No,No,28,Yes,No,No,No internet service,No internet service,No internet service,No internet service,No internet service,No internet service,One year,Yes,Electronic check,24.42,689.35,No
6345-COGCO,Male,0,No,No,8,Yes,No,DSL,No,Yes,No,Yes,No,No,Month-to-month,Yes,Electronic check,56.67,434.17,No
2678-HLVVR,Female,0,Yes,Yes,24,Yes,Yes,DSL,No,Yes,No,Yes,No,No,One year,Yes,Electronic check,70.21,1603.23,Yes
2502-BGDRF,Female,0,No,Yes,32,Yes,No,DSL,Yes,Yes,No,No,Yes,Yes,Month-to-month,Yes,Electronic check,78.54,2591.03,No
5959-DOSVB,Male,0,Yes,No,56,Yes,No,Fiber optic,Yes,Yes,Yes,No,Yes,Yes,Two year,Yes,Electronic check,101.34,5453.38,No
8141-LBTID,Female,0,Yes,No,3,Yes,Yes,DSL,Yes,No,No,No,Yes,Yes,Month-to-month,Yes,Electronic check,83.43,247.38,Yes
6161-BGUQC,Female,0,No,No,40,Yes,Yes,Fiber optic,Yes,No,No,Yes,No,Yes,Month-to-month,No,Electronic check,103.43,4024.39,No
4402-MBSPZ,Female,1,No,No,49,Yes,No,Fiber optic,Yes,No,No,No,Yes,No,Two year,No,Mailed check,81.97,4140.87,No
9283-MTTMZ,Female,1,Yes,Yes,21,Yes,No,No,No internet service,No internet service,No internet service,No internet service,No internet service,No internet service,Month-to-month,Yes,Mailed check,25.15,509.81,Yes
4766-MWYCI,Male,0,Yes,No,37,Yes,Yes,Fiber optic,No,No,Yes,No,No,No,Month-to-month,No,Credit card (automatic),82.05,3012.46,No
6280-OOKJY,Male,0,Yes,Yes,53,Yes,Yes,DSL,Yes,No,No,No,Yes,Yes,Month-to-month,Yes,Mailed check,82.49,4558.58,No
3017-ROYVR,Male,1,No,No,28,Yes,Yes,No,No internet service,No internet service,No internet service,No internet service,No internet service,No internet service,Two year,No,Electronic check,34.6,1011.69,No
6084-GFFUK,Female,0,No,No,16,Yes,No,DSL,No,No,No,No,Yes,Yes,One year,Yes,Electronic check,72.3,1164.12,Yes
7411-EXFYA,Male,0,Yes,No,64,Yes,Yes,No,No internet service,No internet service,No internet service,No internet service,No internet service,No internet service,Two year,No,Mailed check,38.98,2548.16,No
2461-ADUKC,Male,0,Yes,No,72,Yes,No,DSL,No,No,Yes,Yes,No,No,One year,No,Bank transfer (automatic),56.81,3905.83,No
5481-YOZSO,Female,1,Yes,Yes,8,No,No phone service,DSL,No,No,No,Yes,Yes,Yes,Month-to-month,Yes,Mailed check,67.43,520.04,No
8154-TWQMA,Male,1,No,No,70,Yes,No,Fiber optic,No,Yes,No,No,Yes,Yes,One year,Yes,Electronic check,94.89,6404.54,No
6469-WQWAR,Male,0,Yes,No,37,Yes,No,Fiber optic,No,No,No,No,No,No,Two year,Yes,Mailed check,68.93,2633.18,No
1223-FZLKT,Male,1,No,No,27,Yes,Yes,DSL,No,No,No,No,No,No,One year,Yes,Credit card (automatic),60.67,1688.37,No
9573-PGMMO,Male,1,No,No,70,Yes,No,No,No internet service,No internet service,No internet service,No internet service,No internet service,No internet service,One year,No,Electronic check,25.89,1799.89,No
6981-LZAZZ,Male,0,Yes,Yes,70,Yes,No,Fiber optic,No,Yes,Yes,Yes,No,Yes,Month-to-month,Yes,Bank transfer (automatic),93.59,6588.0,No
3024-DNGLX,Male,1,Yes,No,11,Yes,Yes,DSL,No,Yes,No,Yes,Yes,Yes,Month-to-month,No,Credit card (automatic),93.2,1012.69,Yes
4066-IBQEK,Male,1,Yes,No,19,Yes,Yes,Fiber optic,No,Yes,No,No,Yes,No,Month-to-month,Yes,Bank transfer (automatic),93.53,1779.86,No
2709-ZXSGX,Male,0,No,No,66,Yes,Yes,No,No internet service,No internet service,No internet service,No internet service,No internet service,No internet service,Month-to-month,Yes,Credit card (automatic),31.83,2001.75,No
5729-JOSDB,Male,0,No,No,31,Yes,No,DSL,Yes,Yes,No,Yes,Yes,Yes,Two year,No,Electronic check,83.57,2609.88,No
5337-CGHOU,Female,0,No,No,13,Yes,Yes,No,No internet service,No internet service,No internet service,No internet service,No internet service,No internet service,Month-to-month,Yes,Mailed check,33.89,443.17,No
9090-WCTMV,Male,0,Yes,No,72,Yes,No,DSL,No,Yes,Yes,No,Yes,No,Month-to-month,Yes,Bank transfer (automatic),69.85,4965.76,No
2552-BTXJT,Female,1,Yes,No,8,Yes,No,DSL,No,No,No,No,Yes,Yes,Month-to-month,No,Electronic check,72.4,596.82,Yes
1091-KAAME,Male,0,Yes,No,44,Yes,Yes,DSL,No,No,Yes,Yes,Yes,Yes,Two year,No,Bank transfer (automatic),93.83,4174.99,No
2814-JSOEO,Male,0,Yes,No,24,Yes,Yes,DSL,Yes,No,No,No,Yes,No,Month-to-month,No,Mailed check,71.25,1704.17,Yes
2151-UXZLP,Male,1,No,No,27,Yes,No,DSL,No,Yes,No,Yes,Yes,No,One year,No,Mailed check,71.58,1906.09,No
1984-ASWPO,Female,1,No,No,3,Yes,Yes,DSL,No,Yes,No,Yes,Yes,No,Two year,Yes,Bank transfer (automatic),77.07,226.09,No
7807-WGLZB,Male,0,No,No,11,Yes,No,Fiber optic,No,No,Yes,No,No,Yes,One year,No,Electronic check,88.54,1003.17,No
9965-GLRKV,Female,1,No,No,5,Yes,No,DSL,No,No,No,Yes,No,No,Month-to-month,Yes,Mailed check,58.69,295.94,Yes
6002-POQVR,Female,0,No,No,57,Yes,No,Fiber optic,No,No,Yes,No,No,Yes,One year,No,Mailed check,84.08,4635.17,No
1990-RNKBU,Male,0,No,No,52,Yes,No,No,No internet service,No internet service,No internet service,No internet service,No internet service,No internet service,One year,Yes,Bank transfer (automatic),22.56,1138.88,No
7095-FWHOL,Female,0,No,No,61,Yes,No,DSL,No,No,Yes,Yes,No,Yes,Month-to-month,No,Bank transfer (automatic),67.15,4142.88,Yes
5037-SCLPC,Male,0,No,No,52,Yes,Yes,Fiber optic,No,No,Yes,No,No,Yes,One year,Yes,Credit card (automatic),95.52,4777.36,No
2217-UWXCQ,Male,0,Yes,No,3,Yes,Yes,DSL,Yes,Yes,No,Yes,Yes,Yes,Month-to-month,No,Electronic check,93.42,284.68,Yes
9559-ADRHT,Male,0,Yes,No,72,Yes,No,Fiber optic,No,No,No,No,Yes,No,Two year,No,Electronic check,78.42,5928.42,No
5547-OSOZN,Male,0,Yes,Yes,6,Yes,No,Fiber optic,No,No,Yes,Yes,No,Yes,Month-to-month,Yes,Electronic check,91.09,573.47,No
3217-TFYNK,Male,1,No,No,18,Yes,Yes,No,No internet service,No internet service,No internet service,No internet service,No internet service,No internet service,Month-to-month,Yes,Credit card (automatic),36.12,679.6,Yes
3089-IHSQQ,Female,0,No,No,53,Yes,No,No,No internet service,No internet service,No internet service,No internet service,No internet service,No internet service,Two year,Yes,Electronic check,28.63,1467.91,No
5958-LFIPD,Male,0,Yes,Yes,3,Yes,No,DSL,No,Yes,No,No,No,No,Two year,Yes,Credit card (automatic),52.78,156.82,No
6014-MKRWO,Female,0,No,No,5,Yes,No,Fiber optic,Yes,No,No,No,Yes,No,Month-to-month,Yes,Bank transfer (automatic),81.12,411.33,Yes
6647-BWBOJ,Male,0,Yes,No,69,Yes,Yes,DSL,No,No,Yes,No,Yes,Yes,Two year,Yes,Electronic check,82.07,5744.54,No
6999-FHABO,Female,0,No,No,16,Yes,Yes,Fiber optic,No,No,No,No,No,No,One year,Yes,Bank transfer (automatic),79.19,1241.22,No
7316-LEFZV,Male,0,Yes,No,49,Yes,No,No,No internet service,No internet service,No internet service,No internet service,No internet service,No internet service,Two year,No,Electronic check,26.13,1216.89,No
8111-NWIEO,Female,1,No,No,67,Yes,Yes,DSL,No,Yes,No,No,Yes,No,One year,Yes,Electronic check,76.89,5058.99,No
5491-TEEFI,Female,1,No,Yes,72,Yes,No,Fiber optic,No,Yes,No,Yes,Yes,Yes,Two year,No,Bank transfer (automatic),96.07,7076.03,No
5542-DDYMW,Male,0,No,No,8,Yes,No,Fiber optic,No,No,Yes,No,No,No,Month-to-month,Yes,Electronic check,71.44,567.31,No
6848-BNKMY,Male,0,No,No,3,Yes,Yes,No,No internet service,No internet service,No internet service,No internet service,No internet service,No internet service,Month-to-month,Yes,Electronic check,36.49,112.62,No
7808-EHTNY,Male,0,No,No,56,Yes,No,DSL,No,Yes,Yes,No,No,Yes,One year,No,Mailed check,66.79,3925.68,No
8413-ZQROT,Male,0,Yes,Yes,6,Yes,No,DSL,No,Yes,No,Yes,No,No,Month-to-month,No,Bank transfer (automatic),58.49,351.43,Yes
8697-DXAAN,Male,0,Yes,No,40,Yes,Yes,DSL,No,No,No,No,No,No,Month-to-month,Yes,Electronic check,56.01,2251.21,No
9352-HZSMG,Female,0,Yes,Yes,35,No,No phone service,Fiber optic,No,No,Yes,Yes,No,Yes,Month-to-month,Yes,Credit card (automatic),81.47,2972.68,Yes
8951-RZQKQ,Male,0,No,No,38,Yes,Yes,Fiber optic,Yes,No,No,Yes,No,Yes,One year,Yes,Electronic check,102.21,4029.3,No
1181-JQGQW,Female,0,Yes,Yes,48,Yes,No,DSL,Yes,No,No,Yes,No,Yes,Two year,No,Bank transfer (automatic),72.29,3329.81,No
1159-MORGF,Male,1,Yes,No,66,Yes,No,Fiber optic,No,Yes,Yes,No,Yes,No,Month-to-month,No,Electronic check,93.75,6009.32,Yes
4011-FCCSK,Female,0,No,No,11,Yes,Yes,Fiber optic,No,No,Yes,No,Yes,Yes,Month-to-month,Yes,Mailed check,102.46,1080.58,Yes
4909-PBXQM,Male,1,No,No,38,Yes,Yes,DSL,No,No,Yes,No,No,Yes,Two year,Yes,Credit card (automatic),78.07,2839.6,No
3808-GAHST,Male,0,No,No,17,Yes,Yes,Fiber optic,No,No,No,No,Yes,Yes,One year,Yes,Credit card (automatic),97.76,1680.37,Yes
8542-KNEFJ,Male,0,Yes,Yes,15,Yes,No,No,No internet service,No internet service,No internet service,No internet service,No internet service,No internet service,Month-to-month,Yes,Mailed check,24.65,353.47,Yes
5744-JEKVO,Male,0,No,No,1,Yes,No,DSL,No,No,No,No,No,No,Month-to-month,Yes,Electronic check,51.56,51.74,No
2968-HELBQ,Female,0,No,No,42,Yes,Yes,DSL,No,Yes,No,Yes,No,No,Two year,Yes,Credit card (automatic),69.15,2975.36,No
3268-CHTJM,Female,0,Yes,Yes,72,Yes,Yes,DSL,No,No,No,No,No,No,One year,Yes,Bank transfer (automatic),57.55,4127.3,Yes
3604-FHYFP,Female,0,No,No,58,Yes,Yes,DSL,Yes,Yes,No,Yes,Yes,No,Two year,No,Mailed check,84.2,5042.13,No
9328-VOELA,Female,0,Yes,Yes,10,Yes,Yes,Fiber optic,No,Yes,No,No,No,Yes,Month-to-month,Yes,Electronic check,92.69,962.39,Yes
6163-BRXMM,Female,1,No,No,54,Yes,No,DSL,No,No,Yes,Yes,Yes,Yes,One year,Yes,Mailed check,77.13,3967.56,No
4141-SLVGJ,Female,0,Yes,Yes,14,Yes,Yes,DSL,No,Yes,Yes,Yes,No,No,Month-to-month,Yes,Mailed check,78.71,1059.34,Yes
6508-XVBOP,Male,0,No,No,57,Yes,No,Fiber optic,No,No,Yes,No,No,No,Two year,Yes,Bank transfer (automatic),77.13,4577.12,No
4853-KIXJF,Male,0,No,No,67,Yes,No,No,No internet service,No internet service,No internet service,No internet service,No internet service,No internet service,Two year,Yes,Bank transfer (automatic),21.91,1490.83,No
3555-UFKQS,Male,1,Yes,Yes,17,Yes,Yes,Fiber optic,Yes,No,No,No,Yes,Yes,One year,Yes,Electronic check,101.46,1769.72,Yes
2439-MSZQU,Female,0,Yes,No,1,Yes,No,Fiber optic,Yes,Yes,Yes,No,No,No,Two year,Yes,Electronic check,85.37,85.7,No
9828-ZFUBZ,Male,0,Yes,No,14,Yes,No,Fiber optic,No,No,No,No,No,No,One year,Yes,Mailed check,71.82,1006.13,No
5538-MFEIP,Female,0,No,No,7,Yes,No,Fiber optic,No,No,No,No,No,Yes,Month-to-month,No,Credit card (automatic),79.38,547.83,Yes
2173-DQIDG,Male,0,Yes,No,44,Yes,Yes,Fiber optic,No,Yes,Yes,Yes,No,No,Two year,No,Credit card (automatic),95.36,4346.96,No
2147-TKPMD,Female,0,No,No,13,Yes,No,Fiber optic,No,No,Yes,No,No,Yes,Month-to-month,Yes,Bank transfer (automatic),87.25,1166.15,Yes
1450-SIENG,Female,0,Yes,Yes,1,Yes,No,No,No internet service,No internet service,No internet service,No internet service,No internet service,No internet service,Month-to-month,No,Electronic check,27.4,26.5,Yes
2724-AXCVS,Male,0,No,No,35,Yes,No,DSL,No,No,No,Yes,No,No,Month-to-month,Yes,Electronic check,57.56,1951.13,No
2161-FRBTI,Female,0,Yes,No,68,Yes,Yes,DSL,Yes,Yes,No,No,Yes,Yes,Two year,Yes,Credit card (automatic),93.24,6173.28,No
4357-IDSTO,Female,0,No,No,27,Yes,Yes,Fiber optic,Yes,Yes,No,Yes,Yes,No,Month-to-month,Yes,Credit card (automatic),105.41,2988.0,Yes
1411-VDOZR,Female,0,Yes,Yes,20,Yes,Yes,No,No internet service,No internet service,No internet service,No internet service,No internet service,No internet service,One year,Yes,Mailed check,38.94,782.32,No
6826-ZOHFZ,Male,0,No,No,6,Yes,Yes,No,No internet service,No internet service,No internet service,No internet service,No internet service,No internet service,One year,Yes,Mailed check,35.19,211.35,Yes
9298-GQYSF,Female,0,No,No,21,Yes,No,DSL,Yes,No,No,Yes,Yes,Yes,Month-to-month,No,Electronic check,80.61,1744.79,No
7652-UXSWE,Male,0,No,No,16,Yes,Yes,DSL,No,Yes,No,No,Yes,No,Month-to-month,No,Mailed check,73.69,1162.51,No
3995-CULPV,Female,1,Yes,Yes,72,Yes,No,Fiber optic,Yes,No,Yes,No,No,Yes,One year,No,Bank transfer (automatic),89.64,6414.41,No
9410-TVESG,Female,0,Yes,No,1,Yes,Yes,No,No internet service,No internet service,No internet service,No internet service,No internet service,No internet service,Month-to-month,Yes,Mailed check,32.8,32.72,No
5852-LJHTS,Female,0,No,No,9,Yes,Yes,DSL,Yes,No,Yes,Yes,No,Yes,Month-to-month,Yes,Credit card (automatic),88.12,803.04,No
2781-CJCAN,Male,1,No,No,2,Yes,No,Fiber optic,No,No,Yes,Yes,No,Yes,Month-to-month,No,Credit card (automatic),89.38,171.98,Yes
4062-DZPJZ,Female,1,Yes,No,67,Yes,Yes,Fiber optic,No,No,Yes,No,No,Yes,Two year,Yes,Credit card (automatic),96.61,6294.83,No
7749-JJWCA,Male,1,Yes,Yes,23,Yes,Yes,DSL,No,Yes,No,No,No,No,One year,No,Electronic check,66.33,1555.05,Yes
2274-SJXTN,Male,1,Yes,No,61,Yes,No,No,No internet service,No internet service,No internet service,No internet service,No internet service,No internet service,Two year,Yes,Electronic check,25.2,1469.02,No
5521-WICYB,Female,1,No,No,52,Yes,No,DSL,No,Yes,No,No,Yes,No,Month-to-month,No,Electronic check,68.3,3557.84,No
1527-JKZEK,Female,0,No,No,71,Yes,Yes,No,No internet service,No internet service,No internet service,No internet service,No internet service,No internet service,Month-to-month,No,Bank transfer (automatic),36.55,2668.13,No
2529-ZLMVH,Female,0,No,No,1,Yes,No,DSL,No,No,No,No,No,Yes,Month-to-month,Yes,Electronic check,60.61,58.05,Yes
2019-VMAQF,Female,1,Yes,Yes,7,Yes,Yes,No,No internet service,No internet service,No internet service,No internet service,No internet service,No internet service,Month-to-month,Yes,Mailed check,38.4,280.74,Yes
9148-RXZMA,Male,1,Yes,No,53,Yes,Yes,Fiber optic,No,No,No,No,No,Yes,One year,No,Credit card (automatic),93.4,4831.0,No
9601-PIWOS,Male,0,No,No,41,Yes,No,DSL,No,No,No,No,Yes,No,Month-to-month,No,Bank transfer (automatic),58.98,2382.5,No
2674-MRRSL,Male,0,Yes,No,52,Yes,Yes,Fiber optic,Yes,Yes,No,No,Yes,Yes,One year,Yes,Electronic check,110.51,5664.49,No
6808-MFQNQ,Male,0,Yes,Yes,40,No,No phone service,DSL,No,Yes,No,No,No,No,Two year,Yes,Mailed check,52.58,2056.9,No
4574-DIESO,Male,1,No,No,41,Yes,Yes,DSL,Yes,Yes,No,Yes,No,No,Two year,Yes,Bank transfer (automatic),77.02,3194.65,No
5970-IYXPJ,Male,0,Yes,No,71,No,No phone service,DSL,Yes,Yes,Yes,No,No,Yes,Two year,No,Mailed check,70.07,5089.3,No
8320-MSKBC,Male,0,No,No,70,Yes,No,No,No internet service,No internet service,No internet service,No internet service,No internet service,No internet service,Two year,Yes,Electronic check,28.46,2024.15,No
8214-QRCRZ,Female,0,Yes,No,1,Yes,Yes,DSL,No,Yes,No,No,No,No,Month-to-month,Yes,Credit card (automatic),64.24,64.78,Yes
3113-YXCHL,Female,1,Yes,Yes,23,Yes,No,Fiber optic,No,Yes,No,No,No,Yes,Month-to-month,No,Credit card (automatic),81.07,1833.42,Yes
2357-HUNUQ,Female,0,Yes,No,33,Yes,Yes,Fiber optic,No,Yes,No,No,No,Yes,One year,Yes,Credit card (automatic),98.52,3140.71,Yes
1768-KIGBQ,Male,0,No,No,18,Yes,No,No,No internet service,No internet service,No internet service,No internet service,No internet service,No internet service,Month-to-month,Yes,Credit card (automatic),21.71,380.95,No
9808-GOTQC,Male,0,No,No,2,Yes,No,DSL,No,Yes,No,No,Yes,Yes,Month-to-month,No,Bank transfer (automatic),77.55,149.8,Yes
9752-NXPEJ,Male,0,No,No,29,Yes,Yes,No,No internet service,No internet service,No internet service,No internet service,No internet service,No internet service,Two year,No,Mailed check,37.46,1047.75,No
8897-OJUGZ,Male,0,Yes,Yes,72,No,No phone service,Fiber optic,No,No,No,Yes,No,Yes,Two year,No,Electronic check,80.37,5587.66,Yes
3987-RXSOH,Female,0,Yes,No,2,Yes,No,Fiber optic,No,Yes,No,No,No,No,Month-to-month,Yes,Credit card (automatic),78.91,157.6,Yes
2481-SNBAW,Male,0,Yes,No,63,Yes,No,No,No internet service,No internet service,No internet service,No internet service,No internet service,No internet service,Two year,Yes,Electronic check,25.3,1634.83,No
8602-VYNJJ,Female,0,No,No,7,Yes,Yes,DSL,No,Yes,No,No,Yes,Yes,Month-to-month,No,Electronic check,85.5,606.21,Yes
6132-ITDVJ,Female,0,Yes,Yes,40,Yes,No,Fiber optic,No,No,No,No,Yes,Yes,Two year,No,Mailed check,87.38,3667.81,No
7981-AEILZ,Male,0,No,No,21,Yes,No,Fiber optic,No,Yes,Yes,No,No,No,Month-to-month,No,Bank transfer (automatic),76.98,1610.75,Yes
8342-ACEVQ,Male,1,No,No,18,Yes,Yes,No,No internet service,No internet service,No internet service,No internet service,No internet service,No internet service,Month-to-month,No,Bank transfer (automatic),33.87,589.21,No
9560-HOZJA,Female,0,Yes,No,68,Yes,No,No,No internet service,No internet service,No internet service,No internet service,No internet service,No internet service,Month-to-month,No,Mailed check,27.43,1798.31,No
4561-YEPWY,Female,0,No,No,72,Yes,Yes,Fiber optic,No,Yes,Yes,No,No,Yes,Two year,Yes,Electronic check,99.93,6850.95,No
4773-XCQPH,Female,0,Yes,Yes,21,Yes,No,DSL,No,Yes,No,Yes,Yes,Yes,Month-to-month,No,Electronic check,82.61,1753.33,Yes
4741-MOWQO,Female,0,Yes,No,47,Yes,Yes,Fiber optic,No,No,Yes,Yes,No,No,One year,Yes,Electronic check,88.22,3951.97,No
2201-PWVXF,Male,0,Yes,Yes,38,Yes,Yes,DSL,No,Yes,No,No,Yes,No,Two year,No,Electronic check,72.63,2873.59,No
6640-YYABS,Male,0,No,No,2,Yes,No,Fiber optic,No,Yes,No,No,Yes,Yes,One year,Yes,Mailed check,93.77,192.88,Yes
6804-ZFCFC,Male,0,Yes,No,1,Yes,No,DSL,No,Yes,No,Yes,No,No,Month-to-month,No,Electronic check,62.7,65.36,Yes
8838-HMPBM,Male,0,Yes,No,59,Yes,No,No,No internet service,No internet service,No internet service,No internet service,No internet service,No internet service,Two year,Yes,Electronic check,26.63,1575.2,No
3198-PJVII,Male,0,Yes,Yes,21,Yes,No,Fiber optic,No,No,Yes,No,Yes,Yes,One year,Yes,Bank transfer (automatic),96.62,2061.12,Yes
8505-JJIVO,Male,1,Yes,No,14,Yes,No,DSL,No,No,Yes,Yes,Yes,Yes,One year,Yes,Electronic check,81.19,1091.85,No
4726-FANRX,Female,0,No,No,72,Yes,No,DSL,No,Yes,No,No,No,No,Two year,No,Bank transfer (automatic),53.15,3650.75,No
7174-UQARJ,Female,0,Yes,Yes,2,Yes,Yes,DSL,Yes,No,No,No,Yes,Yes,Month-to-month,No,Credit card (automatic),88.0,183.58,Yes
5491-BQCJP,Male,0,No,No,11,Yes,Yes,DSL,No,No,No,No,No,No,One year,No,Credit card (automatic),59.63,631.2,Yes
2341-LFZXG,Male,0,No,No,67,Yes,No,Fiber optic,No,No,No,No,No,Yes,Two year,No,Credit card (automatic),78.02,5035.15,No
2816-DTWZP,Female,0,No,No,23,No,No phone service,DSL,No,Yes,Yes,No,No,No,Month-to-month,Yes,Credit card (automatic),51.77,1213.71,Yes
7141-WRKFI,Male,0,Yes,Yes,41,Yes,No,No,No internet service,No internet service,No internet service,No internet service,No internet service,No internet service,Month-to-month,No,Electronic check,28.89,1179.09,No
1129-SBVMX,Female,1,Yes,Yes,2,Yes,Yes,Fiber optic,No,Yes,Yes,No,No,No,One year,Yes,Bank transfer (automatic),89.23,184.14,No
4138-IEWXM,Female,0,No,No,70,Yes,No,No,No internet service,No internet service,No internet service,No internet service,No internet service,No internet service,One year,No,Credit card (automatic),26.62,1837.22,No
8636-EFGZJ,Female,0,Yes,No,3,Yes,Yes,Fiber optic,Yes,Yes,Yes,No,Yes,No,Month-to-month,No,Mailed check,108.44,315.64,Yes
3728-QQQPT,Male,0,No,No,8,Yes,No,Fiber optic,No,No,No,No,No,No,Month-to-month,No,Electronic check,66.25,532.72,Yes
2379-TIMLK,Female,0,Yes,Yes,4,Yes,Yes,Fiber optic,No,No,No,No,Yes,No,Month-to-month,Yes,Electronic check,93.17,381.4,Yes
8923-KINCE,Male,0,No,No,32,Yes,No,Fiber optic,Yes,No,No,No,Yes,No,Month-to-month,Yes,Mailed check,88.28,2734.6,Yes
6366-BXDEK,Male,0,Yes,Yes,63,Yes,Yes,Fiber optic,No,No,No,Yes,No,No,One year,Yes,Credit card (automatic),82.75,5433.43,No
4846-TRMKI,Male,0,Yes,No,11,Yes,Yes,Fiber optic,No,Yes,No,No,No,No,Month-to-month,No,Bank transfer (automatic),83.65,891.96,Yes
3594-GVIVE,Female,0,No,No,3,Yes,No,DSL,Yes,No,No,No,Yes,No,Month-to-month,Yes,Bank transfer (automatic),68.07,213.5,No
4907-QRSDF,Male,0,Yes,No,23,Yes,Yes,Fiber optic,Yes,Yes,No,No,No,Yes,Month-to-month,Yes,Electronic check,99.97,2217.71,Yes
2672-SPPQR,Female,0,Yes,Yes,72,Yes,Yes,Fiber optic,No,Yes,No,No,Yes,No,Two year,Yes,Electronic check,97.62,6767.56,No
3694-LTYFV,Male,0,Yes,Yes,1,Yes,Yes,No,No internet service,No internet service,No internet service,No internet service,No internet service,No internet service,Month-to-month,Yes,Bank transfer (automatic),31.05,30.07,Yes
1421-EZALZ,Male,0,Yes,No,32,Yes,No,Fiber optic,No,Yes,Yes,No,Yes,No,Month-to-month,No,Credit card (automatic),89.83,2837.54,Yes
5352-HVBHT,Female,0,Yes,No,50,Yes,No,No,No internet service,No internet service,No internet service,No internet service,No internet service,No internet service,Month-to-month,No,Electronic check,25.24,1260.37,No
1372-HUQIT,Male,1,Yes,Yes,62,Yes,Yes,DSL,No,No,No,No,No,No,Month-to-month,Yes,Mailed check,61.04,3831.09,No
8792-CACDF,Male,0,No,Yes,57,Yes,Yes,DSL,No,No,Yes,No,Yes,Yes,One year,Yes,Mailed check,84.22,4708.28,No
6593-YBLHI,Male,0,Yes,Yes,2,Yes,No,DSL,No,No,No,No,Yes,Yes,Two year,No,Credit card (automatic),66.13,132.06,Yes
7792-TMBMI,Male,0,Yes,No,28,Yes,Yes,Fiber optic,No,Yes,Yes,No,No,Yes,Month-to-month,No,Electronic check,100.04,2700.47,Yes
9354-YERYQ,Male,0,No,No,2,Yes,Yes,Fiber optic,No,No,No,Yes,Yes,Yes,Month-to-month,Yes,Mailed check,105.47,213.49,Yes
9213-SREJN,Female,0,Yes,No,45,Yes,Yes,Fiber optic,Yes,Yes,No,No,No,No,Two year,Yes,Mailed check,88.88,4180.9,Yes
1946-FJOUV,Female,0,Yes,Yes,2,Yes,Yes,Fiber optic,No,No,Yes,No,No,No,Month-to-month,No,Electronic check,88.25,174.5,Yes
5380-UIGFW,Female,0,No,No,2,Yes,No,Fiber optic,No,Yes,Yes,No,Yes,No,Month-to-month,Yes,Bank transfer (automatic),88.36,177.91,Yes
5566-DJNUX,Female,0,No,No,14,Yes,No,Fiber optic,No,Yes,No,Yes,No,No,Two year,No,Credit card (automatic),76.35,1098.81,No
7277-EUDBF,Female,0,Yes,Yes,71,Yes,Yes,DSL,No,Yes,No,No,Yes,Yes,One year,No,Credit card (automatic),87.83,6448.33,No
1532-XFCHI,Female,1,No,No,53,No,No phone service,DSL,No,No,No,Yes,Yes,No,Two year,Yes,Electronic check,63.95,3380.94,No
1546-SKNBG,Female,0,No,Yes,1,Yes,Yes,DSL,No,Yes,Yes,No,Yes,No,Month-to-month,No,Electronic check,82.54,85.99,Yes
8327-KJINM,Male,0,Yes,No,12,Yes,Yes,No,No internet service,No internet service,No internet service,No internet service,No internet service,No internet service,Month-to-month,Yes,Mailed check,32.7,398.81,Yes
8002-SBTYF,Male,0,No,No,1,Yes,No,Fiber optic,No,No,No,No,Yes,No,Month-to-month,Yes,Electronic check,77.47,76.44,Yes
9533-EDIVJ,Female,0,Yes,No,13,Yes,No,DSL,No,No,No,No,Yes,No,Month-to-month,No,Mailed check,56.7,751.56,Yes
6828-HHELG,Male,0,No,No,51,Yes,Yes,Fiber optic,No,No,No,Yes,No,Yes,One year,No,Electronic check,98.04,5178.62,No
4791-GSAIR,Female,1,Yes,No,58,Yes,Yes,DSL,Yes,No,Yes,Yes,No,No,Two year,Yes,Credit card (automatic),76.95,4542.02,No
8129-UFPKJ,Female,1,Yes,No,62,No,No phone service,Fiber optic,Yes,No,No,No,Yes,Yes,Month-to-month,Yes,Mailed check,93.48,5913.98,No
3782-TSZOP,Male,0,No,No,70,Yes,No,No,No internet service,No internet service,No internet service,No internet service,No internet service,No internet service,Two year,Yes,Electronic check,26.28,1824.94,No
5688-OJLLT,Female,0,Yes,Yes,19,Yes,Yes,Fiber optic,Yes,Yes,Yes,No,No,Yes,Month-to-month,Yes,Electronic check,101.34,2004.46,Yes
5623-TETET,Male,0,Yes,Yes,67,Yes,No,Fiber optic,No,No,No,Yes,No,No,Two year,No,Electronic check,73.53,4776.23,No
7627-POUKS,Female,0,No,No,55,No,No phone service,No,No internet service,No internet service,No internet service,No internet service,No internet service,No internet service,Two year,Yes,Mailed check,20.85,1184.34,No
2891-DNIMP,Female,0,Yes,Yes,36,Yes,No,Fiber optic,No,Yes,Yes,No,No,No,Month-to-month,Yes,Mailed check,80.0,2915.52,No
7837-JUOQV,Female,0,No,No,71,Yes,Yes,Fiber optic,No,No,No,No,Yes,Yes,Two year,Yes,Bank transfer (automatic),96.7,6737.55,No
2829-EHBPT,Male,0,Yes,Yes,71,Yes,No,No,No internet service,No internet service,No internet service,No internet service,No internet service,No internet service,One year,Yes,Electronic check,21.24,1494.91,No
9035-HZBWH,Male,0,No,No,70,Yes,No,Fiber optic,No,Yes,No,Yes,Yes,Yes,Month-to-month,No,Credit card (automatic),98.31,6980.41,No
7389-ZNGIN,Female,0,Yes,No,7,Yes,No,Fiber optic,No,Yes,No,Yes,No,No,One year,No,Electronic check,81.5,567.15,No
6447-RMWNH,Female,0,No,No,8,Yes,No,Fiber optic,No,No,No,No,No,Yes,Month-to-month,Yes,Credit card (automatic),83.56,661.7,Yes
1107-EMOVK,Male,0,Yes,No,70,Yes,Yes,Fiber optic,No,Yes,No,No,Yes,Yes,One year,Yes,Mailed check,106.24,7197.54,No
7318-WUUKM,Male,0,No,No,22,Yes,Yes,DSL,No,No,No,No,Yes,No,Two year,Yes,Electronic check,66.23,1522.13,Yes
8992-BLNGZ,Male,0,Yes,Yes,61,Yes,No,DSL,Yes,No,No,No,No,No,Two year,No,Mailed check,57.73,3575.88,No
3006-LIIOA,Female,0,Yes,No,51,Yes,No,DSL,Yes,No,Yes,No,No,Yes,Two year,Yes,Bank transfer (automatic),66.49,3538.65,No
6167-HQOXA,Female,1,Yes,No,58,Yes,No,No,No internet service,No internet service,No internet service,No internet service,No internet service,No internet service,Two year,No,Electronic check,26.77,1541.61,No
4605-FCACX,Male,1,Yes,Yes,1,No,No phone service,No,No internet service,No internet service,No internet service,No internet service,No internet service,No internet service,Month-to-month,Yes,Electronic check,19.57,20.43,Yes
4592-YSQXH,Male,0,Yes,No,25,Yes,No,Fiber optic,No,No,Yes,Yes,Yes,No,One year,Yes,Electronic check,88.04,2197.81,No
3063-LZXFF,Female,0,No,No,67,Yes,Yes,DSL,No,Yes,Yes,No,Yes,No,Month-to-month,Yes,Bank transfer (automatic),81.22,5582.11,No
9704-NUZUB,Female,0,Yes,Yes,31,Yes,Yes,DSL,Yes,No,Yes,No,No,No,One year,Yes,Electronic check,71.64,2192.88,No
6235-DKRJQ,Female,0,Yes,Yes,51,Yes,No,DSL,No,No,Yes,Yes,No,Yes,Two year,Yes,Credit card (automatic),70.1,3717.24,No
9395-RWWII,Female,0,No,No,58,Yes,No,Fiber optic,No,Yes,No,No,Yes,Yes,One year,Yes,Electronic check,97.38,5665.5,No
5443-PKBYH,Male,1,No,No,3,Yes,No,DSL,No,No,Yes,No,Yes,Yes,Month-to-month,No,Credit card (automatic),72.91,212.09,Yes
6971-ETUBU,Male,1,No,Yes,4,Yes,Yes,No,No internet service,No internet service,No internet service,No internet service,No internet service,No internet service,Month-to-month,Yes,Credit card (automatic),33.69,133.92,No
6795-FWJCU,Female,0,No,No,55,Yes,No,No,No internet service,No internet service,No internet service,No internet service,No internet service,No internet service,One year,No,Electronic check,26.17,1404.03,No
5882-BNDPU,Female,0,Yes,Yes,2,Yes,No,Fiber optic,No,No,No,No,No,No,Month-to-month,Yes,Mailed check,69.81,142.9,Yes
2608-PRHWK,Female,0,No,No,17,Yes,Yes,DSL,No,No,Yes,No,No,No,Two year,No,Mailed check,61.64,1000.96,No
5570-SHSDJ,Female,0,Yes,Yes,70,Yes,No,Fiber optic,Yes,No,Yes,Yes,No,No,Two year,No,Mailed check,82.0,5574.66,No
1559-VXQTO,Female,0,No,No,40,Yes,No,DSL,No,Yes,Yes,No,No,No,One year,Yes,Electronic check,62.22,2433.58,No
2674-LBDCI,Male,0,No,Yes,70,No,No phone service,Fiber optic,No,Yes,No,No,Yes,Yes,Month-to-month,No,Mailed check,91.91,6708.73,No
9755-AUTHS,Male,0,No,No,15,Yes,Yes,No,No internet service,No internet service,No internet service,No internet service,No internet service,No internet service,Month-to-month,Yes,Bank transfer (automatic),37.5,550.59,No
4434-NJSXU,Female,0,No,No,46,Yes,No,Fiber optic,No,Yes,No,No,Yes,No,Two year,Yes,Mailed check,81.94,3734.59,No
4767-CKQWZ,Female,0,No,No,13,Yes,No,Fiber optic,No,No,Yes,No,No,No,One year,Yes,Mailed check,73.63,1004.43,No
9223-KDBQY,Female,0,No,No,3,Yes,No,No,No internet service,No internet service,No internet service,No internet service,No internet service,No internet service,One year,Yes,Electronic check,27.22,84.79,No
7030-DMFTQ,Female,0,Yes,No,72,Yes,Yes,DSL,No,Yes,No,Yes,No,Yes,One year,No,Credit card (automatic),78.24,5821.31,No
3691-KSYSH,Male,0,Yes,No,6,Yes,No,DSL,Yes,No,No,Yes,No,No,Month-to-month,Yes,Credit card (automatic),56.2,325.33,Yes
4309-BIJZQ,Male,0,No,No,6,No,No phone service,DSL,No,Yes,No,No,No,Yes,Month-to-month,No,Bank transfer (automatic),62.33,365.15,Yes
7322-EPITV,Male,0,Yes,No,65,Yes,Yes,Fiber optic,No,No,Yes,No,Yes,Yes,Two year,No,Credit card (automatic),103.8,6461.17,No
1264-TFRFS,Female,0,No,No,62,No,No phone service,DSL,No,Yes,Yes,No,No,No,One year,Yes,Mailed check,55.08,3462.06,No
5958-MXPWK,Male,0,No,Yes,72,Yes,No,No,No internet service,No internet service,No internet service,No internet service,No internet service,No internet service,Two year,No,Mailed check,21.53,1575.93,No
3196-XDLVT,Male,0,Yes,No,2,No,No phone service,No,No internet service,No internet service,No internet service,No internet service,No internet service,No internet service,Month-to-month,No,Bank transfer (automatic),18.33,38.46,No
4389-ZXSBI,Female,1,No,No,2,Yes,No,No,No internet service,No internet service,No internet service,No internet service,No internet service,No internet service,Month-to-month,Yes,Bank transfer (automatic),27.64,55.34,Yes
6852-WATOR,Male,0,No,No,27,Yes,No,Fiber optic,Yes,No,Yes,No,Yes,Yes,Two year,Yes,Credit card (automatic),96.88,2528.91,No
3349-DPXVA,Female,1,No,No,42,Yes,Yes,Fiber optic,No,No,No,Yes,No,No,Month-to-month,Yes,Electronic check,86.56,3481.86,Yes
4564-NJKBY,Female,0,Yes,No,1,Yes,Yes,No,No internet service,No internet service,No internet service,No internet service,No internet service,No internet service,Month-to-month,Yes,Bank transfer (automatic),33.92,32.72,Yes
7969-JIBXS,Male,0,No,No,4,Yes,Yes,DSL,No,Yes,Yes,No,No,No,Month-to-month,Yes,Mailed check,68.97,273.71,No
5112-NVKPK,Female,0,No,No,53,No,No phone service,Fiber optic,Yes,Yes,No,No,Yes,Yes,Two year,No,Bank transfer (automatic),92.32,4969.79,No
4293-CMHPX,Female,0,No,No,49,Yes,Yes,Fiber optic,No,Yes,No,No,Yes,No,Month-to-month,Yes,Mailed check,91.13,4416.2,Yes
6327-JJSJF,Male,0,No,No,2,Yes,No,Fiber optic,Yes,Yes,Yes,No,No,Yes,Two year,Yes,Bank transfer (automatic),94.73,192.16,No
5012-MXXNL,Female,0,No,No,71,Yes,No,No,No internet service,No internet service,No internet service,No internet service,No internet service,No internet service,Month-to-month,No,Bank transfer (automatic),28.87,2001.94,No
7287-AIFPC,Male,0,Yes,No,10,Yes,No,Fiber optic,Yes,Yes,No,No,No,Yes,Month-to-month,Yes,Bank transfer (automatic),92.67,890.84,Yes
5940-HYWKA,Male,0,No,No,70,Yes,Yes,No,No internet service,No internet service,No internet service,No internet service,No internet service,No internet service,One year,Yes,Mailed check,34.76,2373.68,No
7090-GKNQP,Male,0,No,No,70,No,No phone service,DSL,No,Yes,No,No,Yes,No,Month-to-month,Yes,Bank transfer (automatic),60.86,4150.88,Yes
6509-SMYZN,Female,0,No,No,31,Yes,Yes,No,No internet service,No internet service,No internet service,No internet service,No internet service,No internet service,Month-to-month,Yes,Credit card (automatic),36.15,1080.45,No
4808-ASFRJ,Male,0,No,No,23,No,No phone service,DSL,No,Yes,No,No,No,Yes,Two year,No,Mailed check,62.99,1424.51,No
5658-KWVWX,Male,0,No,No,12,Yes,No,Fiber optic,No,No,No,Yes,No,No,Two year,Yes,Electronic check,75.68,927.45,No
7909-XLUPN,Female,0,No,No,62,Yes,Yes,Fiber optic,No,No,Yes,No,Yes,No,One year,No,Mailed check,98.42,6027.99,No
7544-POWOE,Male,0,Yes,No,7,Yes,Yes,DSL,No,Yes,No,No,Yes,Yes,Month-to-month,Yes,Mailed check,86.53,624.45,Yes
2774-IGJWM,Male,0,Yes,No,45,Yes,No,Fiber optic,Yes,Yes,Yes,Yes,Yes,No,Two year,No,Credit card (automatic),97.41,4515.62,No
4484-DRLQI,Male,1,No,No,39,Yes,Yes,DSL,Yes,No,No,Yes,Yes,No,Two year,Yes,Bank transfer (automatic),80.2,3214.74,No
4216-DVWVK,Female,0,Yes,Yes,10,Yes,Yes,DSL,Yes,Yes,No,No,No,Yes,Month-to-month,Yes,Bank transfer (automatic),78.21,794.22,Yes
9846-SFHFZ,Female,0,Yes,Yes,72,Yes,Yes,Fiber optic,No,Yes,Yes,No,No,Yes,One year,Yes,Mailed check,101.14,7367.84,No
6473-SIEEY,Female,0,No,No,66,Yes,Yes,Fiber optic,No,No,No,No,No,No,One year,No,Electronic check,78.85,5018.08,No
6835-PFICH,Male,0,No,No,1,Yes,No,Fiber optic,No,No,No,No,No,No,Month-to-month,Yes,Credit card (automatic),73.03,71.15,Yes
9254-CDANI,Male,1,No,No,24,Yes,Yes,Fiber optic,Yes,No,No,No,Yes,No,Two year,Yes,Bank transfer (automatic),94.98,2264.97,No
8816-PEBWK,Female,0,No,No,19,No,No phone service,DSL,No,Yes,No,No,Yes,No,Month-to-month,No,Electronic check,59.03,1113.86,No
9487-EDYVN,Male,0,Yes,Yes,69,Yes,No,DSL,No,Yes,No,Yes,Yes,No,Two year,Yes,Mailed check,71.15,4962.66,No
8227-BQDBE,Female,0,Yes,No,11,Yes,No,No,No internet service,No internet service,No internet service,No internet service,No internet service,No internet service,Month-to-month,No,Credit card (automatic),26.51,283.86,No
4374-KJCVN,Male,0,No,Yes,72,Yes,Yes,No,No internet service,No internet service,No internet service,No internet service,No internet service,No internet service,Two year,Yes,Mailed check,38.41,2698.64,No
8640-WDLOM,Male,0,No,Yes,7,Yes,No,No,No internet service,No internet service,No internet service,No internet service,No internet service,No internet service,Month-to-month,Yes,Electronic check,22.07,148.76,Yes
5065-RYOOJ,Male,1,No,Yes,10,Yes,No,Fiber optic,Yes,No,Yes,No,No,Yes,Month-to-month,Yes,Electronic check,86.23,882.18,Yes
9181-HMIAA,Male,1,Yes,No,49,No,No phone service,DSL,No,Yes,No,Yes,Yes,Yes,Two year,Yes,Electronic check,75.54,3795.08,No
6397-IIIQL,Male,0,No,No,5,Yes,No,No,No internet service,No internet service,No internet service,No internet service,No internet service,No internet service,Month-to-month,No,Electronic check,28.54,149.07,Yes
7015-QQCZM,Male,0,No,No,70,No,No phone service,Fiber optic,No,Yes,No,No,Yes,Yes,Two year,No,Electronic check,91.7,6140.13,No
8489-DNPSB,Male,0,Yes,Yes,3,Yes,No,No,No internet service,No internet service,No internet service,No internet service,No internet service,No internet service,Two year,No,Electronic check,24.89,73.51,No
3859-ZYDLX,Male,0,Yes,Yes,72,No,No phone service,Fiber optic,No,Yes,No,No,Yes,Yes,One year,Yes,Credit card (automatic),86.55,6242.01,No
7723-NBWLJ,Male,0,No,No,68,Yes,Yes,No,No internet service,No internet service,No internet service,No internet service,No internet service,No internet service,Month-to-month,Yes,Credit card (automatic),38.63,2736.2,No
8222-TNHYY,Male,0,Yes,Yes,65,No,No phone service,DSL,No,No,No,No,No,No,Two year,Yes,Electronic check,45.33,2863.93,No
1726-ZTHKP,Male,0,Yes,No,23,Yes,Yes,No,No internet service,No internet service,No internet service,No internet service,No internet service,No internet service,One year,Yes,Mailed check,32.27,768.14,No
9849-REUGB,Male,0,Yes,Yes,33,Yes,Yes,No,No internet service,No internet service,No internet service,No internet service,No internet service,No internet service,Two year,Yes,Credit card (automatic),38.68,1329.72,No
5003-WTFLR,Female,1,Yes,Yes,27,No,No phone service,DSL,Yes,No,Yes,No,No,Yes,Month-to-month,Yes,Electronic check,61.09,1693.83,No
6622-UCAXS,Female,1,Yes,Yes,72,Yes,Yes,Fiber optic,No,Yes,No,No,No,Yes,Month-to-month,No,Electronic check,98.31,6794.07,Yes
4220-MCDDK,Female,0,Yes,No,1,No,No phone service,DSL,Yes,No,Yes,Yes,Yes,Yes,Month-to-month,Yes,Bank transfer (automatic),79.42,82.32,No
9243-RKUZN,Male,1,Yes,Yes,20,Yes,Yes,DSL,Yes,No,No,Yes,No,Yes,Month-to-month,No,Mailed check,83.38,1723.96,No
2834-RGIDW,Male,0,No,No,72,No,No phone service,Fiber optic,No,No,No,No,Yes,No,Two year,Yes,Bank transfer (automatic),72.19,5079.49,No
5777-PLRWA,Male,1,Yes,No,19,Yes,Yes,DSL,No,Yes,Yes,No,Yes,No,Month-to-month,Yes,Electronic check,81.01,1546.53,Yes
3703-PSWTU,Female,0,No,No,22,Yes,No,Fiber optic,Yes,No,Yes,Yes,No,No,Month-to-month,No,Electronic check,85.57,1950.15,Yes
7880-RVCQV,Male,0,No,No,46,Yes,Yes,Fiber optic,No,No,Yes,No,Yes,No,One year,Yes,Electronic check,93.59,4145.92,No
7087-VJIEW,Male,0,Yes,Yes,70,Yes,Yes,Fiber optic,No,No,No,No,No,Yes,One year,Yes,Electronic check,88.44,6281.37,No
9337-SHWLK,Male,1,Yes,Yes,13,Yes,Yes,Fiber optic,No,Yes,Yes,Yes,No,Yes,Month-to-month,Yes,Electronic check,103.08,1343.25,Yes
6801-SLXPI,Female,0,No,No,71,Yes,No,DSL,No,Yes,No,Yes,No,Yes,One year,Yes,Mailed check,69.59,4923.23,No
3034-CAOOE,Female,0,Yes,Yes,12,Yes,Yes,DSL,Yes,No,Yes,Yes,Yes,No,Month-to-month,Yes,Mailed check,85.11,976.9,No
7878-YBFEN,Male,0,Yes,Yes,63,Yes,Yes,No,No internet service,No internet service,No internet service,No internet service,No internet service,No internet service,Two year,Yes,Credit card (automatic),32.62,2082.65,No
1814-FCRYX,Male,0,No,No,12,No,No phone service,Fiber optic,No,No,No,Yes,Yes,Yes,Month-to-month,Yes,Mailed check,91.0,1070.35,Yes
4345-ZUUVX,Female,0,Yes,No,2,Yes,No,Fiber optic,No,No,No,No,Yes,No,Month-to-month,Yes,Credit card (automatic),76.22,156.92,Yes
3917-FNWZL,Male,0,No,No,63,Yes,No,DSL,Yes,No,No,Yes,Yes,Yes,Month-to-month,No,Bank transfer (automatic),81.12,5365.55,No
7405-KBWLL,Female,0,No,No,27,Yes,Yes,Fiber optic,No,No,No,No,No,No,One year,Yes,Credit card (automatic),83.74,2331.66,Yes
4501-FSAGB,Female,0,Yes,No,21,Yes,No,No,No internet service,No internet service,No internet service,No internet service,No internet service,No internet service,Month-to-month,Yes,Electronic check,28.22,574.4,Yes
2100-AEENW,Male,0,Yes,No,25,Yes,Yes,Fiber optic,No,No,No,No,No,Yes,One year,No,Credit card (automatic),92.34,2266.94,Yes
6738-EORBV,Male,0,No,No,44,No,No phone service,Fiber optic,No,Yes,Yes,Yes,Yes,No,Two year,Yes,Electronic check,87.5,3991.44,No
9418-DUTCA,Male,1,No,No,11,Yes,No,Fiber optic,Yes,No,No,No,No,Yes,Month-to-month,No,Electronic check,83.74,880.76,Yes
4969-VPREV,Female,0,Yes,No,9,Yes,Yes,Fiber optic,Yes,No,No,No,No,No,Month-to-month,No,Mailed check,84.66,735.09,Yes
6979-HPRYZ,Female,0,Yes,Yes,30,Yes,Yes,Fiber optic,No,No,No,No,No,Yes,Two year,No,Electronic check,87.56,2711.33,No
1182-WJJDH,Female,1,Yes,No,1,Yes,Yes,DSL,No,Yes,No,Yes,No,No,Month-to-month,Yes,Credit card (automatic),70.39,66.89,Yes
4952-QJGPM,Female,0,Yes,Yes,47,Yes,Yes,DSL,No,No,Yes,Yes,No,Yes,One year,Yes,Mailed check,79.96,3695.88,No
1877-DTWLO,Female,0,Yes,Yes,64,Yes,Yes,DSL,Yes,Yes,No,Yes,No,Yes,Two year,Yes,Electronic check,85.73,5640.15,No
4824-UMOZZ,Female,0,Yes,No,55,Yes,Yes,DSL,No,Yes,Yes,Yes,Yes,No,One year,Yes,Electronic check,86.99,4589.8,No
6337-RDTWB,Male,0,No,No,29,Yes,No,Fiber optic,No,No,No,No,Yes,Yes,One year,Yes,Credit card (automatic),89.48,2577.01,No
2331-DURGO,Male,0,No,No,39,Yes,No,No,No internet service,No internet service,No internet service,No internet service,No internet service,No internet service,Two year,Yes,Bank transfer (automatic),23.8,928.44,No
9910-WNDRA,Female,1,No,No,1,No,No phone service,Fiber optic,No,No,No,No,No,Yes,Month-to-month,Yes,Mailed check,75.06,75.97,Yes
8977-VRFFR,Female,0,No,No,70,Yes,Yes,Fiber optic,No,Yes,Yes,Yes,No,Yes,One year,Yes,Electronic check,108.45,7734.72,No
7853-NLVZL,Male,0,Yes,Yes,38,Yes,Yes,No,No internet service,No internet service,No internet service,No internet service,No internet service,No internet service,Two year,Yes,Electronic check,35.0,1281.43,No
7548-VMGWQ,Female,0,Yes,No,15,Yes,Yes,No,No internet service,No internet service,No internet service,No internet service,No internet service,No internet service,Month-to-month,Yes,Credit card (automatic),38.12,562.72,Yes
2481-YTDLW,Male,0,No,No,13,Yes,Yes,DSL,Yes,Yes,No,Yes,Yes,No,Month-to-month,Yes,Mailed check,81.99,1019.89,Yes
2205-FPTLK,Male,0,No,Yes,49,Yes,No,DSL,Yes,No,No,No,Yes,No,One year,Yes,Electronic check,67.25,3440.56,No
1589-MGHRG,Female,0,No,No,41,Yes,Yes,Fiber optic,No,No,No,No,Yes,No,One year,No,Credit card (automatic),88.2,3609.4,No
7097-FTHAO,Male,1,Yes,Yes,6,Yes,No,Fiber optic,No,Yes,Yes,Yes,Yes,No,Month-to-month,No,Credit card (automatic),93.11,548.85,Yes
1942-ZWXPE,Male,0,No,No,23,Yes,No,No,No internet service,No internet service,No internet service,No internet service,No internet service,No internet service,One year,Yes,Electronic check,28.97,689.59,No
3546-DTPXO,Female,0,Yes,Yes,50,Yes,Yes,No,No internet service,No internet service,No internet service,No internet service,No internet service,No internet service,Month-to-month,Yes,Mailed check,31.93,1618.06,No
7181-NONKK,Female,0,Yes,Yes,14,Yes,Yes,No,No internet service,No internet service,No internet service,No internet service,No internet service,No internet service,Two year,Yes,Bank transfer (automatic),33.25,463.06,No
8856-XEVWJ,Female,0,Yes,No,33,Yes,No,Fiber optic,Yes,No,Yes,Yes,Yes,No,Month-to-month,No,Electronic check,93.16,3103.2,Yes
4659-SIJQR,Female,0,No,No,10,No,No phone service,Fiber optic,No,No,No,No,Yes,No,Month-to-month,Yes,Mailed check,71.15,737.28,Yes
8902-TWHIU,Female,0,Yes,Yes,2,Yes,Yes,Fiber optic,No,No,No,No,Yes,No,Month-to-month,No,Mailed check,89.98,183.37,Yes
1088-FRAAZ,Female,1,No,No,21,Yes,Yes,DSL,Yes,Yes,Yes,No,Yes,No,One year,Yes,Mailed check,82.89,1800.94,No
2317-NWYON,Male,0,No,No,55,Yes,No,DSL,No,No,Yes,Yes,No,Yes,Two year,Yes,Mailed check,72.97,3959.65,No
1126-GUOXB,Female,0,No,No,8,Yes,Yes,Fiber optic,Yes,Yes,Yes,No,No,Yes,Month-to-month,No,Electronic check,101.4,821.94,Yes
2004-RLWUO,Male,0,No,No,57,Yes,Yes,Fiber optic,No,No,No,No,Yes,No,Two year,No,Bank transfer (automatic),89.24,4884.56,No
3340-UDKSG,Female,0,Yes,Yes,50,Yes,Yes,No,No internet service,No internet service,No internet service,No internet service,No internet service,No internet service,Two year,Yes,Electronic check,36.23,1751.2,No
9438-EYCAD,Male,0,No,No,33,Yes,No,DSL,No,No,No,No,No,Yes,Month-to-month,No,Electronic check,61.77,2017.72,Yes
1794-OLONG,Male,0,No,No,72,Yes,Yes,DSL,No,Yes,Yes,Yes,Yes,Yes,Two year,No,Electronic check,97.12,7305.1,No
8511-DLZEE,Female,1,Yes,No,69,Yes,Yes,No,No internet service,No internet service,No internet service,No internet service,No internet service,No internet service,Month-to-month,Yes,Credit card (automatic),38.19,2725.02,No
7154-IQICV,Female,1,No,No,39,Yes,Yes,DSL,No,Yes,Yes,Yes,No,No,Month-to-month,Yes,Credit card (automatic),78.55,3007.11,No
8465-RILXM,Male,0,Yes,Yes,38,Yes,No,Fiber optic,No,No,No,No,No,Yes,One year,No,Electronic check,81.53,2966.82,No
3529-SEKKU,Male,0,Yes,No,12,Yes,No,DSL,Yes,Yes,No,No,Yes,Yes,One year,Yes,Bank transfer (automatic),81.31,949.96,No
2542-VNYSX,Female,0,No,No,70,Yes,No,No,No internet service,No internet service,No internet service,No internet service,No internet service,No internet service,Two year,No,Credit card (automatic),25.27,1717.36,No
6402-UQMHL,Male,0,No,No,70,Yes,No,Fiber optic,Yes,Yes,No,Yes,Yes,Yes,One year,Yes,Electronic check,104.48,6972.85,No
4570-BJSQT,Male,0,Yes,No,56,No,No phone service,DSL,No,No,Yes,No,No,No,Two year,No,Credit card (automatic),53.79,3105.04,No
8432-XLNNH,Male,0,No,No,3,Yes,No,DSL,No,Yes,No,No,Yes,No,Month-to-month,No,Mailed check,66.29,205.9,Yes
1728-HBGQZ,Male,0,Yes,No,53,Yes,Yes,No,No internet service,No internet service,No internet service,No internet service,No internet service,No internet service,Month-to-month,Yes,Credit card (automatic),35.88,1878.32,No
2575-KXBHL,Male,0,No,No,10,Yes,No,No,No internet service,No internet service,No internet service,No internet service,No internet service,No internet service,Month-to-month,No,Credit card (automatic),23.36,225.33,Yes
8158-IICSP,Female,0,No,No,6,Yes,No,DSL,No,No,No,No,Yes,No,Month-to-month,No,Mailed check,59.05,340.44,Yes
7696-PSPGN,Male,0,No,No,58,Yes,No,DSL,No,No,No,Yes,No,No,Two year,Yes,Mailed check,53.06,2964.14,No
2956-POODH,Male,0,No,No,71,Yes,No,DSL,No,No,No,No,Yes,No,Two year,Yes,Credit card (automatic),59.94,4097.72,No
5326-LBXNV,Female,0,No,No,3,Yes,Yes,Fiber optic,Yes,Yes,Yes,No,Yes,No,Month-to-month,Yes,Bank transfer (automatic),103.94,298.0,Yes
7241-YCPBX,Female,1,No,No,5,Yes,No,DSL,No,Yes,Yes,Yes,Yes,Yes,Month-to-month,No,Mailed check,88.02,459.21,Yes
4342-EORRY,Male,0,Yes,No,8,Yes,No,No,No internet service,No internet service,No internet service,No internet service,No internet service,No internet service,Month-to-month,Yes,Electronic check,25.02,195.31,Yes
2420-QUWAR,Male,0,Yes,No,72,Yes,Yes,Fiber optic,No,Yes,No,No,Yes,Yes,One year,No,Bank transfer (automatic),108.9,7534.52,No
4122-MIKEM,Female,0,Yes,Yes,52,Yes,No,DSL,No,Yes,Yes,No,No,No,Two year,No,Bank transfer (automatic),62.17,3306.92,No
6289-MANBD,Male,0,No,No,50,Yes,Yes,Fiber optic,No,No,Yes,No,No,No,One year,Yes,Mailed check,82.04,4269.51,No
7172-AJRZH,Female,0,No,No,33,Yes,No,Fiber optic,No,No,No,Yes,Yes,Yes,Month-to-month,Yes,Electronic check,92.63,3149.5,Yes
7460-IRFOP,Female,0,No,Yes,36,Yes,Yes,Fiber optic,No,No,No,Yes,Yes,No,Two year,Yes,Electronic check,98.42,3668.17,No
4096-TRZAG,Male,0,No,No,13,No,No phone service,DSL,No,Yes,Yes,Yes,No,Yes,Month-to-month,No,Electronic check,73.69,962.5,Yes
4478-MUGYZ,Female,0,No,No,4,Yes,Yes,Fiber optic,No,Yes,No,No,No,Yes,Month-to-month,No,Mailed check,91.04,361.61,Yes
7671-OMRFT,Male,0,No,Yes,60,Yes,Yes,Fiber optic,No,No,No,Yes,Yes,No,Month-to-month,No,Mailed check,94.64,5827.62,No
1492-CKPAS,Male,0,Yes,Yes,29,Yes,No,DSL,Yes,No,No,No,Yes,No,Month-to-month,Yes,Electronic check,63.05,1905.02,Yes
7312-OJQZS,Female,0,Yes,No,10,Yes,No,DSL,No,No,Yes,No,No,Yes,Month-to-month,Yes,Mailed check,63.22,611.67,No
6867-DVXDE,Male,0,Yes,Yes,46,Yes,Yes,No,No internet service,No internet service,No internet service,No internet service,No internet service,No internet service,One year,Yes,Bank transfer (automatic),35.0,1540.12,No
6431-PIJFE,Male,0,No,No,8,Yes,Yes,Fiber optic,Yes,No,Yes,No,No,No,Month-to-month,Yes,Electronic check,90.54,716.68,Yes
4932-GBQMK,Female,1,Yes,Yes,31,Yes,No,Fiber optic,No,Yes,No,No,No,No,Month-to-month,Yes,Credit card (automatic),71.51,2225.62,Yes
1793-JLHWN,Female,0,No,No,6,Yes,No,DSL,No,No,Yes,Yes,No,Yes,Month-to-month,Yes,Electronic check,71.26,419.09,Yes
2248-KCUCO,Male,0,Yes,Yes,58,Yes,Yes,No,No internet service,No internet service,No internet service,No internet service,No internet service,No internet service,Two year,Yes,Bank transfer (automatic),34.24,2013.06,No
8368-VVKND,Female,0,Yes,No,15,Yes,No,No,No internet service,No internet service,No internet service,No internet service,No internet service,No internet service,Month-to-month,Yes,Bank transfer (automatic),21.41,305.23,No
7204-AMUZN,Male,0,No,No,26,Yes,No,No,No internet service,No internet service,No internet service,No internet service,No internet service,No internet service,One year,Yes,Electronic check,22.01,546.8,No
2903-ATTJB,Female,0,Yes,Yes,57,Yes,Yes,Fiber optic,No,No,No,No,No,Yes,Two year,No,Credit card (automatic),86.41,5071.28,No
8124-RMPIL,Female,0,No,No,49,Yes,No,Fiber optic,Yes,No,No,No,No,No,Month-to-month,Yes,Mailed check,73.79,3508.15,Yes
5131-RCAQG,Female,0,No,No,22,Yes,No,No,No internet service,No internet service,No internet service,No internet service,No internet service,No internet service,Two year,No,Electronic check,26.27,598.69,No
6154-AHLVY,Female,0,No,No,2,Yes,Yes,No,No internet service,No internet service,No internet service,No internet service,No internet service,No internet service,Month-to-month,Yes,Electronic check,35.85,75.2,Yes
6297-HCQRZ,Male,0,No,No,70,Yes,No,No,No internet service,No internet service,No internet service,No internet service,No internet service,No internet service,One year,No,Electronic check,25.07,1795.85,No
3172-GXUJN,Male,0,No,No,1,No,No phone service,DSL,Yes,Yes,No,No,No,Yes,Month-to-month,Yes,Electronic check,66.26,68.48,Yes
5324-FDFRM,Male,0,Yes,Yes,56,Yes,No,Fiber optic,Yes,No,No,Yes,No,Yes,One year,No,Bank transfer (automatic),93.0,5191.74,No
3902-QJCYB,Female,1,No,No,71,No,No phone service,Fiber optic,No,No,Yes,No,Yes,No,One year,No,Mailed check,78.03,5435.85,No
3285-TGXLI,Male,0,Yes,Yes,14,Yes,No,Fiber optic,Yes,Yes,No,Yes,No,No,One year,No,Electronic check,88.67,1259.43,No
1552-DBVVI,Female,0,Yes,Yes,2,Yes,Yes,DSL,Yes,No,No,No,No,Yes,Month-to-month,Yes,Bank transfer (automatic),78.7,152.19,Yes
6825-NNDQO,Female,0,Yes,No,10,Yes,No,DSL,No,No,Yes,Yes,No,No,Month-to-month,No,Credit card (automatic),60.19,582.99,Yes
2186-NGYSC,Male,0,No,No,15,Yes,Yes,No,No internet service,No internet service,No internet service,No internet service,No internet service,No internet service,Two year,Yes,Credit card (automatic),36.67,563.86,No
2257-QOWYH,Female,0,No,No,27,Yes,Yes,DSL,Yes,No,Yes,Yes,No,No,Month-to-month,Yes,Mailed check,76.62,2001.42,No
9559-RFGSH,Female,0,No,No,35,No,No phone service,No,No internet service,No internet service,No internet service,No internet service,No internet service,No internet service,One year,Yes,Credit card (automatic),21.36,784.12,No
4915-TFJBX,Male,0,Yes,No,55,Yes,No,DSL,No,Yes,No,No,Yes,No,Two year,Yes,Electronic check,61.18,3450.61,No
1436-FUJOA,Female,0,Yes,No,70,Yes,No,DSL,No,No,Yes,Yes,Yes,No,One year,No,Mailed check,71.85,5237.47,No
1542-XOKIB,Male,0,No,No,28,Yes,No,Fiber optic,No,No,No,No,Yes,No,Two year,Yes,Mailed check,81.82,2287.55,No
3406-YVQDX,Male,0,No,Yes,57,Yes,Yes,Fiber optic,No,No,Yes,No,No,No,Month-to-month,Yes,Mailed check,85.74,4889.89,No
8216-AJWPY,Female,1,Yes,No,3,Yes,No,Fiber optic,Yes,Yes,Yes,No,No,No,Month-to-month,No,Electronic check,81.02,250.92,Yes
2294-YBKAO,Female,0,Yes,No,16,Yes,No,DSL,Yes,No,Yes,No,No,Yes,Month-to-month,Yes,Bank transfer (automatic),67.97,1093.11,No
8740-XUZSH,Male,0,No,No,3,Yes,No,No,No internet service,No internet service,No internet service,No internet service,No internet service,No internet service,Month-to-month,No,Electronic check,21.67,61.96,Yes
5086-VUZHU,Female,0,Yes,No,52,Yes,Yes,No,No internet service,No internet service,No internet service,No internet service,No internet service,No internet service,Two year,Yes,Bank transfer (automatic),34.83,1795.12,No
9116-FSODU,Male,0,No,No,70,Yes,Yes,DSL,No,Yes,No,Yes,Yes,Yes,Two year,Yes,Bank transfer (automatic),86.7,6180.12,No
3863-BFUZY,Female,0,No,No,70,Yes,Yes,Fiber optic,No,No,No,Yes,No,No,Two year,Yes,Electronic check,84.3,5778.42,No
6873-NKNQX,Female,0,Yes,No,16,Yes,No,DSL,No,No,Yes,No,Yes,No,Month-to-month,Yes,Electronic check,62.84,958.22,No
2633-ICAUP,Male,0,Yes,No,9,Yes,Yes,No,No internet service,No internet service,No internet service,No internet service,No internet service,No internet service,Month-to-month,Yes,Credit card (automatic),34.44,315.17,No
3022-OOJCF,Female,0,No,No,12,Yes,No,Fiber optic,No,No,Yes,No,Yes,No,Month-to-month,No,Bank transfer (automatic),84.52,1044.96,Yes
6278-PZVMD,Male,0,Yes,No,13,Yes,No,No,No internet service,No internet service,No internet service,No internet service,No internet service,No internet service,Month-to-month,No,Mailed check,24.44,313.1,No
7609-SJYYU,Male,0,Yes,No,2,Yes,Yes,Fiber optic,Yes,No,Yes,No,No,No,Month-to-month,Yes,Mailed check,89.36,173.67,Yes
1489-LMIUM,Female,0,No,Yes,3,Yes,No,Fiber optic,No,No,No,No,Yes,No,Month-to-month,Yes,Credit card (automatic),78.81,247.24,No
6048-HHLAK,Male,0,No,Yes,8,Yes,No,No,No internet service,No internet service,No internet service,No internet service,No internet service,No internet service,Month-to-month,Yes,Credit card (automatic),27.49,221.97,No
5597-FZRDL,Female,1,No,No,1,Yes,No,Fiber optic,No,No,Yes,No,Yes,No,Month-to-month,No,Bank transfer (automatic),83.18,79.95,Yes
5834-RHPOU,Female,0,No,No,1,Yes,Yes,DSL,No,Yes,No,Yes,Yes,No,Month-to-month,Yes,Electronic check,79.34,78.62,No
8039-MDWVH,Male,0,No,No,52,No,No phone service,No,No internet service,No internet service,No internet service,No internet service,No internet service,No internet service,One year,Yes,Mailed check,23.77,1228.79,No
4414-IYIVJ,Male,0,Yes,Yes,45,Yes,No,No,No internet service,No internet service,No internet service,No internet service,No internet service,No internet service,Two year,No,Electronic check,26.44,1178.5,No
8897-YMPGP,Male,0,No,No,71,Yes,No,DSL,No,No,Yes,No,No,Yes,Month-to-month,Yes,Bank transfer (automatic),66.41,4537.85,No
6821-JCDAM,Male,1,No,No,22,Yes,No,Fiber optic,Yes,Yes,Yes,No,Yes,No,Month-to-month,No,Mailed check,92.35,2118.91,No
7719-HCZTD,Male,0,Yes,No,26,Yes,Yes,No,No internet service,No internet service,No internet service,No internet service,No internet service,No internet service,Two year,No,Electronic check,32.22,870.79,No
4891-CJASS,Male,0,Yes,Yes,2,Yes,No,Fiber optic,No,No,No,No,No,No,Month-to-month,Yes,Bank transfer (automatic),66.12,136.99,Yes
3967-OKGBS,Female,0,No,No,4,Yes,No,DSL,Yes,No,Yes,No,No,Yes,Month-to-month,Yes,Mailed check,72.53,299.24,Yes
5253-QHBFV,Female,0,Yes,No,52,Yes,No,No,No internet service,No internet service,No internet service,No internet service,No internet service,No internet service,Two year,Yes,Bank transfer (automatic),26.96,1409.98,No
8052-GXQJJ,Male,0,No,No,9,Yes,No,Fiber optic,Yes,Yes,No,Yes,No,Yes,Month-to-month,No,Electronic check,98.87,898.95,Yes
2875-DIFPY,Male,0,No,No,59,Yes,Yes,No,No internet service,No internet service,No internet service,No internet service,No internet service,No internet service,Two year,Yes,Mailed check,35.71,2167.59,No
7172-ITSNB,Female,0,No,No,53,Yes,Yes,Fiber optic,No,Yes,Yes,No,No,No,Two year,No,Electronic check,93.64,4819.97,No
6127-GKCQN,Female,0,No,No,57,Yes,No,Fiber optic,No,Yes,Yes,No,No,Yes,Two year,No,Mailed check,89.1,5060.48,No
3759-CEUNE,Male,0,No,No,51,Yes,No,DSL,No,Yes,No,No,No,No,One year,Yes,Bank transfer (automatic),52.78,2659.67,No
6866-NXJOG,Female,0,No,No,53,Yes,No,Fiber optic,No,No,Yes,No,Yes,Yes,Month-to-month,No,Mailed check,97.25,5162.36,Yes
1252-UPUDA,Female,1,No,No,37,Yes,Yes,No,No internet service,No internet service,No internet service,No internet service,No internet service,No internet service,Two year,Yes,Electronic check,33.68,1240.92,No
5452-XYSIH,Female,0,No,No,50,Yes,No,No,No internet service,No internet service,No internet service,No internet service,No internet service,No internet service,One year,Yes,Credit card (automatic),28.94,1407.55,No
4521-DOFVL,Male,0,No,No,35,Yes,No,DSL,No,Yes,No,No,No,No,One year,Yes,Bank transfer (automatic),52.22,1897.46,No
3261-BRAIC,Female,0,Yes,Yes,7,No,No phone service,Fiber optic,No,No,No,No,Yes,Yes,Month-to-month,Yes,Electronic check,81.11,570.04,Yes
6591-SWLQV,Male,1,No,No,8,Yes,No,Fiber optic,No,No,No,No,Yes,No,Month-to-month,No,Bank transfer (automatic),81.13,668.05,Yes
2574-IIKDG,Female,0,Yes,Yes,22,Yes,No,Fiber optic,No,Yes,Yes,Yes,No,No,Month-to-month,Yes,Bank transfer (automatic),83.68,1800.48,Yes
1712-VLQYO,Male,0,No,No,1,No,No phone service,Fiber optic,No,No,No,No,Yes,Yes,Month-to-month,No,Bank transfer (automatic),83.78,85.41,Yes
3594-ELTNE,Female,0,Yes,Yes,70,Yes,No,DSL,No,Yes,Yes,Yes,Yes,No,One year,No,Electronic check,76.5,5262.64,No
3896-RTWBH,Female,0,No,No,11,Yes,Yes,No,No internet service,No internet service,No internet service,No internet service,No internet service,No internet service,One year,No,Credit card (automatic),37.15,397.83,No
5470-ETUJZ,Female,0,No,No,2,Yes,No,Fiber optic,Yes,No,Yes,No,No,No,Month-to-month,No,Electronic check,79.25,159.46,Yes
2647-WQHST,Female,0,No,No,24,No,No phone service,Fiber optic,No,Yes,Yes,No,No,No,Month-to-month,Yes,Credit card (automatic),72.11,1695.8,No
6448-NSGPP,Male,0,No,No,63,Yes,No,No,No internet service,No internet service,No internet service,No internet service,No internet service,No internet service,One year,No,Electronic check,24.24,1512.53,No
8083-CTZVL,Female,0,No,No,22,Yes,No,Fiber optic,No,No,No,Yes,Yes,No,One year,No,Bank transfer (automatic),83.46,1857.79,No
1502-NVJPE,Female,0,No,No,11,Yes,No,DSL,No,Yes,Yes,No,Yes,Yes,One year,No,Credit card (automatic),82.15,922.22,No
4047-WWHMA,Male,0,Yes,Yes,37,Yes,No,Fiber optic,No,No,No,No,No,No,One year,No,Mailed check,68.72,2464.53,No
1909-FJQWJ,Female,0,Yes,No,40,Yes,No,DSL,Yes,No,No,Yes,No,No,Two year,Yes,Bank transfer (automatic),58.21,2388.43,No
5752-GMXBD,Female,0,Yes,No,58,Yes,Yes,No,No internet service,No internet service,No internet service,No internet service,No internet service,No internet service,Two year,No,Bank transfer (automatic),37.08,2098.2,No
4132-IHSXM,Female,1,No,No,62,Yes,No,DSL,No,Yes,Yes,No,Yes,Yes,Two year,Yes,Electronic check,83.91,5278.89,No
4075-LMBSD,Female,0,Yes,Yes,53,Yes,No,DSL,No,No,No,No,No,Yes,Two year,Yes,Bank transfer (automatic),58.25,3233.68,No
8282-THYSE,Female,0,No,No,1,Yes,No,Fiber optic,Yes,Yes,No,Yes,Yes,Yes,Month-to-month,Yes,Electronic check,105.52,100.36,Yes
8925-SIGNE,Female,0,No,No,1,No,No phone service,DSL,Yes,Yes,No,Yes,Yes,Yes,One year,Yes,Credit card (automatic),83.15,81.47,No
7811-PEUOQ,Female,0,No,No,72,Yes,No,DSL,No,No,No,No,Yes,No,One year,Yes,Credit card (automatic),63.62,4529.41,No
1306-PHMPC,Female,0,Yes,No,11,Yes,Yes,Fiber optic,No,Yes,No,No,Yes,Yes,Month-to-month,Yes,Credit card (automatic),108.31,1201.93,Yes
4775-VQIAU,Female,0,Yes,No,12,Yes,No,No,No internet service,No internet service,No internet service,No internet service,No internet service,No internet service,Two year,Yes,Credit card (automatic),28.48,342.98,No
6202-TKIUV,Female,0,Yes,Yes,55,Yes,Yes,Fiber optic,Yes,No,No,Yes,Yes,No,Two year,No,Electronic check,97.32,5467.9,No
7883-VEFOF,Male,0,No,No,41,Yes,No,Fiber optic,No,No,No,Yes,Yes,No,Two year,No,Electronic check,84.1,3490.12,No
7276-TYFFR,Male,0,Yes,Yes,28,Yes,Yes,DSL,No,Yes,Yes,Yes,No,No,Month-to-month,Yes,Bank transfer (automatic),74.24,2096.05,Yes
3486-CCZLX,Female,0,No,No,3,No,No phone service,No,No internet service,No internet service,No internet service,No internet service,No internet service,No internet service,Month-to-month,Yes,Electronic check,21.49,63.51,Yes
6884-AOJRP,Female,0,No,No,2,Yes,Yes,Fiber optic,No,No,No,No,Yes,No,Month-to-month,Yes,Electronic check,86.58,168.02,Yes
2211-FJRLD,Male,0,Yes,Yes,53,Yes,Yes,Fiber optic,Yes,No,Yes,Yes,Yes,Yes,Month-to-month,Yes,Mailed check,112.98,5900.39,No
9610-KGRMW,Male,0,Yes,Yes,3,Yes,Yes,Fiber optic,Yes,Yes,Yes,No,No,Yes,One year,No,Bank transfer (automatic),108.15,308.61,No
9142-FFRST,Male,0,No,No,25,Yes,Yes,Fiber optic,No,Yes,Yes,No,No,Yes,Two year,Yes,Credit card (automatic),102.46,2485.21,No
6253-UBJBI,Female,0,Yes,Yes,56,Yes,Yes,DSL,Yes,Yes,No,No,No,No,Two year,Yes,Bank transfer (automatic),68.98,3797.26,No
7209-OAJFV,Female,1,No,No,70,Yes,Yes,Fiber optic,Yes,No,Yes,No,Yes,No,Two year,Yes,Electronic check,99.64,7174.01,No
8799-HYENR,Female,0,No,No,68,Yes,No,DSL,No,Yes,Yes,Yes,Yes,No,Two year,Yes,Electronic check,74.77,4841.6,No
8257-HTLAJ,Male,0,Yes,Yes,67,Yes,No,Fiber optic,No,No,No,No,No,Yes,Month-to-month,Yes,Mailed check,81.66,5205.72,No
1442-AAOQB,Male,0,No,No,19,Yes,No,Fiber optic,No,No,No,No,No,No,Month-to-month,Yes,Bank transfer (automatic),70.89,1396.21,Yes
1947-EIVWX,Male,1,Yes,No,71,Yes,Yes,Fiber optic,Yes,No,No,No,No,Yes,Two year,No,Electronic check,94.51,6632.72,No
9361-ZYPAF,Male,0,Yes,Yes,51,Yes,No,DSL,Yes,No,Yes,No,No,Yes,Two year,No,Electronic check,68.65,3333.0,No
3923-BUTYL,Female,1,No,No,70,Yes,Yes,DSL,Yes,No,Yes,Yes,Yes,No,Month-to-month,No,Mailed check,86.74,6365.05,No
5350-HBYOI,Male,0,Yes,No,2,Yes,No,Fiber optic,Yes,Yes,Yes,No,Yes,Yes,Month-to-month,Yes,Bank transfer (automatic),101.87,199.62,Yes
3349-SDZFJ,Male,0,Yes,No,1,Yes,No,No,No internet service,No internet service,No internet service,No internet service,No internet service,No internet service,Month-to-month,Yes,Bank transfer (automatic),23.33,24.15,Yes
8178-NGWOV,Male,0,No,No,25,No,No phone service,Fiber optic,No,No,Yes,No,Yes,Yes,Two year,Yes,Mailed check,87.24,2213.51,No
2409-IISIB,Male,0,Yes,No,64,Yes,Yes,DSL,No,Yes,Yes,No,No,No,Two year,Yes,Mailed check,67.19,4116.93,No
4446-VNFFM,Male,0,Yes,Yes,23,Yes,No,DSL,Yes,No,No,No,Yes,Yes,Month-to-month,No,Electronic check,73.26,1607.89,No
7382-NHJIQ,Male,0,No,No,69,Yes,Yes,Fiber optic,No,Yes,Yes,Yes,No,No,Month-to-month,Yes,Electronic check,98.51,6971.55,No
3160-XUCZW,Male,1,Yes,No,9,Yes,Yes,DSL,Yes,No,No,No,No,Yes,Month-to-month,No,Mailed check,71.66,657.16,Yes
6593-OPMYU,Male,0,No,No,1,Yes,No,Fiber optic,No,Yes,No,No,Yes,Yes,Month-to-month,No,Electronic check,94.99,91.31,Yes
9061-UOSRO,Male,0,Yes,Yes,58,Yes,No,Fiber optic,No,No,Yes,No,No,No,Month-to-month,No,Mailed check,78.37,4689.38,No
7993-NBMUT,Female,0,No,No,45,Yes,No,Fiber optic,No,Yes,No,No,No,No,Month-to-month,No,Bank transfer (automatic),75.48,3449.67,Yes
8703-RVWXI,Female,0,Yes,No,26,Yes,No,Fiber optic,No,No,No,No,No,Yes,Month-to-month,Yes,Bank transfer (automatic),78.41,2041.79,Yes
9752-AADTP,Female,0,No,No,66,No,No phone service,Fiber optic,No,Yes,No,No,Yes,No,One year,Yes,Mailed check,77.79,5326.14,No
7085-NZCAJ,Female,0,Yes,No,64,Yes,Yes,No,No internet service,No internet service,No internet service,No internet service,No internet service,No internet service,Two year,Yes,Electronic check,33.58,2101.67,No
5911-TFWDO,Female,1,No,No,16,Yes,Yes,DSL,Yes,No,No,Yes,No,Yes,Month-to-month,Yes,Mailed check,77.16,1260.92,Yes
2265-BJKXC,Male,0,No,No,65,Yes,Yes,Fiber optic,No,No,Yes,Yes,No,Yes,One year,Yes,Electronic check,98.24,6657.76,No
5749-BOUWU,Male,0,Yes,Yes,17,Yes,Yes,DSL,No,No,Yes,No,Yes,Yes,Month-to-month,No,Electronic check,87.49,1514.6,Yes
5704-QXEYB,Male,0,Yes,Yes,45,Yes,Yes,DSL,No,Yes,Yes,Yes,No,No,One year,No,Electronic check,76.23,3409.17,No
1837-CJITE,Male,0,Yes,Yes,7,Yes,No,DSL,Yes,Yes,No,Yes,Yes,No,Month-to-month,No,Electronic check,71.98,524.51,Yes
7499-ZPEQQ,Female,0,No,No,11,Yes,No,Fiber optic,No,No,No,No,Yes,Yes,Month-to-month,No,Electronic check,88.36,975.22,Yes
1452-AMNBP,Male,0,No,No,27,Yes,No,DSL,Yes,No,Yes,No,Yes,No,One year,No,Mailed check,70.57,1898.97,No
1989-DHPUJ,Female,0,No,No,15,Yes,Yes,No,No internet service,No internet service,No internet service,No internet service,No internet service,No internet service,Month-to-month,No,Mailed check,32.44,501.32,Yes
7256-MAEZM,Male,0,No,No,3,Yes,No,Fiber optic,Yes,No,No,Yes,No,No,Month-to-month,Yes,Bank transfer (automatic),77.84,228.66,No
2309-AXNDE,Female,0,Yes,Yes,30,Yes,Yes,DSL,Yes,Yes,No,No,Yes,Yes,Month-to-month,No,Electronic check,90.88,2773.66,Yes
9422-FUDUI,Female,0,Yes,No,33,Yes,No,Fiber optic,No,Yes,No,Yes,No,Yes,One year,No,Electronic check,92.3,3137.76,No
2656-KCWQG,Female,0,No,No,4,Yes,Yes,DSL,No,Yes,Yes,No,Yes,Yes,Month-to-month,No,Bank transfer (automatic),92.53,365.99,Yes
7828-XEEWL,Female,0,No,No,5,No,No phone service,DSL,No,No,No,Yes,Yes,Yes,Month-to-month,Yes,Credit card (automatic),70.41,354.76,No
2054-EPZKV,Male,1,Yes,No,1,Yes,Yes,Fiber optic,No,No,Yes,No,Yes,Yes,Month-to-month,Yes,Bank transfer (automatic),103.36,102.01,Yes
3891-MBSSD,Female,1,No,No,1,Yes,No,DSL,No,No,No,No,Yes,Yes,Month-to-month,Yes,Credit card (automatic),73.05,73.71,No
9984-RNFLT,Male,0,Yes,Yes,19,No,No phone service,DSL,No,No,No,Yes,Yes,Yes,Two year,No,Mailed check,72.26,1407.63,No
7786-KYRDQ,Female,0,Yes,Yes,4,No,No phone service,Fiber optic,No,No,Yes,No,Yes,Yes,Month-to-month,Yes,Electronic check,92.92,371.21,No
6378-RFTCS,Male,0,No,No,70,Yes,No,Fiber optic,No,Yes,No,No,Yes,No,Month-to-month,No,Bank transfer (automatic),88.07,6447.71,No
8791-XNSFC,Male,0,Yes,No,7,Yes,Yes,Fiber optic,No,Yes,Yes,No,Yes,Yes,Month-to-month,Yes,Bank transfer (automatic),110.91,764.6,Yes
8279-JHUYV,Female,0,Yes,No,2,Yes,No,Fiber optic,Yes,No,No,No,Yes,No,One year,Yes,Electronic check,85.68,172.26,Yes
8305-GGCGI,Male,0,No,No,22,Yes,No,Fiber optic,Yes,Yes,Yes,No,No,Yes,One year,No,Electronic check,98.05,2135.17,No
1715-SBGWE,Male,0,No,No,7,Yes,No,No,No internet service,No internet service,No internet service,No internet service,No internet service,No internet service,Month-to-month,No,Electronic check,23.15,163.46,Yes
6795-DDTUR,Male,0,Yes,Yes,2,No,No phone service,DSL,No,No,No,No,No,Yes,Month-to-month,Yes,Bank transfer (automatic),52.36,104.75,No
3416-HRLQW,Female,0,Yes,Yes,57,Yes,No,DSL,No,No,No,Yes,Yes,Yes,Month-to-month,Yes,Mailed check,74.28,4193.12,Yes
3479-AHUBX,Female,0,No,No,38,Yes,No,Fiber optic,No,No,No,Yes,No,Yes,Two year,Yes,Mailed check,81.67,3037.73,No
8559-IXNMR,Female,1,Yes,No,2,Yes,Yes,No,No internet service,No internet service,No internet service,No internet service,No internet service,No internet service,Month-to-month,No,Electronic check,34.9,71.08,Yes
3655-MRCAO,Female,0,Yes,Yes,29,Yes,Yes,Fiber optic,No,No,Yes,No,No,Yes,One year,Yes,Electronic check,92.76,2654.27,Yes
8069-XXCKM,Male,0,Yes,No,1,Yes,No,Fiber optic,Yes,No,No,No,No,Yes,Month-to-month,Yes,Mailed check,84.29,85.53,Yes
1315-VVNSM,Female,1,Yes,Yes,18,Yes,No,Fiber optic,No,No,Yes,Yes,Yes,Yes,One year,No,Bank transfer (automatic),98.0,1764.61,Yes
9140-EFBUG,Female,0,No,No,19,No,No phone service,Fiber optic,No,No,Yes,No,Yes,No,Month-to-month,No,Electronic check,76.0,1382.34,No
7471-TJJHT,Female,0,No,No,64,Yes,No,Fiber optic,No,Yes,Yes,No,Yes,No,Two year,Yes,Electronic check,93.42,5887.09,No
2633-ZMVPP,Male,0,Yes,Yes,56,Yes,No,Fiber optic,No,No,No,Yes,Yes,Yes,Month-to-month,No,Electronic check,97.35,5622.54,No
8145-GDQQD,Male,0,No,No,70,Yes,Yes,DSL,No,No,No,Yes,No,Yes,One year,No,Credit card (automatic),75.67,5437.02,No
8255-BYNDQ,Male,0,No,No,3,Yes,No,Fiber optic,No,Yes,No,No,Yes,No,Month-to-month,No,Bank transfer (automatic),81.1,253.32,Yes
5939-VHPEU,Male,1,Yes,Yes,36,Yes,No,Fiber optic,Yes,No,Yes,No,Yes,No,Two year,No,Electronic check,92.82,3197.41,No
8485-XYAYB,Male,0,No,Yes,1,Yes,No,DSL,Yes,No,No,Yes,Yes,Yes,Month-to-month,No,Electronic check,81.98,84.17,No
7287-BHGAD,Male,0,No,No,64,Yes,No,Fiber optic,No,Yes,No,No,No,Yes,Two year,No,Electronic check,84.23,5387.49,No
8661-WPRVV,Male,0,Yes,Yes,19,No,No phone service,DSL,No,No,No,No,No,No,Month-to-month,Yes,Mailed check,44.99,848.39,No
3739-PKGQQ,Male,0,No,No,2,No,No phone service,DSL,No,Yes,Yes,No,Yes,No,Month-to-month,No,Electronic check,67.28,133.0,Yes
7911-NOKAU,Female,0,No,Yes,16,No,No phone service,Fiber optic,No,Yes,Yes,No,Yes,No,Month-to-month,No,Electronic check,86.23,1377.35,Yes
1705-WVOEG,Female,1,Yes,Yes,13,Yes,No,No,No internet service,No internet service,No internet service,No internet service,No internet service,No internet service,Month-to-month,Yes,Mailed check,28.23,377.32,Yes
6072-LXLTJ,Male,1,Yes,No,58,Yes,No,DSL,No,No,Yes,No,Yes,Yes,Two year,No,Mailed check,75.53,4564.65,No
8205-IGNKU,Female,0,Yes,No,3,Yes,No,Fiber optic,No,Yes,Yes,No,Yes,No,Month-to-month,Yes,Electronic check,90.64,282.73,Yes
9151-JZYIJ,Female,0,Yes,Yes,38,Yes,No,No,No internet service,No internet service,No internet service,No internet service,No internet service,No internet service,Month-to-month,No,Credit card (automatic),27.44,1012.02,No
8326-KYEZM,Female,0,Yes,No,61,Yes,Yes,No,No internet service,No internet service,No internet service,No internet service,No internet service,No internet service,Month-to-month,Yes,Electronic check,32.66,2031.61,No
9526-WXDYA,Female,1,No,No,56,Yes,No,DSL,No,Yes,No,Yes,No,No,Two year,Yes,Credit card (automatic),57.66,3382.24,No
1135-JPTZH,Male,0,Yes,Yes,71,Yes,No,Fiber optic,No,No,No,No,No,No,One year,Yes,Electronic check,67.12,4816.69,No
8058-SLEEN,Female,0,No,No,1,Yes,Yes,DSL,No,No,No,Yes,No,Yes,Month-to-month,Yes,Electronic check,72.23,71.18,Yes
7721-QAIMD,Male,0,Yes,No,18,Yes,No,DSL,No,Yes,Yes,No,Yes,No,Two year,Yes,Credit card (automatic),71.91,1332.75,No
8909-UVHGU,Male,0,No,No,19,Yes,Yes,Fiber optic,Yes,No,No,Yes,Yes,Yes,Two year,No,Mailed check,109.38,2152.43,No
5070-JDJCX,Female,0,No,No,1,Yes,No,Fiber optic,No,No,No,Yes,No,Yes,Month-to-month,Yes,Electronic check,84.77,81.04,Yes
2677-CWGRM,Female,0,No,No,63,Yes,No,DSL,Yes,Yes,Yes,Yes,Yes,No,Two year,Yes,Mailed check,79.59,4934.52,No
5943-KWTFX,Male,0,No,No,51,Yes,No,Fiber optic,Yes,No,Yes,No,Yes,No,Two year,No,Credit card (automatic),87.94,4530.91,No
2190-LKQKU,Female,0,Yes,Yes,35,Yes,Yes,DSL,Yes,No,Yes,No,No,Yes,Month-to-month,Yes,Credit card (automatic),83.72,3028.12,No
4151-YOMOD,Male,0,Yes,No,22,Yes,Yes,Fiber optic,No,Yes,No,No,Yes,Yes,Month-to-month,Yes,Electronic check,105.03,2256.56,Yes
3241-GPKKW,Female,0,Yes,No,70,Yes,No,DSL,Yes,No,No,No,Yes,Yes,One year,Yes,Electronic check,74.07,5397.92,No
4022-YVRLW,Male,0,No,Yes,11,Yes,No,DSL,No,No,Yes,No,No,No,One year,Yes,Bank transfer (automatic),57.01,618.15,No
1178-ZROCQ,Male,0,No,No,17,Yes,No,DSL,No,No,No,No,No,No,Two year,No,Electronic check,52.18,865.87,No
6977-SGCMM,Female,1,No,No,71,Yes,Yes,DSL,Yes,Yes,Yes,No,Yes,Yes,Month-to-month,No,Bank transfer (automatic),98.87,6669.34,No
8194-RGQRL,Male,0,No,Yes,2,Yes,No,No,No internet service,No internet service,No internet service,No internet service,No internet service,No internet service,Month-to-month,Yes,Bank transfer (automatic),24.71,48.33,Yes
5732-ZSGDC,Male,0,No,No,60,Yes,Yes,Fiber optic,No,Yes,Yes,No,No,No,Two year,No,Electronic check,86.81,5327.95,No
8890-JAWWP,Male,0,No,No,54,Yes,No,No,No internet service,No internet service,No internet service,No internet service,No internet service,No internet service,One year,No,Bank transfer (automatic),27.14,1483.81,No
9880-CJENZ,Male,0,Yes,No,70,Yes,No,Fiber optic,No,Yes,No,No,No,Yes,Two year,No,Mailed check,86.65,6028.75,No
1832-ZLYBO,Female,0,Yes,No,2,Yes,Yes,Fiber optic,No,No,Yes,No,Yes,Yes,Month-to-month,Yes,Bank transfer (automatic),101.44,206.28,No
4222-TNTTK,Male,0,No,No,72,Yes,No,Fiber optic,No,No,Yes,Yes,No,No,One year,Yes,Credit card (automatic),80.57,5813.59,No
1788-RYRJB,Female,1,No,No,1,Yes,Yes,DSL,No,Yes,No,Yes,No,No,Month-to-month,Yes,Electronic check,67.11,66.6,Yes
1681-ODRRY,Male,0,Yes,Yes,17,Yes,Yes,DSL,No,No,No,Yes,Yes,No,Month-to-month,Yes,Bank transfer (automatic),78.88,1291.05,No
8939-ZNVKJ,Male,0,No,No,2,Yes,Yes,Fiber optic,No,No,Yes,Yes,Yes,No,Month-to-month,No,Mailed check,102.52,202.67,Yes
9945-CWQZH,Male,0,Yes,No,2,Yes,No,Fiber optic,Yes,Yes,No,No,No,Yes,Month-to-month,No,Mailed check,87.06,166.94,Yes
8513-JKIKB,Female,0,Yes,No,72,Yes,No,No,No internet service,No internet service,No internet service,No internet service,No internet service,No internet service,Two year,Yes,Mailed check,21.78,1585.3,No
2561-VECBC,Male,0,Yes,No,54,Yes,No,Fiber optic,No,No,Yes,No,Yes,No,Two year,Yes,Credit card (automatic),83.26,4663.51,No
5971-SVXYG,Male,0,No,Yes,33,Yes,Yes,No,No internet service,No internet service,No internet service,No internet service,No internet service,No internet service,Month-to-month,No,Bank transfer (automatic),33.07,1051.11,Yes
1225-FXVYE,Male,0,No,No,3,Yes,Yes,Fiber optic,No,No,No,No,Yes,No,Month-to-month,No,Bank transfer (automatic),89.49,273.13,Yes
1321-CGWPJ,Female,1,No,No,35,Yes,Yes,No,No internet service,No internet service,No internet service,No internet service,No internet service,No internet service,Two year,Yes,Bank transfer (automatic),31.09,1057.01,No
9497-BOEOU,Male,0,Yes,No,15,Yes,Yes,DSL,No,Yes,Yes,No,No,No,Month-to-month,Yes,Electronic check,71.34,1036.8,Yes
7326-PPDWE,Female,0,No,No,11,Yes,No,DSL,No,No,Yes,Yes,No,Yes,Month-to-month,No,Electronic check,69.92,791.71,No
5237-VNFNQ,Male,1,Yes,Yes,44,No,No phone service,DSL,No,Yes,No,Yes,No,Yes,Month-to-month,Yes,Electronic check,61.44,2718.36,Yes
5212-RPHZK,Male,0,Yes,No,61,Yes,No,DSL,No,No,No,Yes,No,Yes,One year,Yes,Mailed check,61.31,3905.1,No
2973-BGMCO,Male,0,Yes,No,26,Yes,No,Fiber optic,Yes,No,Yes,No,No,Yes,Month-to-month,No,Mailed check,87.37,2381.22,Yes
3065-ANSOR,Male,0,Yes,Yes,31,Yes,No,No,No internet service,No internet service,No internet service,No internet service,No internet service,No internet service,Month-to-month,No,Electronic check,23.62,743.43,Yes
4737-PAQFB,Female,1,Yes,Yes,48,Yes,No,DSL,Yes,No,No,No,No,Yes,Two year,Yes,Mailed check,61.49,2922.82,No
1953-LQFGN,Female,0,No,No,3,Yes,Yes,Fiber optic,No,No,No,No,No,Yes,Month-to-month,Yes,Bank transfer (automatic),88.61,260.31,Yes
4587-LIMPZ,Male,0,Yes,Yes,64,Yes,No,No,No internet service,No internet service,No internet service,No internet service,No internet service,No internet service,Two year,Yes,Electronic check,28.2,1743.33,No
6642-GXZBN,Male,0,No,No,65,Yes,No,No,No internet service,No internet service,No internet service,No internet service,No internet service,No internet service,Two year,Yes,Electronic check,25.15,1631.57,No
3626-EWMPV,Male,1,No,No,36,Yes,Yes,DSL,No,No,No,No,No,No,Two year,Yes,Credit card (automatic),56.09,2012.69,No
8423-ILJXX,Male,0,No,No,6,Yes,Yes,Fiber optic,Yes,No,No,No,No,No,Month-to-month,No,Electronic check,86.18,491.31,Yes
9676-FLRVV,Male,0,No,No,32,Yes,Yes,DSL,No,No,Yes,Yes,No,No,Two year,Yes,Credit card (automatic),73.33,2395.77,No
5029-RNRSN,Female,0,No,No,3,Yes,No,Fiber optic,No,Yes,No,No,Yes,No,Month-to-month,Yes,Bank transfer (automatic),82.4,243.26,Yes
3142-UPFPD,Male,1,No,No,58,Yes,Yes,Fiber optic,No,No,Yes,No,No,Yes,Two year,Yes,Bank transfer (automatic),94.68,5682.38,No
6624-TJRCM,Female,0,Yes,No,15,No,No phone service,DSL,No,No,No,No,No,Yes,Month-to-month,Yes,Credit card (automatic),53.76,797.83,No
4536-PNPXO,Male,0,No,Yes,15,Yes,No,DSL,Yes,No,No,Yes,Yes,Yes,Month-to-month,Yes,Electronic check,76.38,1195.48,No
2036-IYUML,Male,0,Yes,Yes,71,Yes,No,Fiber optic,No,No,Yes,No,Yes,Yes,Month-to-month,Yes,Electronic check,93.02,6740.36,No
2058-UPJWG,Male,0,Yes,Yes,24,Yes,No,DSL,Yes,Yes,No,Yes,No,No,Two year,Yes,Electronic check,63.73,1516.52,No
2138-AFWBX,Male,0,Yes,Yes,61,Yes,No,DSL,No,Yes,Yes,No,Yes,Yes,One year,No,Bank transfer (automatic),82.72,5058.55,Yes
8595-MSVML,Male,0,No,No,46,Yes,Yes,Fiber optic,No,Yes,No,Yes,Yes,No,One year,No,Electronic check,97.62,4439.45,No
4888-IRQLW,Male,0,No,No,15,Yes,No,DSL,Yes,Yes,Yes,No,Yes,Yes,Two year,No,Electronic check,86.35,1287.6,No
3422-DHTVQ,Male,0,No,No,3,Yes,Yes,Fiber optic,No,Yes,No,No,No,Yes,Month-to-month,No,Electronic check,95.02,272.3,Yes
1739-JUTPH,Female,1,Yes,No,61,Yes,Yes,Fiber optic,No,No,No,No,Yes,Yes,One year,No,Electronic check,96.07,5706.84,Yes
1821-FCBBM,Male,0,Yes,Yes,58,Yes,No,No,No internet service,No internet service,No internet service,No internet service,No internet service,No internet service,Two year,Yes,Electronic check,26.26,1589.67,No
3368-QIUMU,Female,0,Yes,Yes,5,Yes,No,Fiber optic,Yes,No,No,No,No,No,Month-to-month,Yes,Mailed check,77.67,391.02,Yes
6073-BATBI,Male,0,No,No,10,Yes,No,DSL,No,Yes,No,No,Yes,Yes,Month-to-month,Yes,Credit card (automatic),74.56,709.13,No
5552-LVZIT,Female,0,Yes,No,58,No,No phone service,No,No internet service,No internet service,No internet service,No internet service,No internet service,No internet service,One year,No,Bank transfer (automatic),18.25,1111.11,No
7090-BLTTM,Male,1,No,No,72,Yes,Yes,DSL,No,No,No,Yes,No,Yes,Two year,No,Bank transfer (automatic),77.15,5465.74,No
6725-XCPGA,Male,0,No,Yes,66,No,No phone service,DSL,No,Yes,Yes,No,No,No,One year,Yes,Electronic check,51.15,3525.64,Yes
1977-FZEIK,Female,0,No,Yes,51,Yes,No,Fiber optic,No,Yes,No,No,Yes,No,Month-to-month,Yes,Bank transfer (automatic),85.05,4533.58,No
8155-NXFUD,Male,0,No,No,70,Yes,Yes,Fiber optic,No,No,Yes,No,No,No,One year,Yes,Mailed check,81.33,5708.84,No
5923-DNNFQ,Female,0,Yes,No,13,Yes,No,Fiber optic,Yes,Yes,No,No,Yes,Yes,Two year,Yes,Credit card (automatic),103.0,1331.75,Yes
2768-XLPSO,Female,0,No,No,1,Yes,No,DSL,Yes,No,No,No,Yes,Yes,Month-to-month,Yes,Electronic check,78.88,78.23,Yes
3381-CQCPN,Male,0,No,No,15,No,No phone service,Fiber optic,No,No,No,No,Yes,Yes,Month-to-month,Yes,Electronic check,88.93,1332.02,Yes
5297-JTPAQ,Female,0,No,No,72,Yes,No,Fiber optic,No,Yes,No,No,Yes,No,Two year,Yes,Electronic check,82.24,5987.38,No
2602-EAKZU,Female,0,No,No,69,No,No phone service,Fiber optic,No,Yes,No,No,No,No,Two year,Yes,Bank transfer (automatic),71.02,4713.54,No
5177-LBBQJ,Female,0,No,No,2,Yes,No,No,No internet service,No internet service,No internet service,No internet service,No internet service,No internet service,Month-to-month,No,Mailed check,25.71,52.61,No
9501-TMBTG,Female,0,Yes,Yes,32,Yes,No,Fiber optic,No,Yes,No,No,No,No,Month-to-month,Yes,Electronic check,74.19,2340.94,Yes
6807-KHLCM,Male,0,Yes,Yes,2,Yes,No,Fiber optic,No,Yes,No,Yes,No,No,Month-to-month,No,Bank transfer (automatic),82.45,165.06,Yes
3567-QSLWO,Male,1,No,No,61,Yes,Yes,Fiber optic,No,Yes,No,No,Yes,Yes,Two year,No,Mailed check,107.36,6842.06,No
2275-MAQDD,Female,0,No,No,20,Yes,Yes,Fiber optic,Yes,Yes,Yes,Yes,Yes,Yes,Month-to-month,No,Mailed check,122.82,2573.32,Yes
5797-GQGFE,Male,0,Yes,Yes,70,Yes,Yes,Fiber optic,Yes,No,Yes,No,Yes,Yes,One year,Yes,Electronic check,112.33,7581.93,No
3451-YKXQQ,Male,0,No,No,2,Yes,No,DSL,No,Yes,No,Yes,No,Yes,One year,Yes,Bank transfer (automatic),70.46,139.63,No
9356-UADZA,Male,0,Yes,Yes,55,Yes,No,DSL,Yes,Yes,No,No,No,No,Two year,Yes,Credit card (automatic),60.28,3252.22,No
3825-IITAQ,Female,1,Yes,Yes,22,Yes,Yes,Fiber optic,No,Yes,Yes,No,Yes,No,Month-to-month,Yes,Electronic check,96.92,2074.33,Yes
8358-CVHIV,Male,1,Yes,Yes,11,Yes,Yes,DSL,Yes,No,No,Yes,No,Yes,Month-to-month,Yes,Electronic check,82.9,938.42,Yes
2568-TJLEI,Female,0,Yes,Yes,34,Yes,No,DSL,Yes,No,No,No,Yes,No,Month-to-month,No,Credit card (automatic),67.81,2219.09,Yes
8196-CZAKM,Male,0,No,No,30,Yes,No,DSL,Yes,Yes,No,No,Yes,Yes,Month-to-month,Yes,Credit card (automatic),82.93,2433.91,Yes
2362-PLJBR,Male,0,No,No,18,Yes,No,DSL,Yes,No,Yes,No,Yes,No,Month-to-month,Yes,Electronic check,66.23,1149.19,No
9075-ITWUP,Female,0,No,No,48,Yes,No,No,No internet service,No internet service,No internet service,No internet service,No internet service,No internet service,Two year,No,Credit card (automatic),22.96,1107.81,No
3793-FCQJX,Female,0,No,Yes,49,Yes,No,DSL,No,No,No,Yes,Yes,No,Two year,No,Bank transfer (automatic),64.41,3016.86,No
7005-WPQNT,Male,0,Yes,No,2,Yes,Yes,DSL,No,Yes,No,No,Yes,Yes,Two year,Yes,Credit card (automatic),83.07,162.95,No
3758-LXJSP,Male,0,No,Yes,42,Yes,No,Fiber optic,No,No,No,No,No,No,Two year,Yes,Credit card (automatic),72.35,3186.8,No
1067-SKBJK,Male,0,No,No,53,Yes,Yes,Fiber optic,No,Yes,Yes,No,No,Yes,Two year,Yes,Mailed check,97.01,4907.36,No
9949-XARLL,Female,0,No,No,2,Yes,No,No,No internet service,No internet service,No internet service,No internet service,No internet service,No internet service,Month-to-month,Yes,Credit card (automatic),25.69,53.49,Yes
4191-XHTQB,Male,0,Yes,No,49,Yes,Yes,Fiber optic,Yes,Yes,No,No,Yes,No,One year,No,Bank transfer (automatic),101.53,4920.29,Yes
6594-LLTMT,Male,1,No,No,62,Yes,Yes,DSL,Yes,No,No,No,No,Yes,One year,No,Bank transfer (automatic),76.9,4694.48,No
1734-YRTLW,Female,0,No,Yes,65,Yes,Yes,DSL,Yes,No,Yes,No,Yes,Yes,Month-to-month,No,Credit card (automatic),90.86,5992.59,Yes
3064-UNBPM,Male,1,Yes,No,1,Yes,No,No,No internet service,No internet service,No internet service,No internet service,No internet service,No internet service,Month-to-month,No,Bank transfer (automatic),24.76,25.81,Yes
6233-HMSZC,Male,0,Yes,Yes,52,Yes,No,DSL,Yes,No,Yes,No,Yes,No,Two year,No,Bank transfer (automatic),67.6,3407.51,No
2845-OAOOP,Female,0,Yes,No,61,Yes,No,Fiber optic,No,No,Yes,Yes,No,Yes,Month-to-month,No,Bank transfer (automatic),88.09,5282.04,Yes
2443-ILJNE,Female,1,Yes,Yes,22,No,No phone service,Fiber optic,No,Yes,Yes,No,No,No,Month-to-month,Yes,Bank transfer (automatic),71.6,1576.1,Yes
5795-GEKMZ,Female,0,No,No,37,Yes,No,Fiber optic,No,No,Yes,Yes,No,Yes,One year,No,Credit card (automatic),89.52,3462.46,No
3125-KGIZP,Male,0,No,No,11,Yes,No,No,No internet service,No internet service,No internet service,No internet service,No internet service,No internet service,One year,No,Electronic check,21.13,242.31,Yes
3339-RTKNY,Female,0,No,No,15,No,No phone service,Fiber optic,No,No,Yes,No,No,Yes,One year,Yes,Bank transfer (automatic),78.02,1162.23,No
6434-OJOMN,Female,1,No,No,32,Yes,No,Fiber optic,No,Yes,No,Yes,No,Yes,Month-to-month,No,Electronic check,91.86,2804.43,Yes
7708-LOUJN,Male,0,No,No,4,Yes,No,No,No internet service,No internet service,No internet service,No internet service,No internet service,No internet service,One year,Yes,Electronic check,25.53,100.52,No
3252-TKHYN,Female,0,Yes,No,20,Yes,Yes,DSL,Yes,Yes,No,No,No,No,One year,Yes,Bank transfer (automatic),72.0,1415.9,No
6785-JVPDT,Male,0,No,No,14,No,No phone service,Fiber optic,Yes,No,No,No,Yes,Yes,Month-to-month,Yes,Mailed check,88.25,1275.93,No
9412-LUSWO,Female,0,No,No,9,Yes,No,No,No internet service,No internet service,No internet service,No internet service,No internet service,No internet service,Month-to-month,No,Credit card (automatic),26.41,236.92,Yes
3203-SPTYS,Female,0,No,Yes,30,Yes,Yes,Fiber optic,Yes,Yes,No,No,No,Yes,Month-to-month,Yes,Bank transfer (automatic),102.07,2961.53,Yes
9709-GIJDP,Female,0,Yes,No,65,Yes,No,Fiber optic,No,No,No,No,Yes,No,One year,No,Mailed check,81.25,5262.87,No
1698-VEUJG,Male,0,Yes,No,10,Yes,No,No,No internet service,No internet service,No internet service,No internet service,No internet service,No internet service,Month-to-month,Yes,Electronic check,24.63,248.39,No
2259-HMSAK,Female,1,Yes,No,49,Yes,No,DSL,No,No,No,Yes,No,No,Two year,Yes,Electronic check,52.52,2492.62,No
3546-FPGGW,Male,0,No,No,10,Yes,No,No,No internet service,No internet service,No internet service,No internet service,No internet service,No internet service,Month-to-month,Yes,Mailed check,27.53,266.13,No
5117-DHADG,Female,1,No,No,3,Yes,Yes,No,No internet service,No internet service,No internet service,No internet service,No internet service,No internet service,Month-to-month,Yes,Bank transfer (automatic),37.05,115.07,Yes
5240-SSQFK,Female,0,Yes,Yes,71,Yes,No,Fiber optic,No,No,No,No,Yes,Yes,Two year,Yes,Mailed check,92.02,6371.12,No
8532-VEVGW,Male,0,No,No,46,Yes,No,Fiber optic,No,Yes,No,Yes,No,Yes,Two year,No,Mailed check,93.22,4146.03,No
7917-GORIH,Male,0,Yes,Yes,3,Yes,Yes,Fiber optic,Yes,No,No,Yes,Yes,No,Month-to-month,Yes,Mailed check,103.04,294.71,Yes
4237-WZSKX,Female,0,Yes,Yes,46,Yes,Yes,Fiber optic,No,No,No,No,Yes,No,One year,Yes,Mailed check,88.3,4012.24,No
9076-ONXIM,Male,0,No,No,6,Yes,Yes,DSL,No,No,No,Yes,No,No,Month-to-month,Yes,Electronic check,61.34,353.8,Yes
2399-DBSZE,Female,0,Yes,No,70,Yes,Yes,Fiber optic,No,Yes,No,Yes,Yes,Yes,One year,No,Electronic check,113.44,8255.39,No
8457-XKCJF,Male,0,Yes,No,10,Yes,No,Fiber optic,No,Yes,Yes,No,Yes,Yes,Month-to-month,Yes,Electronic check,98.87,983.7,Yes
6171-GENIJ,Female,0,Yes,Yes,62,Yes,No,Fiber optic,No,No,No,No,No,Yes,Month-to-month,No,Mailed check,83.79,5299.47,No
9689-IAMRO,Male,0,Yes,Yes,7,Yes,No,DSL,No,Yes,No,Yes,No,Yes,Month-to-month,Yes,Electronic check,71.95,490.84,Yes
4579-JXLUI,Female,0,No,No,38,Yes,No,DSL,Yes,No,Yes,Yes,Yes,No,Month-to-month,No,Electronic check,73.76,2930.79,Yes
8092-IWILW,Female,0,No,No,70,No,No phone service,No,No internet service,No internet service,No internet service,No internet service,No internet service,No internet service,One year,No,Electronic check,20.69,1449.11,No
3372-PHSPM,Female,0,Yes,No,13,Yes,Yes,Fiber optic,Yes,No,Yes,No,Yes,Yes,One year,Yes,Mailed check,113.41,1547.14,No
1583-PRMOU,Male,0,Yes,Yes,2,Yes,No,DSL,Yes,No,No,No,Yes,No,Month-to-month,No,Credit card (automatic),61.95,124.23,Yes
5675-YSMGL,Female,0,Yes,Yes,38,Yes,Yes,DSL,Yes,No,No,Yes,Yes,Yes,Two year,Yes,Bank transfer (automatic),91.73,3313.54,No
5948-SCYYL,Male,0,No,No,5,Yes,No,Fiber optic,Yes,No,Yes,Yes,Yes,Yes,Month-to-month,Yes,Electronic check,103.42,530.39,Yes
2903-BSFAK,Female,0,No,No,55,Yes,No,DSL,No,No,No,Yes,Yes,No,Two year,Yes,Electronic check,61.79,3313.87,No
5579-MGDOS,Female,0,Yes,No,42,Yes,Yes,DSL,No,No,No,No,Yes,Yes,Two year,Yes,Credit card (automatic),79.02,3446.87,No
5170-RQQCS,Male,1,Yes,Yes,18,Yes,Yes,Fiber optic,Yes,No,No,Yes,No,Yes,Two year,Yes,Electronic check,98.07,1730.25,No
1973-OCAZX,Male,0,Yes,No,53,Yes,No,No,No internet service,No internet service,No internet service,No internet service,No internet service,No internet service,One year,Yes,Credit card (automatic),21.44,1162.38,No
1788-POGBJ,Male,0,Yes,No,9,Yes,No,Fiber optic,No,Yes,No,No,Yes,No,One year,No,Electronic check,88.78,825.16,Yes
2040-HZTCL,Female,0,Yes,Yes,70,Yes,No,DSL,No,No,Yes,Yes,Yes,Yes,Month-to-month,Yes,Mailed check,78.37,5265.1,No
3652-DURQJ,Female,0,No,No,18,Yes,No,Fiber optic,Yes,Yes,Yes,No,No,No,Month-to-month,No,Mailed check,84.5,1583.82,Yes
2316-JQEVP,Male,0,Yes,No,58,No,No phone service,DSL,Yes,No,No,Yes,Yes,Yes,One year,Yes,Credit card (automatic),77.11,4598.67,No
4472-HPLLE,Male,0,Yes,No,11,No,No phone service,Fiber optic,Yes,Yes,Yes,No,No,No,Month-to-month,Yes,Mailed check,76.4,818.92,Yes
6153-GCQXX,Female,0,No,No,54,Yes,Yes,Fiber optic,No,No,No,Yes,No,No,Month-to-month,Yes,Electronic check,85.36,4559.6,No
6134-DMLEG,Male,0,No,No,1,Yes,Yes,Fiber optic,No,Yes,Yes,Yes,No,No,Month-to-month,Yes,Mailed check,97.33,96.22,Yes
6384-WFIDT,Male,0,Yes,No,13,Yes,No,DSL,No,Yes,No,No,Yes,Yes,Two year,Yes,Mailed check,77.76,1053.66,No
4522-CCZCR,Male,0,Yes,Yes,2,Yes,Yes,Fiber optic,No,Yes,No,No,No,Yes,Month-to-month,Yes,Credit card (automatic),96.64,199.83,Yes
2025-JLHKJ,Male,0,No,No,27,Yes,No,Fiber optic,Yes,Yes,Yes,Yes,Yes,No,Month-to-month,Yes,Credit card (automatic),99.14,2790.52,Yes
9218-CEIXP,Female,0,No,No,25,No,No phone service,No,No internet service,No internet service,No internet service,No internet service,No internet service,No internet service,Month-to-month,Yes,Bank transfer (automatic),20.49,508.41,No
3547-MQVDA,Female,0,Yes,Yes,19,Yes,Yes,Fiber optic,No,No,Yes,No,No,No,One year,Yes,Credit card (automatic),82.45,1592.57,Yes
4198-NYFNP,Male,0,Yes,Yes,72,Yes,Yes,DSL,Yes,No,Yes,No,Yes,Yes,Month-to-month,Yes,Credit card (automatic),90.87,6698.16,No
8983-QTDFL,Female,0,Yes,Yes,10,Yes,No,No,No internet service,No internet service,No internet service,No internet service,No internet service,No internet service,Month-to-month,No,Electronic check,21.87,225.83,Yes
6558-HLZLS,Male,0,No,No,61,Yes,No,DSL,No,No,No,Yes,No,Yes,Two year,No,Electronic check,67.96,4298.89,No
3427-ZFSDT,Female,0,No,No,26,Yes,No,Fiber optic,Yes,No,Yes,Yes,Yes,Yes,Month-to-month,Yes,Bank transfer (automatic),108.65,2934.29,No
8409-WQRNX,Male,1,Yes,No,17,Yes,Yes,Fiber optic,Yes,No,No,No,Yes,Yes,Month-to-month,Yes,Electronic check,103.3,1689.08,Yes
4196-QUSRK,Female,0,Yes,Yes,7,Yes,Yes,DSL,No,Yes,No,No,No,No,Month-to-month,Yes,Bank transfer (automatic),62.67,436.02,Yes
1354-SKPFX,Male,0,No,No,46,Yes,No,DSL,No,No,No,No,Yes,No,Month-to-month,No,Electronic check,60.36,2789.69,No
1788-AZEUV,Male,0,Yes,Yes,16,Yes,No,Fiber optic,Yes,Yes,Yes,Yes,No,Yes,One year,Yes,Credit card (automatic),103.51,1576.57,No
8355-BBZMX,Female,0,Yes,Yes,63,Yes,No,Fiber optic,Yes,Yes,Yes,Yes,Yes,Yes,One year,Yes,Electronic check,109.32,6721.34,No
7501-SMOMA,Male,0,No,Yes,72,Yes,No,Fiber optic,Yes,No,No,No,No,No,Month-to-month,No,Electronic check,71.81,5046.65,Yes
4927-EZDFC,Female,0,Yes,No,9,Yes,Yes,Fiber optic,No,Yes,No,No,Yes,No,Month-to-month,Yes,Mailed check,98.49,873.59,Yes
8053-EXJTB,Female,0,No,No,3,No,No phone service,DSL,No,No,Yes,Yes,No,No,Month-to-month,Yes,Bank transfer (automatic),52.7,164.25,Yes
6238-MZSPJ,Female,0,No,No,15,Yes,Yes,No,No internet service,No internet service,No internet service,No internet service,No internet service,No internet service,Month-to-month,No,Bank transfer (automatic),35.96,541.91,No
4915-EWLVN,Male,0,No,No,29,No,No phone service,No,No internet service,No internet service,No internet service,No internet service,No internet service,No internet service,Month-to-month,Yes,Electronic check,23.13,682.38,Yes
1077-PWWTN,Male,0,No,No,14,Yes,No,DSL,No,Yes,Yes,No,Yes,No,Month-to-month,Yes,Electronic check,70.63,1026.76,Yes
8698-GDFSA,Female,1,Yes,Yes,72,Yes,Yes,DSL,Yes,Yes,No,Yes,No,No,Month-to-month,No,Credit card (automatic),71.8,5239.49,No
5655-NNPVX,Male,1,No,No,60,Yes,No,Fiber optic,No,Yes,Yes,No,Yes,Yes,One year,No,Bank transfer (automatic),100.96,6020.13,No
2012-ZPFYL,Female,1,No,No,72,Yes,No,DSL,No,No,No,No,No,No,Month-to-month,Yes,Electronic check,46.21,3377.53,No
6232-QZTLG,Female,0,Yes,Yes,20,Yes,Yes,No,No internet service,No internet service,No internet service,No internet service,No internet service,No internet service,One year,Yes,Mailed check,31.88,648.31,No
4251-LPEPQ,Male,1,Yes,Yes,14,Yes,Yes,Fiber optic,No,No,Yes,No,No,Yes,One year,Yes,Mailed check,96.72,1353.07,No
7658-SSXIJ,Female,0,No,No,23,Yes,No,Fiber optic,No,No,Yes,No,Yes,Yes,Month-to-month,No,Electronic check,97.48,2344.64,Yes
4840-EZWNG,Male,1,Yes,No,34,Yes,Yes,Fiber optic,No,No,No,Yes,Yes,Yes,One year,Yes,Electronic check,105.81,3538.54,No
9366-ACZOI,Female,0,Yes,No,56,Yes,No,DSL,Yes,Yes,No,No,Yes,Yes,One year,No,Electronic check,80.08,4661.58,No
9853-KYVMR,Female,0,Yes,No,69,Yes,No,Fiber optic,Yes,No,No,No,Yes,No,Two year,Yes,Credit card (automatic),81.11,5341.93,No
8607-VCXWS,Male,0,Yes,Yes,28,Yes,No,Fiber optic,No,Yes,No,Yes,Yes,No,Month-to-month,No,Electronic check,92.14,2627.42,Yes
6691-BYZGH,Male,0,No,No,13,Yes,No,Fiber optic,Yes,No,No,Yes,No,Yes,Two year,No,Electronic check,92.21,1230.38,Yes
9012-YUMEW,Female,0,Yes,Yes,15,Yes,No,Fiber optic,No,Yes,No,No,No,No,Month-to-month,No,Credit card (automatic),77.02,1110.67,No
2986-JOJXW,Female,1,Yes,No,52,Yes,No,No,No internet service,No internet service,No internet service,No internet service,No internet service,No internet service,Two year,Yes,Credit card (automatic),25.54,1381.38,No
3843-PPPVS,Male,0,No,No,39,Yes,Yes,DSL,No,Yes,No,Yes,No,Yes,One year,Yes,Bank transfer (automatic),83.11,3307.5,No
2361-JGRLN,Female,0,No,Yes,31,Yes,Yes,DSL,Yes,No,Yes,Yes,Yes,Yes,Month-to-month,Yes,Electronic check,97.49,2920.36,No
4047-UHBRK,Male,1,No,No,7,Yes,Yes,DSL,No,Yes,Yes,No,No,No,Month-to-month,No,Mailed check,67.59,483.63,Yes
9031-JWZFW,Female,0,Yes,Yes,69,Yes,No,No,No internet service,No internet service,No internet service,No internet service,No internet service,No internet service,One year,Yes,Mailed check,21.93,1556.12,No
2850-IVMIP,Female,1,Yes,No,60,Yes,Yes,DSL,No,No,No,Yes,No,No,Month-to-month,Yes,Mailed check,61.14,3587.95,Yes
4897-TXJSS,Male,0,No,No,3,Yes,Yes,DSL,No,No,No,No,No,No,Month-to-month,No,Bank transfer (automatic),57.71,177.1,Yes
7413-CUEES,Male,0,Yes,No,19,Yes,Yes,DSL,No,No,Yes,No,No,Yes,One year,Yes,Mailed check,76.89,1475.8,No
8528-ZULNE,Female,0,Yes,No,36,Yes,No,No,No internet service,No internet service,No internet service,No internet service,No internet service,No internet service,Two year,Yes,Bank transfer (automatic),24.81,910.78,No
7667-SELQQ,Female,0,No,No,27,Yes,Yes,No,No internet service,No internet service,No internet service,No internet service,No internet service,No internet service,Month-to-month,Yes,Credit card (automatic),36.57,1016.13,No
9935-NCPRX,Male,1,Yes,No,22,Yes,Yes,Fiber optic,No,Yes,No,No,No,Yes,Month-to-month,Yes,Electronic check,97.43,2234.91,Yes
4648-ARDWT,Female,1,No,Yes,54,Yes,Yes,Fiber optic,No,Yes,No,No,No,Yes,Month-to-month,Yes,Electronic check,93.91,4988.56,Yes
2066-LMLNB,Male,0,No,No,2,Yes,No,DSL,No,Yes,No,No,Yes,No,Month-to-month,Yes,Electronic check,68.02,138.51,Yes
1361-VKTQK,Male,0,Yes,Yes,29,Yes,Yes,No,No internet service,No internet service,No internet service,No internet service,No internet service,No internet service,Month-to-month,Yes,Electronic check,37.26,1131.93,No
5901-PSKUO,Female,0,Yes,No,11,Yes,No,DSL,Yes,Yes,Yes,No,Yes,No,Month-to-month,No,Electronic check,75.78,802.05,Yes
6719-ZZQKG,Male,0,Yes,No,2,Yes,No,DSL,No,No,Yes,Yes,Yes,No,Month-to-month,Yes,Electronic check,71.52,145.45,Yes
2399-XXXHP,Female,0,Yes,No,28,Yes,Yes,Fiber optic,No,Yes,No,No,No,No,One year,Yes,Credit card (automatic),83.33,2222.15,No
2526-IVPSO,Female,0,No,No,5,Yes,No,DSL,Yes,No,No,No,No,No,Month-to-month,No,Electronic check,56.99,275.93,Yes
9260-DLPIY,Female,0,No,No,11,Yes,Yes,No,No internet service,No internet service,No internet service,No internet service,No internet service,No internet service,Month-to-month,No,Credit card (automatic),32.21,364.38,No
5041-BLLZG,Male,0,Yes,Yes,33,Yes,Yes,DSL,No,No,Yes,No,No,Yes,One year,Yes,Credit card (automatic),72.32,2442.93,No
5953-FASPZ,Female,0,Yes,Yes,72,Yes,Yes,No,No internet service,No internet service,No internet service,No internet service,No internet service,No internet service,One year,Yes,Electronic check,36.06,2685.34,No
6424-TNNYM,Female,0,Yes,No,51,Yes,No,Fiber optic,No,Yes,No,No,Yes,No,Two year,Yes,Bank transfer (automatic),82.8,4225.32,No
2302-FOOHB,Male,0,No,Yes,12,Yes,No,DSL,Yes,Yes,No,No,Yes,Yes,One year,No,Electronic check,79.4,990.04,Yes
2876-TUGQP,Male,0,No,No,20,Yes,Yes,No,No internet service,No internet service,No internet service,No internet service,No internet service,No internet service,Month-to-month,No,Mailed check,35.44,717.55,Yes
3036-GFIGC,Female,0,Yes,No,22,Yes,Yes,Fiber optic,Yes,No,No,Yes,No,Yes,Month-to-month,Yes,Mailed check,101.46,2138.06,Yes
5378-OBDSQ,Male,0,No,Yes,4,Yes,No,Fiber optic,No,No,No,No,Yes,No,Month-to-month,No,Electronic check,82.81,344.12,Yes
7070-JFWVN,Female,0,Yes,No,5,Yes,No,DSL,Yes,Yes,Yes,Yes,Yes,No,Month-to-month,Yes,Credit card (automatic),80.22,396.35,Yes
5142-CWHTP,Female,1,Yes,No,4,Yes,No,No,No internet service,No internet service,No internet service,No internet service,No internet service,No internet service,One year,No,Credit card (automatic),25.25,97.8,No
5718-AIPDL,Male,0,Yes,No,34,Yes,No,No,No internet service,No internet service,No internet service,No internet service,No internet service,No internet service,Two year,Yes,Electronic check,27.02,948.51,No
9151-WOJHQ,Male,0,No,Yes,50,Yes,No,Fiber optic,No,Yes,No,No,Yes,No,One year,Yes,Electronic check,87.58,4563.99,Yes
6093-GZHCX,Male,0,Yes,Yes,42,Yes,Yes,Fiber optic,No,No,No,No,No,Yes,Month-to-month,No,Electronic check,86.94,3658.65,Yes
1762-ZZHNV,Male,0,No,No,72,Yes,No,DSL,No,No,Yes,No,Yes,No,Two year,No,Electronic check,61.94,4520.51,No
4428-KSEUH,Female,0,Yes,Yes,3,Yes,No,Fiber optic,Yes,Yes,Yes,No,Yes,No,Month-to-month,No,Bank transfer (automatic),95.51,284.16,Yes
2806-JTVRP,Male,0,No,No,72,Yes,No,DSL,No,No,No,Yes,Yes,Yes,One year,Yes,Bank transfer (automatic),74.72,5565.52,No
2360-NMMFG,Male,0,Yes,Yes,28,Yes,Yes,Fiber optic,Yes,No,Yes,No,No,No,One year,Yes,Bank transfer (automatic),90.01,2642.13,No
3061-XSVZG,Male,0,Yes,No,8,Yes,No,DSL,Yes,No,No,No,Yes,Yes,Month-to-month,No,Electronic check,72.63,554.84,No
7773-IGNSS,Female,0,Yes,Yes,71,No,No phone service,DSL,No,No,No,Yes,Yes,No,One year,No,Mailed check,62.88,4355.79,No
2522-EDNFH,Male,0,No,No,29,Yes,Yes,No,No internet service,No internet service,No internet service,No internet service,No internet service,No internet service,Two year,No,Credit card (automatic),32.43,975.16,No
4541-GAXWT,Female,0,No,No,18,Yes,No,No,No internet service,No internet service,No internet service,No internet service,No internet service,No internet service,Month-to-month,Yes,Electronic check,23.21,424.84,No
8825-GMDIJ,Female,0,Yes,No,8,Yes,Yes,Fiber optic,No,No,Yes,Yes,Yes,Yes,Month-to-month,No,Bank transfer (automatic),107.83,864.26,No
6415-DTXOE,Male,0,Yes,No,11,Yes,No,No,No internet service,No internet service,No internet service,No internet service,No internet service,No internet service,Month-to-month,Yes,Electronic check,27.76,291.37,No
3233-NTSUG,Male,0,No,No,72,Yes,No,DSL,Yes,No,No,Yes,Yes,No,Month-to-month,Yes,Mailed check,67.43,4870.79,Yes
3966-CFVZU,Female,0,Yes,No,14,Yes,No,Fiber optic,No,Yes,Yes,No,No,Yes,Month-to-month,Yes,Bank transfer (automatic),92.72,1269.21,No
8805-ACULV,Female,0,No,No,72,Yes,No,Fiber optic,No,Yes,No,Yes,Yes,No,Two year,No,Mailed check,93.49,6459.94,No
1844-UQIXU,Male,0,No,No,16,Yes,No,No,No internet service,No internet service,No internet service,No internet service,No internet service,No internet service,Month-to-month,Yes,Bank transfer (automatic),25.12,385.34,No
1102-VZUXA,Female,0,No,Yes,9,Yes,Yes,DSL,No,Yes,No,No,No,No,Month-to-month,Yes,Electronic check,63.32,590.29,No
2987-HCNZR,Male,0,No,Yes,6,Yes,No,DSL,No,No,No,No,No,No,One year,Yes,Mailed check,46.8,286.23,No
5135-HHHAB,Male,0,No,Yes,23,Yes,No,Fiber optic,No,Yes,No,No,Yes,Yes,Month-to-month,No,Electronic check,91.43,2204.02,No
9284-LAAJR,Female,0,Yes,No,9,Yes,No,Fiber optic,Yes,Yes,Yes,Yes,No,No,Month-to-month,No,Credit card (automatic),90.84,786.7,Yes
9261-WGNLP,Male,0,Yes,Yes,52,No,No phone service,DSL,No,Yes,No,Yes,No,Yes,Two year,Yes,Credit card (automatic),61.46,3222.17,No
6280-AGRWW,Female,0,Yes,Yes,9,Yes,No,DSL,Yes,No,Yes,No,Yes,No,Month-to-month,No,Electronic check,73.88,688.08,Yes
7516-APOFL,Female,0,No,No,65,Yes,No,DSL,No,No,Yes,Yes,Yes,Yes,Two year,No,Electronic check,77.81,5298.7,No
7063-VVNDW,Female,0,No,No,65,Yes,Yes,Fiber optic,No,No,Yes,No,No,Yes,One year,Yes,Bank transfer (automatic),98.62,6560.23,No
6119-AYNEK,Male,0,Yes,Yes,13,No,No phone service,No,No internet service,No internet service,No internet service,No internet service,No internet service,No internet service,Month-to-month,No,Electronic check,22.63,302.63,Yes
2849-SAESV,Male,1,No,Yes,57,Yes,Yes,DSL,Yes,No,Yes,No,No,Yes,One year,Yes,Electronic check,78.16,4481.27,No
9366-FBIDM,Male,1,Yes,Yes,67,Yes,Yes,DSL,No,Yes,No,Yes,No,No,Two year,Yes,Electronic check,69.36,4615.46,No
2870-ZGLCT,Male,0,No,No,41,No,No phone service,DSL,No,Yes,Yes,No,No,No,Two year,No,Mailed check,58.91,2387.49,No
2674-OCATP,Male,0,Yes,Yes,19,Yes,Yes,DSL,Yes,Yes,Yes,Yes,Yes,No,One year,No,Electronic check,87.96,1666.15,No
7772-QIBYZ,Female,1,No,No,26,Yes,Yes,Fiber optic,Yes,Yes,Yes,No,Yes,Yes,Two year,Yes,Electronic check,114.86,3067.67,No
8933-FTKGR,Male,0,Yes,Yes,60,Yes,Yes,Fiber optic,No,Yes,No,Yes,Yes,No,Two year,No,Credit card (automatic),101.17,6132.74,No
5901-ACDMC,Female,0,No,No,13,Yes,Yes,DSL,No,No,No,No,Yes,Yes,One year,Yes,Electronic check,81.68,1035.03,Yes
7747-QGNUU,Female,0,Yes,No,17,Yes,No,No,No internet service,No internet service,No internet service,No internet service,No internet service,No internet service,Two year,No,Credit card (automatic),24.62,428.12,No
1869-OLPPU,Female,0,Yes,Yes,5,Yes,Yes,Fiber optic,No,No,No,No,Yes,Yes,Month-to-month,Yes,Bank transfer (automatic),97.86,494.47,Yes
8391-XLOSU,Female,0,No,No,22,Yes,No,No,No internet service,No internet service,No internet service,No internet service,No internet service,No internet service,One year,No,Mailed check,27.26,607.35,No
1690-TNUML,Male,0,No,No,2,Yes,No,DSL,No,No,No,Yes,No,No,Month-to-month,Yes,Bank transfer (automatic),54.1,109.8,No
5798-BPHZF,Male,0,No,No,15,Yes,No,Fiber optic,No,No,Yes,No,Yes,No,Two year,Yes,Mailed check,88.35,1305.34,No
5183-LMVKE,Female,0,No,No,20,Yes,Yes,No,No internet service,No internet service,No internet service,No internet service,No internet service,No internet service,Month-to-month,Yes,Credit card (automatic),34.02,653.75,No
9645-UHBAP,Female,1,No,No,10,No,No phone service,DSL,No,Yes,No,No,Yes,Yes,Month-to-month,No,Electronic check,69.15,702.56,Yes
5396-RMDWV,Male,1,No,No,3,Yes,Yes,No,No internet service,No internet service,No internet service,No internet service,No internet service,No internet service,Month-to-month,No,Mailed check,37.03,112.33,Yes
3419-WOCJO,Female,0,No,No,34,Yes,No,No,No internet service,No internet service,No internet service,No internet service,No internet service,No internet service,Month-to-month,No,Mailed check,23.57,813.57,No
4498-IEJTN,Female,0,No,No,68,Yes,No,Fiber optic,No,No,No,No,Yes,No,One year,Yes,Credit card (automatic),81.47,5706.82,No
4871-OLAMN,Male,0,No,No,17,Yes,Yes,No,No internet service,No internet service,No internet service,No internet service,No internet service,No internet service,Month-to-month,Yes,Bank transfer (automatic),37.18,618.51,No
9537-HKNHC,Male,0,No,No,9,Yes,No,Fiber optic,No,No,No,No,Yes,No,Month-to-month,Yes,Bank transfer (automatic),78.87,735.37,Yes
8124-VULRG,Female,0,No,No,13,Yes,Yes,Fiber optic,No,No,No,No,Yes,No,Two year,Yes,Electronic check,86.89,1166.54,No
9854-UZHBB,Male,0,No,No,67,No,No phone service,DSL,No,Yes,No,No,Yes,Yes,One year,No,Mailed check,71.68,4999.91,No
5766-KHYQT,Male,1,Yes,No,35,Yes,No,No,No internet service,No internet service,No internet service,No internet service,No internet service,No internet service,One year,No,Bank transfer (automatic),26.76,911.17,No
9494-WVVAP,Male,0,No,No,3,No,No phone service,DSL,No,Yes,No,No,Yes,No,Month-to-month,Yes,Credit card (automatic),62.34,185.67,No
6303-CMSYU,Female,0,Yes,No,53,Yes,No,DSL,Yes,No,No,No,No,Yes,Two year,Yes,Mailed check,63.05,3486.73,No
7900-RLEIT,Female,1,Yes,Yes,4,Yes,Yes,Fiber optic,No,No,No,No,No,Yes,Month-to-month,Yes,Credit card (automatic),87.99,357.34,Yes
3648-WLFME,Male,0,No,No,2,Yes,No,Fiber optic,Yes,Yes,No,No,No,Yes,Month-to-month,No,Mailed check,89.35,181.29,Yes
3218-JKDMH,Male,0,No,No,10,No,No phone service,Fiber optic,No,Yes,No,No,Yes,No,Month-to-month,Yes,Bank transfer (automatic),82.73,789.7,Yes
2348-PTECL,Male,1,Yes,No,5,Yes,Yes,Fiber optic,Yes,Yes,Yes,Yes,No,No,Month-to-month,No,Electronic check,99.21,475.13,No
1482-LBAWU,Male,0,Yes,Yes,43,Yes,No,DSL,Yes,No,Yes,No,Yes,Yes,Two year,No,Electronic check,81.28,3392.05,No
9965-IZBBR,Male,1,Yes,No,30,Yes,No,DSL,No,Yes,No,No,No,Yes,Two year,No,Credit card (automatic),63.81,1892.84,No
2890-IKHDV,Male,0,Yes,No,55,Yes,Yes,DSL,Yes,No,No,No,No,No,Two year,No,Electronic check,65.57,3527.41,No
9246-CDPXD,Male,0,Yes,No,33,Yes,Yes,DSL,Yes,Yes,No,No,Yes,Yes,One year,No,Credit card (automatic),86.09,2975.76,No
3852-XTOUJ,Female,0,Yes,No,23,Yes,No,Fiber optic,Yes,Yes,No,Yes,Yes,No,Month-to-month,Yes,Electronic check,94.76,2127.4,Yes
5695-QDJJO,Male,0,Yes,Yes,35,Yes,Yes,Fiber optic,No,No,Yes,No,Yes,No,Month-to-month,No,Bank transfer (automatic),92.19,3268.1,Yes
4534-TURZM,Male,0,No,Yes,25,Yes,No,DSL,Yes,No,No,No,No,Yes,Month-to-month,No,Mailed check,65.36,1646.64,No
8323-XZMMB,Male,1,Yes,Yes,1,Yes,No,Fiber optic,No,No,No,No,Yes,Yes,Month-to-month,No,Electronic check,91.82,93.77,Yes
6668-MHHEI,Female,0,Yes,No,51,Yes,Yes,Fiber optic,Yes,No,No,No,No,No,Two year,Yes,Electronic check,83.12,4072.88,No
1125-XLQYL,Male,0,No,No,72,Yes,Yes,No,No internet service,No internet service,No internet service,No internet service,No internet service,No internet service,Month-to-month,Yes,Bank transfer (automatic),35.6,2643.42,No
2429-VCHDW,Female,0,No,No,24,Yes,Yes,DSL,Yes,No,No,Yes,No,Yes,Month-to-month,No,Credit card (automatic),77.84,1781.97,No
9435-ZFWYJ,Female,1,Yes,Yes,24,Yes,No,Fiber optic,No,No,Yes,Yes,No,No,Month-to-month,No,Electronic check,81.57,1938.6,No
2003-AEKAW,Female,0,Yes,Yes,1,Yes,Yes,Fiber optic,No,No,No,Yes,No,Yes,Month-to-month,Yes,Mailed check,96.78,96.4,Yes
4906-YEGCD,Female,0,No,No,70,Yes,No,Fiber optic,No,No,No,No,Yes,Yes,Month-to-month,No,Credit card (automatic),87.99,5904.04,No
5349-FWUYD,Male,0,Yes,No,71,Yes,No,DSL,Yes,No,Yes,No,Yes,No,One year,Yes,Mailed check,68.47,4960.91,No
2242-VQPFS,Male,1,No,Yes,63,Yes,No,Fiber optic,No,No,Yes,No,Yes,Yes,Two year,Yes,Electronic check,93.25,6133.83,No
7744-RKSES,Female,0,Yes,No,3,Yes,No,DSL,Yes,No,No,Yes,Yes,No,Month-to-month,No,Credit card (automatic),68.09,204.53,Yes
6177-WZEZU,Male,0,No,No,70,Yes,Yes,DSL,No,Yes,Yes,No,No,Yes,Month-to-month,Yes,Credit card (automatic),76.64,5203.76,No
8710-NGALA,Male,0,No,Yes,1,Yes,Yes,DSL,No,No,Yes,No,No,No,Month-to-month,Yes,Electronic check,68.9,66.89,Yes
9820-IXSQJ,Female,0,Yes,Yes,26,Yes,No,Fiber optic,No,No,Yes,No,Yes,No,One year,Yes,Mailed check,88.47,2208.79,No
8548-QRTPQ,Female,1,Yes,No,32,Yes,Yes,Fiber optic,No,No,No,No,Yes,Yes,One year,Yes,Credit card (automatic),101.01,3367.52,No
3366-LUUMQ,Female,1,No,No,65,Yes,Yes,Fiber optic,No,Yes,Yes,No,Yes,No,One year,No,Mailed check,101.97,6847.35,No
6380-GIGIT,Female,0,Yes,No,57,Yes,Yes,DSL,No,No,Yes,Yes,No,Yes,Two year,Yes,Bank transfer (automatic),77.03,4571.12,No
5221-QXNES,Female,0,Yes,Yes,61,No,No phone service,Fiber optic,No,Yes,Yes,No,No,Yes,Two year,Yes,Electronic check,86.84,5486.32,No
6162-SHTHJ,Female,0,Yes,Yes,68,Yes,No,Fiber optic,No,No,No,No,No,Yes,One year,Yes,Bank transfer (automatic),82.04,5641.5,No
2548-YQVVJ,Male,0,No,Yes,29,Yes,No,Fiber optic,No,No,Yes,Yes,No,No,Month-to-month,No,Bank transfer (automatic),76.77,2321.95,Yes
2065-YRHHG,Female,0,No,No,60,Yes,No,DSL,No,No,No,No,Yes,Yes,Two year,Yes,Bank transfer (automatic),72.39,4449.02,No
8188-QISRY,Male,1,Yes,No,2,Yes,Yes,No,No internet service,No internet service,No internet service,No internet service,No internet service,No internet service,Month-to-month,Yes,Bank transfer (automatic),31.82,66.3,Yes
6879-FGPGR,Female,0,No,No,26,Yes,No,Fiber optic,Yes,No,Yes,No,No,Yes,Month-to-month,Yes,Electronic check,92.43,2380.41,Yes
9130-VTAYT,Male,0,No,No,1,Yes,No,Fiber optic,No,Yes,No,No,Yes,Yes,Month-to-month,Yes,Electronic check,96.34,100.05,Yes
8091-EHYWJ,Male,1,No,No,70,No,No phone service,No,No internet service,No internet service,No internet service,No internet service,No internet service,No internet service,Two year,No,Credit card (automatic),18.25,1314.63,No
1524-GCEDO,Female,0,No,No,71,Yes,Yes,No,No internet service,No internet service,No internet service,No internet service,No internet service,No internet service,One year,Yes,Bank transfer (automatic),36.97,2723.97,No
4595-OJWZF,Male,0,No,No,2,Yes,Yes,DSL,Yes,No,Yes,Yes,Yes,Yes,Month-to-month,Yes,Credit card (automatic),94.32,197.42,Yes
1976-WOSTF,Female,0,No,No,35,Yes,Yes,Fiber optic,No,Yes,No,Yes,Yes,Yes,Month-to-month,Yes,Bank transfer (automatic),113.23,4026.75,Yes
8635-ORAZS,Female,0,Yes,Yes,16,Yes,Yes,Fiber optic,No,Yes,Yes,No,No,No,One year,Yes,Electronic check,88.72,1393.59,Yes
6722-SJLNF,Female,0,No,No,17,Yes,No,No,No internet service,No internet service,No internet service,No internet service,No internet service,No internet service,Two year,No,Bank transfer (automatic),23.37,378.33,No
8287-USVAQ,Male,1,Yes,No,27,Yes,No,No,No internet service,No internet service,No internet service,No internet service,No internet service,No internet service,One year,Yes,Electronic check,24.46,672.83,No
5533-VZNVA,Male,0,No,No,3,Yes,Yes,DSL,No,Yes,No,Yes,No,No,Month-to-month,No,Bank transfer (automatic),67.64,207.62,Yes
7005-OALFA,Female,1,Yes,Yes,6,No,No phone service,Fiber optic,No,Yes,Yes,No,No,No,Month-to-month,Yes,Bank transfer (automatic),72.42,442.5,Yes
6682-WPGHR,Male,0,No,No,40,Yes,Yes,Fiber optic,No,No,Yes,No,No,No,One year,Yes,Mailed check,84.47,3433.73,No
7909-FPZEN,Male,0,Yes,No,1,Yes,No,DSL,No,Yes,No,Yes,No,Yes,Month-to-month,No,Electronic check,70.79,67.69,Yes
6361-OOEBP,Male,0,Yes,Yes,43,Yes,Yes,Fiber optic,No,No,No,No,No,Yes,Two year,No,Electronic check,90.04,4003.41,No
1617-GKOBE,Female,0,Yes,No,15,Yes,Yes,DSL,Yes,No,Yes,Yes,Yes,Yes,Month-to-month,Yes,Mailed check,97.03,1524.53,Yes
6077-YWCVK,Female,0,No,No,65,Yes,No,DSL,No,No,Yes,Yes,No,No,Two year,Yes,Electronic check,63.33,4111.16,No
4322-FBHDU,Male,1,Yes,No,43,Yes,Yes,Fiber optic,No,Yes,Yes,Yes,Yes,No,One year,Yes,Electronic check,107.48,4557.02,Yes
5552-KHAWY,Female,0,No,No,53,Yes,Yes,No,No internet service,No internet service,No internet service,No internet service,No internet service,No internet service,One year,Yes,Electronic check,32.98,1799.86,No
4110-XHKJT,Female,0,Yes,No,3,Yes,Yes,No,No internet service,No internet service,No internet service,No internet service,No internet service,No internet service,Month-to-month,No,Bank transfer (automatic),34.66,103.06,Yes
3448-JITHO,Female,0,No,No,11,Yes,No,Fiber optic,Yes,No,Yes,No,No,No,Month-to-month,Yes,Mailed check,78.86,828.26,Yes
6693-BXPLP,Male,0,Yes,Yes,72,Yes,No,DSL,No,No,Yes,Yes,No,No,Two year,No,Electronic check,57.56,4146.56,No
1087-YAGYL,Female,1,Yes,Yes,25,Yes,Yes,DSL,No,Yes,No,Yes,No,Yes,One year,Yes,Mailed check,83.64,2105.22,No
8028-PRUWW,Male,1,No,No,19,No,No phone service,Fiber optic,Yes,No,Yes,Yes,Yes,Yes,One year,No,Bank transfer (automatic),96.72,1928.13,Yes
8263-DDQIS,Female,0,Yes,Yes,68,Yes,No,Fiber optic,No,Yes,No,Yes,No,No,Two year,No,Credit card (automatic),76.63,5180.78,No
2667-BBQJN,Female,0,Yes,Yes,1,No,No phone service,Fiber optic,Yes,No,No,Yes,Yes,No,Month-to-month,No,Credit card (automatic),88.6,87.52,Yes
1425-NHJBM,Female,0,No,No,36,Yes,No,Fiber optic,No,Yes,Yes,No,No,Yes,Two year,No,Electronic check,88.1,3277.7,No
3563-NCXEP,Male,0,No,Yes,8,Yes,Yes,Fiber optic,No,No,Yes,No,No,No,Month-to-month,No,Mailed check,83.36,633.72,Yes
2540-EFSHP,Female,0,No,No,19,No,No phone service,DSL,No,No,No,No,Yes,Yes,One year,Yes,Bank transfer (automatic),66.51,1260.82,No
9041-AKXJN,Male,0,No,No,7,Yes,No,No,No internet service,No internet service,No internet service,No internet service,No internet service,No internet service,Month-to-month,Yes,Bank transfer (automatic),22.57,160.43,Yes
8277-WOCCL,Male,0,No,No,1,Yes,Yes,DSL,No,No,Yes,Yes,No,No,Month-to-month,Yes,Electronic check,69.02,71.05,Yes
9174-LWHZF,Female,0,Yes,No,23,Yes,No,No,No internet service,No internet service,No internet service,No internet service,No internet service,No internet service,Month-to-month,Yes,Electronic check,21.59,486.59,Yes
4332-TOROB,Female,1,No,No,61,Yes,No,Fiber optic,Yes,No,No,Yes,No,No,Two year,Yes,Electronic check,80.89,4896.67,No
3966-MOQYV,Male,0,No,No,71,Yes,Yes,No,No internet service,No internet service,No internet service,No internet service,No internet service,No internet service,Two year,Yes,Bank transfer (automatic),34.28,2323.48,No
4093-SYEHG,Male,0,Yes,No,45,Yes,No,DSL,Yes,No,No,Yes,Yes,Yes,Two year,Yes,Bank transfer (automatic),77.81,3404.32,No
4778-QRYJP,Male,0,No,No,21,Yes,No,No,No internet service,No internet service,No internet service,No internet service,No internet service,No internet service,Two year,No,Credit card (automatic),26.34,572.39,No
7984-VXXYW,Female,1,Yes,No,59,Yes,No,DSL,Yes,Yes,Yes,No,Yes,Yes,Two year,Yes,Credit card (automatic),82.85,4980.76,No
6196-ZIZIM,Female,1,No,No,33,Yes,No,No,No internet service,No internet service,No internet service,No internet service,No internet service,No internet service,Two year,No,Bank transfer (automatic),26.5,898.6,No
7891-SJIEF,Female,1,Yes,Yes,19,Yes,No,Fiber optic,No,No,Yes,Yes,Yes,No,One year,Yes,Electronic check,89.87,1649.54,No
9958-OGCMJ,Male,0,Yes,Yes,6,Yes,No,No,No internet service,No internet service,No internet service,No internet service,No internet service,No internet service,Month-to-month,Yes,Bank transfer (automatic),28.88,168.29,Yes
4853-UUGOP,Female,0,No,No,61,Yes,No,DSL,No,No,Yes,Yes,Yes,No,One year,Yes,Mailed check,66.76,4023.58,No
8641-UDADD,Female,0,Yes,Yes,32,Yes,No,Fiber optic,No,No,No,Yes,Yes,No,One year,Yes,Electronic check,81.23,2694.39,No
5386-WBGIU,Female,0,Yes,Yes,72,No,No phone service,Fiber optic,No,No,No,No,No,No,Two year,No,Bank transfer (automatic),62.51,4571.78,No
7918-KUFOS,Female,1,Yes,No,62,Yes,Yes,Fiber optic,Yes,Yes,Yes,No,No,Yes,Two year,Yes,Electronic check,108.19,6590.28,No
5370-NHQCJ,Female,0,Yes,Yes,24,Yes,No,No,No internet service,No internet service,No internet service,No internet service,No internet service,No internet service,Month-to-month,Yes,Mailed check,28.72,656.23,No
7030-FTVBD,Female,0,Yes,No,56,Yes,No,Fiber optic,No,No,No,No,No,Yes,Two year,No,Electronic check,81.91,4686.94,No
4683-QQNOG,Female,0,No,No,27,Yes,Yes,DSL,No,No,No,No,No,Yes,Month-to-month,Yes,Credit card (automatic),72.67,1877.96,Yes
4120-TKMKD,Male,0,Yes,Yes,2,Yes,No,No,No internet service,No internet service,No internet service,No internet service,No internet service,No internet service,One year,Yes,Electronic check,21.91,42.26,Yes
9252-HGFKL,Female,1,Yes,Yes,34,Yes,Yes,DSL,No,No,No,No,Yes,No,Month-to-month,Yes,Credit card (automatic),68.79,2419.47,No
2997-UHHSG,Female,0,No,No,68,Yes,No,Fiber optic,No,No,No,Yes,No,Yes,One year,Yes,Credit card (automatic),86.61,5638.05,No
9965-SBRJD,Female,0,No,No,67,Yes,Yes,Fiber optic,No,Yes,No,No,No,Yes,One year,No,Electronic check,94.43,6173.71,No
2876-FADKL,Male,0,Yes,No,40,Yes,Yes,DSL,No,Yes,No,Yes,Yes,Yes,Month-to-month,Yes,Electronic check,88.7,3415.94,No
1118-BFRFM,Male,0,No,No,20,Yes,Yes,Fiber optic,No,No,Yes,No,Yes,No,One year,No,Mailed check,93.45,1853.14,Yes
1037-GXXPI,Female,0,No,No,1,Yes,Yes,Fiber optic,Yes,Yes,No,No,Yes,Yes,Month-to-month,No,Electronic check,106.38,107.3,Yes
5133-WITHJ,Female,0,Yes,Yes,15,Yes,No,DSL,Yes,No,Yes,Yes,No,No,Month-to-month,Yes,Credit card (automatic),62.69,913.74,No
1741-WPNLF,Female,0,No,No,72,Yes,No,DSL,Yes,No,Yes,No,No,Yes,Month-to-month,No,Electronic check,71.23,5268.07,No
1985-TFFRR,Male,1,Yes,Yes,55,Yes,Yes,Fiber optic,No,Yes,No,No,No,No,Two year,No,Credit card (automatic),82.06,4320.72,No
4086-JZJXC,Male,0,Yes,Yes,54,Yes,No,DSL,Yes,Yes,Yes,Yes,No,No,One year,No,Mailed check,67.25,3696.75,No
6817-SDWCQ,Male,0,Yes,Yes,58,Yes,Yes,No,No internet service,No internet service,No internet service,No internet service,No internet service,No internet service,Two year,Yes,Mailed check,36.58,2134.71,No
8257-TFSYH,Male,1,No,No,45,Yes,No,No,No internet service,No internet service,No internet service,No internet service,No internet service,No internet service,Two year,Yes,Bank transfer (automatic),22.31,976.97,No
2942-EITSM,Male,0,No,No,41,Yes,Yes,DSL,No,No,No,No,No,No,One year,Yes,Bank transfer (automatic),57.8,2275.48,No
2602-QIARI,Female,0,Yes,No,27,No,No phone service,Fiber optic,No,No,Yes,Yes,Yes,Yes,Month-to-month,Yes,Mailed check,91.6,2580.83,No
1287-BTJBB,Female,0,Yes,Yes,26,Yes,No,Fiber optic,No,No,Yes,No,No,Yes,Month-to-month,Yes,Mailed check,86.11,2345.77,Yes
9595-CECBB,Male,0,Yes,No,68,Yes,No,DSL,No,No,No,Yes,Yes,Yes,One year,No,Electronic check,77.26,5278.22,No
8933-XRJAN,Female,1,Yes,Yes,21,Yes,No,Fiber optic,No,No,No,No,No,Yes,One year,Yes,Electronic check,80.65,1664.35,No
1503-ATYUL,Female,0,No,No,65,Yes,Yes,Fiber optic,No,Yes,Yes,Yes,Yes,No,One year,No,Electronic check,103.04,6484.16,No
2573-KTTJZ,Female,0,No,No,65,Yes,No,Fiber optic,No,No,No,Yes,Yes,Yes,One year,No,Mailed check,96.64,6123.33,No
5366-PAPEC,Female,0,No,No,59,Yes,No,Fiber optic,No,No,Yes,No,Yes,Yes,Two year,Yes,Mailed check,95.15,5808.92,No
4799-KMTEU,Male,0,Yes,No,1,Yes,Yes,DSL,No,No,Yes,Yes,No,No,Month-to-month,No,Electronic check,67.11,64.78,Yes
6996-QQDNS,Male,0,No,No,4,Yes,Yes,DSL,No,Yes,Yes,Yes,Yes,Yes,Month-to-month,No,Electronic check,92.48,367.62,Yes
7364-QZXYW,Male,1,No,Yes,15,Yes,Yes,No,No internet service,No internet service,No internet service,No internet service,No internet service,No internet service,One year,Yes,Electronic check,31.39,492.24,No
5006-ZMHVZ,Female,1,Yes,Yes,66,Yes,Yes,Fiber optic,No,Yes,No,Yes,No,No,One year,No,Mailed check,86.27,5974.04,No
7045-ZMBSK,Female,0,Yes,No,68,Yes,Yes,Fiber optic,No,No,No,Yes,No,No,One year,Yes,Mailed check,82.34,5480.91,No
3460-RBIXQ,Male,0,Yes,No,1,Yes,Yes,Fiber optic,Yes,No,Yes,Yes,No,Yes,One year,No,Bank transfer (automatic),106.55,106.37,Yes
4147-ZPSEV,Female,0,No,No,16,Yes,Yes,Fiber optic,Yes,No,No,No,No,Yes,One year,Yes,Bank transfer (automatic),93.46,1441.59,No
6031-HCPLO,Male,0,Yes,Yes,66,Yes,Yes,DSL,No,Yes,Yes,Yes,No,No,Month-to-month,No,Electronic check,74.22,4801.74,No
6902-AVCFV,Female,0,Yes,No,10,Yes,Yes,Fiber optic,Yes,No,No,No,No,No,Month-to-month,No,Electronic check,87.05,833.11,Yes
1944-WNNTM,Male,0,Yes,Yes,72,No,No phone service,DSL,Yes,No,Yes,Yes,No,No,Two year,Yes,Bank transfer (automatic),57.02,4185.62,No
7691-DFXEX,Male,0,Yes,Yes,31,Yes,Yes,Fiber optic,Yes,No,Yes,Yes,Yes,Yes,Two year,No,Credit card (automatic),115.35,3411.83,No
7227-ZEPFI,Male,0,No,No,71,Yes,No,Fiber optic,No,No,No,No,No,No,One year,No,Mailed check,73.06,4985.82,No
3562-YAGDG,Male,0,Yes,No,25,Yes,Yes,Fiber optic,No,No,Yes,No,Yes,No,Month-to-month,Yes,Electronic check,97.71,2463.61,No
3957-EBNXR,Female,0,Yes,Yes,16,Yes,No,No,No internet service,No internet service,No internet service,No internet service,No internet service,No internet service,One year,No,Electronic check,23.85,382.89,No
7782-IYNCT,Male,1,Yes,No,19,Yes,No,DSL,No,No,Yes,No,No,Yes,One year,Yes,Electronic check,64.1,1250.75,No
2896-LNNOC,Female,0,Yes,Yes,69,Yes,Yes,DSL,No,Yes,Yes,No,No,Yes,Two year,Yes,Mailed check,79.96,5301.96,No
1473-MLSZW,Male,0,Yes,No,16,No,No phone service,No,No internet service,No internet service,No internet service,No internet service,No internet service,No internet service,Month-to-month,No,Credit card (automatic),20.53,328.17,No
6400-ZKAXB,Male,0,No,No,50,Yes,No,Fiber optic,Yes,Yes,No,No,No,No,Two year,No,Bank transfer (automatic),80.96,4198.41,No
7697-GJDIZ,Female,0,Yes,Yes,29,Yes,Yes,Fiber optic,No,No,Yes,Yes,No,No,Month-to-month,No,Mailed check,87.09,2526.32,Yes
9350-INRZQ,Female,0,Yes,Yes,71,Yes,No,Fiber optic,No,No,No,Yes,Yes,Yes,One year,No,Mailed check,95.77,7131.18,No
7242-ATABS,Male,0,No,No,5,Yes,No,Fiber optic,No,Yes,No,No,Yes,No,Month-to-month,No,Electronic check,85.0,432.05,No
7153-TPZBY,Female,0,No,No,24,No,No phone service,DSL,No,No,Yes,Yes,Yes,Yes,Month-to-month,No,Electronic check,71.13,1659.34,No
4415-SAMVP,Female,0,No,No,3,Yes,Yes,Fiber optic,Yes,Yes,No,Yes,No,No,One year,No,Bank transfer (automatic),93.41,271.48,Yes
1976-IJVFY,Male,0,Yes,No,40,Yes,No,DSL,No,Yes,Yes,Yes,No,Yes,Month-to-month,Yes,Bank transfer (automatic),75.43,3016.25,No
7095-MFWFJ,Female,0,No,No,22,Yes,No,Fiber optic,No,No,Yes,No,No,No,One year,Yes,Bank transfer (automatic),77.58,1704.62,No
5270-AOXQM,Male,0,Yes,Yes,2,No,No phone service,DSL,No,Yes,No,No,Yes,Yes,Month-to-month,Yes,Electronic check,68.11,140.8,Yes
1534-UEIOC,Male,1,No,No,66,Yes,No,Fiber optic,Yes,Yes,No,No,No,Yes,Two year,Yes,Electronic check,86.37,5464.87,No
4833-LJSEZ,Female,0,No,No,20,Yes,Yes,No,No internet service,No internet service,No internet service,No internet service,No internet service,No internet service,Month-to-month,Yes,Mailed check,36.43,737.85,No
2407-RYRVX,Male,0,No,No,31,Yes,Yes,DSL,Yes,Yes,No,No,No,Yes,One year,No,Electronic check,76.05,2471.81,No
2809-RVGNR,Male,0,Yes,No,23,Yes,No,DSL,No,No,No,No,Yes,Yes,Month-to-month,No,Electronic check,73.9,1694.66,No
6718-FUMHK,Male,0,Yes,No,31,No,No phone service,Fiber optic,No,Yes,Yes,Yes,No,Yes,One year,Yes,Credit card (automatic),87.14,2760.78,No
9264-TGBVX,Female,1,No,No,1,Yes,Yes,Fiber optic,No,Yes,No,No,Yes,No,Month-to-month,Yes,Electronic check,94.59,99.15,Yes
3832-IKOXF,Female,0,No,No,63,Yes,No,No,No internet service,No internet service,No internet service,No internet service,No internet service,No internet service,Two year,No,Bank transfer (automatic),22.24,1430.34,No
1275-RKVLR,Male,0,Yes,No,16,Yes,No,DSL,Yes,Yes,No,No,Yes,Yes,Month-to-month,Yes,Bank transfer (automatic),79.7,1257.8,Yes
9653-QBSVI,Female,0,Yes,No,55,Yes,Yes,Fiber optic,Yes,No,No,No,Yes,No,One year,Yes,Credit card (automatic),96.04,5400.11,No
1954-BXOFH,Male,0,No,No,2,Yes,Yes,No,No internet service,No internet service,No internet service,No internet service,No internet service,No internet service,Month-to-month,Yes,Mailed check,38.75,74.18,Yes
7153-POKXG,Female,1,No,No,35,Yes,Yes,Fiber optic,No,No,Yes,No,No,Yes,Month-to-month,No,Mailed check,92.87,3209.68,Yes
9468-ZTXYM,Female,1,No,No,70,Yes,No,DSL,Yes,No,No,No,No,Yes,One year,Yes,Electronic check,65.01,4618.93,No
9012-NEZJL,Female,0,Yes,Yes,22,Yes,Yes,DSL,No,Yes,No,No,Yes,No,Month-to-month,No,Electronic check,73.03,1636.15,Yes
9034-AEAHG,Female,1,Yes,No,7,Yes,No,Fiber optic,No,No,No,No,Yes,Yes,Month-to-month,Yes,Electronic check,87.07,585.04,Yes
2728-BJBYJ,Female,0,Yes,No,3,Yes,No,Fiber optic,No,No,Yes,No,Yes,Yes,Month-to-month,No,Credit card (automatic),97.35,287.88,Yes
2015-AVARO,Male,0,No,No,67,Yes,No,DSL,Yes,No,Yes,No,Yes,No,Month-to-month,Yes,Credit card (automatic),66.01,4294.63,Yes
9401-SRMNX,Female,0,Yes,Yes,9,Yes,Yes,Fiber optic,No,Yes,No,No,No,No,One year,Yes,Electronic check,83.25,715.03,No
1794-GCOAB,Male,1,No,No,72,Yes,No,Fiber optic,No,No,No,No,Yes,No,Two year,Yes,Electronic check,76.43,5298.16,No
9390-AGEZW,Male,0,Yes,Yes,10,Yes,No,Fiber optic,No,Yes,No,No,No,Yes,Two year,Yes,Electronic check,81.14,799.68,No
5122-QZFNU,Male,0,Yes,No,30,Yes,No,DSL,No,Yes,No,Yes,Yes,No,Two year,Yes,Bank transfer (automatic),70.49,2089.87,No
7319-NAPRG,Male,0,No,No,28,Yes,No,No,No internet service,No internet service,No internet service,No internet service,No internet service,No internet service,One year,Yes,Mailed check,26.99,777.25,No
4222-VWXZU,Female,0,No,No,2,Yes,Yes,DSL,Yes,Yes,Yes,Yes,No,No,Month-to-month,No,Electronic check,80.31,154.07,No
5568-SBODB,Female,1,Yes,No,35,Yes,No,Fiber optic,Yes,Yes,No,No,Yes,Yes,One year,No,Mailed check,101.73,3503.13,No
8019-QGZOX,Male,0,Yes,No,50,Yes,Yes,Fiber optic,Yes,No,Yes,No,Yes,No,Two year,No,Electronic check,102.39,5339.48,Yes
2440-KYEEU,Male,0,No,No,56,Yes,Yes,DSL,No,No,Yes,Yes,No,No,Two year,Yes,Bank transfer (automatic),69.79,3772.05,No
8203-WLMNE,Male,0,No,No,34,Yes,Yes,Fiber optic,No,Yes,No,No,Yes,No,One year,No,Bank transfer (automatic),94.69,3066.28,No
5272-BBUWG,Female,0,No,No,63,Yes,No,Fiber optic,No,No,No,Yes,No,Yes,Month-to-month,Yes,Mailed check,82.27,5005.28,No
1201-FOJVU,Male,0,Yes,Yes,57,Yes,No,Fiber optic,Yes,Yes,No,Yes,No,Yes,One year,No,Mailed check,96.35,5746.23,No
4770-UZIWQ,Male,0,No,No,7,Yes,Yes,Fiber optic,No,Yes,No,No,No,No,Month-to-month,Yes,Electronic check,82.72,579.61,Yes
3668-OTSCD,Female,0,No,No,22,Yes,Yes,DSL,No,No,Yes,Yes,Yes,Yes,Two year,No,Mailed check,91.1,2032.54,No
2409-ZQHAI,Female,1,No,No,4,Yes,No,No,No internet service,No internet service,No internet service,No internet service,No internet service,No internet service,Month-to-month,No,Credit card (automatic),27.29,104.78,Yes
6552-UGXZQ,Male,0,No,No,3,Yes,No,Fiber optic,No,Yes,Yes,No,Yes,Yes,One year,No,Electronic check,99.58,296.4,No
2724-GNBJS,Male,0,No,No,53,Yes,No,Fiber optic,No,No,No,Yes,Yes,No,One year,No,Credit card (automatic),85.87,4557.23,No
2313-HOOKV,Female,0,Yes,No,35,Yes,Yes,No,No internet service,No internet service,No internet service,No internet service,No internet service,No internet service,Month-to-month,Yes,Mailed check,32.79,1145.99,No
6582-CYWIQ,Male,0,Yes,No,43,Yes,Yes,Fiber optic,No,Yes,No,No,No,Yes,Month-to-month,Yes,Credit card (automatic),97.94,4363.11,No
9727-OUSFL,Male,0,No,No,55,No,No phone service,DSL,No,No,Yes,No,Yes,No,Month-to-month,Yes,Electronic check,61.02,3256.41,Yes
8967-YIVWJ,Female,0,Yes,No,12,Yes,Yes,No,No internet service,No internet service,No internet service,No internet service,No internet service,No internet service,Two year,No,Bank transfer (automatic),35.16,417.46,No
9855-IRGWX,Female,0,No,No,22,Yes,Yes,No,No internet service,No internet service,No internet service,No internet service,No internet service,No internet service,Month-to-month,Yes,Electronic check,35.22,785.17,No
7092-XXVWZ,Male,0,Yes,Yes,43,Yes,No,Fiber optic,Yes,Yes,No,No,Yes,Yes,Two year,Yes,Credit card (automatic),100.71,4457.79,No
8160-EHPVC,Male,0,Yes,Yes,3,Yes,Yes,Fiber optic,Yes,No,No,No,Yes,No,Month-to-month,No,Credit card (automatic),95.99,288.02,Yes
8227-YSIJE,Male,0,Yes,No,65,Yes,No,Fiber optic,No,No,No,Yes,No,No,Two year,Yes,Credit card (automatic),75.88,5030.3,No
6551-CPOYA,Female,0,Yes,No,17,Yes,No,Fiber optic,No,No,No,No,Yes,Yes,One year,Yes,Credit card (automatic),91.47,1485.24,Yes
8519-CSEGG,Male,0,No,No,49,Yes,No,Fiber optic,No,No,No,No,Yes,Yes,One year,Yes,Credit card (automatic),91.82,4371.33,No
4109-SGYCP,Female,0,Yes,Yes,72,Yes,Yes,DSL,Yes,No,Yes,No,Yes,Yes,Two year,Yes,Credit card (automatic),87.84,6019.3,No
7190-IQNOA,Female,0,Yes,No,29,Yes,No,Fiber optic,No,No,No,No,Yes,No,Month-to-month,Yes,Credit card (automatic),82.42,2433.46,No
4883-IOLNZ,Female,0,No,No,8,Yes,No,Fiber optic,No,Yes,No,No,Yes,No,Month-to-month,No,Electronic check,87.32,667.21,Yes
5860-UYATE,Female,0,Yes,No,8,Yes,Yes,Fiber optic,No,Yes,No,Yes,No,Yes,One year,Yes,Bank transfer (automatic),96.89,766.05,Yes
5587-BMHZW,Male,0,No,No,2,Yes,Yes,DSL,No,Yes,Yes,No,No,No,Month-to-month,Yes,Electronic check,69.58,133.88,Yes
7905-CRWHZ,Male,0,Yes,Yes,59,Yes,Yes,Fiber optic,No,No,No,No,No,No,Two year,No,Electronic check,81.09,4553.16,No
4063-TOEGH,Male,0,No,No,13,Yes,Yes,DSL,No,Yes,No,No,No,Yes,One year,No,Bank transfer (automatic),71.44,953.68,No
1658-FONHT,Female,0,Yes,Yes,5,Yes,Yes,Fiber optic,No,Yes,No,No,No,No,Month-to-month,Yes,Mailed check,88.03,451.82,Yes
4610-HNYQU,Female,0,No,No,54,Yes,Yes,No,No internet service,No internet service,No internet service,No internet service,No internet service,No internet service,One year,No,Credit card (automatic),33.13,1701.64,No
1137-WPTRO,Female,0,No,Yes,14,No,No phone service,No,No internet service,No internet service,No internet service,No internet service,No internet service,No internet service,Month-to-month,Yes,Electronic check,18.37,249.12,No
2692-SYDSM,Male,0,No,No,43,Yes,Yes,Fiber optic,No,No,No,No,Yes,No,Two year,No,Bank transfer (automatic),92.1,3946.74,No
1244-FXHBY,Female,0,Yes,Yes,23,Yes,Yes,Fiber optic,No,Yes,Yes,No,Yes,No,Month-to-month,No,Mailed check,101.69,2454.44,Yes
8108-LFRZE,Female,0,No,Yes,17,Yes,Yes,DSL,No,No,Yes,No,Yes,Yes,Month-to-month,No,Electronic check,88.8,1451.61,Yes
7537-JFSUH,Female,0,Yes,Yes,31,Yes,No,Fiber optic,No,Yes,Yes,No,No,No,Month-to-month,Yes,Electronic check,79.12,2368.29,Yes
4515-GZZAY,Female,0,No,No,15,Yes,No,DSL,Yes,No,No,Yes,Yes,No,Month-to-month,Yes,Bank transfer (automatic),69.78,1091.81,No
7153-NTQIO,Female,0,No,No,68,Yes,Yes,No,No internet service,No internet service,No internet service,No internet service,No internet service,No internet service,Two year,No,Mailed check,37.33,2481.09,No
7159-WHIOE,Female,0,Yes,Yes,2,Yes,Yes,Fiber optic,No,No,Yes,No,No,No,Month-to-month,Yes,Credit card (automatic),87.62,180.13,Yes
7523-NPABG,Male,0,Yes,No,1,Yes,Yes,DSL,Yes,Yes,No,Yes,No,No,Month-to-month,No,Bank transfer (automatic),71.55,68.53,No
2252-LLSFB,Male,0,Yes,Yes,22,No,No phone service,Fiber optic,Yes,Yes,Yes,Yes,Yes,No,Month-to-month,Yes,Mailed check,92.12,2065.31,No
5322-SKXQU,Male,0,No,No,5,Yes,Yes,Fiber optic,Yes,No,Yes,No,Yes,No,Month-to-month,No,Electronic check,100.01,501.4,Yes
1560-JFRMC,Male,0,No,No,56,Yes,Yes,Fiber optic,No,No,Yes,No,No,No,Month-to-month,Yes,Credit card (automatic),85.94,4748.8,No
1845-MFQDH,Female,0,No,No,18,Yes,No,DSL,No,No,Yes,No,Yes,Yes,Month-to-month,Yes,Electronic check,78.6,1444.8,Yes
7881-FRBRO,Female,0,No,No,11,Yes,No,Fiber optic,No,Yes,Yes,No,Yes,Yes,Month-to-month,Yes,Mailed check,98.83,1109.33,Yes
8824-JOFQQ,Female,1,No,No,19,Yes,Yes,DSL,No,No,No,Yes,No,Yes,Month-to-month,Yes,Bank transfer (automatic),75.58,1431.83,Yes
6782-GWOTL,Male,0,Yes,Yes,8,Yes,No,DSL,No,Yes,Yes,No,No,Yes,Month-to-month,No,Electronic check,71.2,593.59,Yes
3477-PXFEU,Male,0,No,No,14,Yes,Yes,Fiber optic,No,Yes,No,No,Yes,No,One year,No,Mailed check,93.25,1306.22,No
3139-APIMK,Male,0,Yes,No,39,Yes,Yes,Fiber optic,No,Yes,Yes,No,No,Yes,One year,Yes,Credit card (automatic),103.54,4104.6,No
7845-EMVTG,Male,1,No,No,67,Yes,Yes,No,No internet service,No internet service,No internet service,No internet service,No internet service,No internet service,Two year,Yes,Electronic check,32.77,2255.93,No
7299-MOFTL,Female,0,Yes,No,20,Yes,No,Fiber optic,Yes,No,Yes,No,Yes,Yes,Month-to-month,Yes,Bank transfer (automatic),96.11,1940.15,No
8763-MPIBV,Male,0,Yes,Yes,15,Yes,Yes,DSL,Yes,No,Yes,Yes,Yes,No,One year,Yes,Electronic check,85.62,1246.81,No
9078-GOYPF,Male,0,No,No,60,Yes,No,DSL,No,Yes,No,Yes,Yes,No,Two year,No,Bank transfer (automatic),71.07,4097.43,No
9111-HMMTT,Male,0,No,Yes,1,Yes,Yes,Fiber optic,No,Yes,Yes,Yes,No,Yes,One year,Yes,Mailed check,105.8,101.89,No
8379-TKHOB,Female,0,No,No,14,Yes,No,No,No internet service,No internet service,No internet service,No internet service,No internet service,No internet service,Two year,No,Electronic check,23.0,312.96,No
5197-XNYYV,Female,0,No,Yes,27,Yes,No,No,No internet service,No internet service,No internet service,No internet service,No internet service,No internet service,One year,Yes,Bank transfer (automatic),27.57,730.46,No
6969-RVNRO,Male,0,No,No,43,No,No phone service,Fiber optic,No,Yes,No,No,Yes,Yes,Month-to-month,Yes,Bank transfer (automatic),86.93,3866.03,No
4147-RRNBV,Female,0,Yes,Yes,4,No,No phone service,No,No internet service,No internet service,No internet service,No internet service,No internet service,No internet service,Month-to-month,Yes,Electronic check,18.25,71.96,Yes
2601-TYTGK,Female,0,Yes,No,25,No,No phone service,DSL,No,Yes,Yes,No,No,Yes,Month-to-month,No,Mailed check,63.04,1517.63,No
1044-MWVYW,Male,0,No,No,39,Yes,Yes,Fiber optic,No,Yes,No,No,Yes,No,Two year,Yes,Bank transfer (automatic),94.81,3585.55,No
4812-YAUVU,Male,0,No,No,33,Yes,No,DSL,No,Yes,Yes,No,Yes,Yes,Month-to-month,Yes,Electronic check,82.86,2757.7,Yes
5698-XXBNM,Male,0,Yes,Yes,40,Yes,No,No,No internet service,No internet service,No internet service,No internet service,No internet service,No internet service,One year,No,Credit card (automatic),22.72,894.63,No
1730-YKQEG,Male,1,Yes,Yes,49,Yes,No,DSL,Yes,Yes,No,Yes,Yes,Yes,One year,Yes,Mailed check,87.52,4239.29,No
4481-ULGGK,Female,0,No,No,20,Yes,No,No,No internet service,No internet service,No internet service,No internet service,No internet service,No internet service,Month-to-month,Yes,Credit card (automatic),25.78,508.24,No
1815-JOJBF,Male,0,No,No,2,Yes,Yes,Fiber optic,No,No,No,No,Yes,No,Month-to-month,No,Credit card (automatic),92.08,183.79,Yes
1773-MUATS,Male,0,Yes,Yes,2,Yes,Yes,No,No internet service,No internet service,No internet service,No internet service,No internet service,No internet service,Month-to-month,Yes,Bank transfer (automatic),34.55,69.46,Yes
6334-ZOKJC,Male,0,Yes,Yes,67,Yes,Yes,Fiber optic,Yes,Yes,Yes,No,No,Yes,One year,No,Electronic check,101.25,6830.91,No
4741-TMSGI,Male,0,No,No,50,No,No phone service,Fiber optic,No,No,No,Yes,No,No,Two year,Yes,Mailed check,67.79,3415.32,No
5416-ROYUT,Female,0,Yes,No,58,Yes,No,Fiber optic,No,No,Yes,No,No,Yes,Month-to-month,Yes,Mailed check,83.41,4655.59,No
4311-BDLPJ,Male,0,Yes,Yes,71,Yes,Yes,No,No internet service,No internet service,No internet service,No internet service,No internet service,No internet service,Month-to-month,Yes,Credit card (automatic),31.61,2311.29,No
9912-PPSXP,Male,0,No,No,57,No,No phone service,Fiber optic,No,No,No,Yes,No,Yes,Two year,No,Electronic check,77.26,4222.12,No
7023-QNLCT,Female,0,Yes,Yes,52,No,No phone service,No,No internet service,No internet service,No internet service,No internet service,No internet service,No internet service,Two year,Yes,Bank transfer (automatic),18.25,929.86,No
5340-QXGGU,Male,1,Yes,Yes,48,Yes,No,No,No internet service,No internet service,No internet service,No internet service,No internet service,No internet service,Two year,Yes,Mailed check,22.18,1114.12,No
2366-UHBHW,Male,1,Yes,Yes,11,Yes,Yes,DSL,No,Yes,No,Yes,No,Yes,Month-to-month,Yes,Bank transfer (automatic),81.05,935.2,Yes
6600-USLXF,Male,0,Yes,No,71,Yes,No,No,No internet service,No internet service,No internet service,No internet service,No internet service,No internet service,One year,Yes,Electronic check,24.12,1706.98,No
9793-KDCDC,Male,0,No,No,36,Yes,No,DSL,No,No,Yes,No,No,Yes,Two year,No,Electronic check,66.89,2430.49,No
3922-ACQZO,Male,0,No,No,8,Yes,No,No,No internet service,No internet service,No internet service,No internet service,No internet service,No internet service,Month-to-month,Yes,Electronic check,26.17,219.65,Yes
4385-PVNVH,Male,0,Yes,No,8,Yes,Yes,DSL,No,Yes,No,No,No,No,Month-to-month,No,Bank transfer (automatic),62.07,496.76,Yes
1671-YPWIZ,Male,0,Yes,Yes,63,Yes,No,Fiber optic,No,No,Yes,No,No,No,Month-to-month,Yes,Mailed check,74.6,4752.74,No
2150-SJIRG,Female,1,Yes,Yes,10,Yes,No,No,No internet service,No internet service,No internet service,No internet service,No internet service,No internet service,Month-to-month,Yes,Credit card (automatic),24.36,238.33,Yes
6855-HOSOE,Male,0,Yes,No,1,Yes,Yes,DSL,Yes,No,No,No,No,No,One year,No,Electronic check,65.23,65.31,No
7822-RXHKN,Female,0,No,No,24,Yes,No,DSL,No,No,No,Yes,No,Yes,Month-to-month,Yes,Bank transfer (automatic),67.8,1556.56,Yes
8145-WVOIK,Male,0,Yes,No,63,Yes,Yes,Fiber optic,Yes,Yes,No,No,No,Yes,Two year,Yes,Mailed check,98.3,6406.46,No
9186-FNYKH,Female,0,Yes,Yes,23,Yes,No,Fiber optic,Yes,No,Yes,No,No,Yes,Month-to-month,Yes,Bank transfer (automatic),90.27,2106.5,No
5018-RSAHV,Female,0,No,No,62,Yes,Yes,DSL,Yes,Yes,Yes,No,Yes,Yes,One year,Yes,Bank transfer (automatic),94.03,5548.24,No
3118-XRJGH,Male,0,Yes,No,64,No,No phone service,Fiber optic,Yes,No,No,No,No,Yes,One year,Yes,Credit card (automatic),83.13,5059.05,No
5640-VHXOX,Female,0,Yes,Yes,67,Yes,Yes,No,No internet service,No internet service,No internet service,No internet service,No internet service,No internet service,Month-to-month,No,Bank transfer (automatic),32.96,2276.33,No
3745-LVUJO,Female,1,No,No,41,Yes,No,No,No internet service,No internet service,No internet service,No internet service,No internet service,No internet service,Two year,No,Bank transfer (automatic),23.5,1004.66,No
1889-PJXLY,Male,1,No,No,52,Yes,No,Fiber optic,No,No,Yes,No,Yes,Yes,Two year,Yes,Credit card (automatic),94.81,4869.97,No
3801-PFJQQ,Female,0,No,No,11,Yes,No,DSL,No,No,No,No,Yes,No,Month-to-month,No,Bank transfer (automatic),58.65,621.76,Yes
2546-WBALP,Male,0,No,No,3,Yes,No,DSL,Yes,Yes,No,No,No,Yes,Month-to-month,Yes,Credit card (automatic),72.13,224.24,Yes
2220-CLOJZ,Male,0,No,No,35,No,No phone service,Fiber optic,No,Yes,Yes,No,Yes,No,Month-to-month,No,Bank transfer (automatic),87.82,3081.15,No
8002-BCRNT,Female,0,No,No,1,Yes,No,DSL,Yes,No,No,Yes,Yes,No,Month-to-month,Yes,Credit card (automatic),70.19,67.92,Yes
6257-SJPMP,Male,0,Yes,Yes,28,Yes,Yes,Fiber optic,No,No,Yes,No,Yes,Yes,Month-to-month,Yes,Electronic check,103.6,3041.9,Yes
2653-PIONS,Female,0,No,No,3,Yes,No,Fiber optic,Yes,Yes,No,No,Yes,Yes,Month-to-month,No,Bank transfer (automatic),101.21,298.21,Yes
1109-QAITU,Female,0,Yes,Yes,3,Yes,Yes,DSL,Yes,Yes,No,No,Yes,Yes,Month-to-month,No,Mailed check,89.42,270.56,Yes
8466-XZIQD,Female,0,No,No,68,Yes,Yes,Fiber optic,Yes,Yes,No,No,No,No,One year,Yes,Bank transfer (automatic),90.87,5929.36,No
6176-BQOJC,Male,0,Yes,Yes,47,Yes,No,DSL,No,Yes,No,Yes,No,Yes,Month-to-month,Yes,Electronic check,71.42,3326.94,No
1364-LGYLU,Female,0,Yes,Yes,47,Yes,No,DSL,No,Yes,Yes,Yes,No,No,Two year,No,Electronic check,67.15,3188.01,No
1906-MZVXI,Male,1,Yes,Yes,22,Yes,No,DSL,No,Yes,Yes,No,Yes,Yes,Two year,No,Electronic check,80.96,1866.54,No
2301-NKWKQ,Male,1,Yes,Yes,23,Yes,Yes,DSL,Yes,No,No,Yes,Yes,No,One year,Yes,Mailed check,80.91,1847.42,No
7748-ZJZBS,Female,0,Yes,No,14,Yes,No,Fiber optic,No,Yes,No,No,Yes,No,Month-to-month,No,Mailed check,88.91,1201.78,Yes
5132-RUTHO,Female,0,No,No,25,No,No phone service,Fiber optic,Yes,No,No,Yes,No,Yes,One year,Yes,Mailed check,83.16,2089.16,No
1272-CAUEY,Male,0,Yes,No,41,Yes,No,DSL,No,No,No,Yes,No,No,Month-to-month,Yes,Credit card (automatic),54.8,2212.95,Yes
8864-PBIHK,Female,0,No,No,6,Yes,Yes,Fiber optic,No,Yes,No,No,No,Yes,Month-to-month,No,Mailed check,93.2,565.91,Yes
7681-NTGCB,Male,0,No,Yes,11,Yes,No,Fiber optic,No,Yes,No,No,No,Yes,Month-to-month,No,Electronic check,88.02,995.65,Yes
5016-EZHLY,Female,0,No,No,31,Yes,No,Fiber optic,No,No,No,Yes,No,Yes,One year,Yes,Credit card (automatic),87.93,2591.72,Yes
9832-NDBCG,Female,0,Yes,No,21,Yes,No,DSL,No,No,No,No,Yes,No,Month-to-month,No,Credit card (automatic),56.4,1166.68,No
3232-GGNZX,Male,0,No,No,63,Yes,No,DSL,No,No,No,No,No,No,Two year,Yes,Electronic check,51.51,3200.26,No
7809-ZMBWE,Male,0,No,No,64,Yes,No,DSL,No,No,Yes,No,No,Yes,Month-to-month,Yes,Electronic check,68.44,4385.06,Yes
8234-ESYAD,Female,0,No,Yes,17,Yes,No,DSL,No,Yes,No,Yes,Yes,Yes,One year,No,Electronic check,82.61,1437.27,No
8769-YJHLV,Male,0,Yes,Yes,27,No,No phone service,Fiber optic,No,No,No,No,Yes,No,Month-to-month,Yes,Bank transfer (automatic),76.27,2067.81,No
9093-WODSP,Female,0,Yes,No,72,Yes,Yes,Fiber optic,No,Yes,No,Yes,No,Yes,Month-to-month,Yes,Credit card (automatic),98.52,7128.28,Yes
4088-OHHHJ,Male,0,Yes,No,64,No,No phone service,DSL,Yes,Yes,Yes,No,No,Yes,Two year,No,Credit card (automatic),69.78,4502.26,No
5348-UTWQF,Male,0,Yes,Yes,8,Yes,Yes,Fiber optic,No,No,No,No,Yes,No,Month-to-month,No,Mailed check,86.29,697.26,Yes
9641-CIPXM,Male,0,Yes,Yes,12,Yes,Yes,DSL,Yes,Yes,Yes,Yes,Yes,No,Two year,Yes,Electronic check,87.91,1007.94,No
9434-WFDYA,Male,0,No,No,2,Yes,No,Fiber optic,No,Yes,No,No,Yes,Yes,Month-to-month,No,Credit card (automatic),98.53,201.34,Yes
4950-XBNCV,Female,0,No,No,50,Yes,Yes,DSL,No,No,Yes,No,No,No,One year,Yes,Electronic check,64.95,3129.78,No
6420-FEQGF,Male,0,Yes,No,15,Yes,No,Fiber optic,No,No,No,No,Yes,No,One year,Yes,Credit card (automatic),77.28,1117.6,Yes
9135-LHKVT,Female,0,No,No,36,Yes,Yes,DSL,No,Yes,No,No,Yes,Yes,Two year,Yes,Bank transfer (automatic),86.18,3176.79,No
1288-IUMSG,Female,0,Yes,No,59,Yes,No,Fiber optic,No,No,No,No,Yes,No,Two year,No,Credit card (automatic),77.09,4603.35,No
8267-GAOTV,Male,0,Yes,Yes,65,No,No phone service,DSL,No,No,No,No,No,Yes,One year,No,Bank transfer (automatic),54.9,3431.79,No
2835-BOUXR,Female,0,No,No,16,Yes,No,Fiber optic,Yes,No,No,No,No,Yes,One year,Yes,Electronic check,87.75,1460.18,Yes
8760-DSGKM,Female,0,No,No,9,Yes,Yes,DSL,No,Yes,No,Yes,No,No,Month-to-month,Yes,Mailed check,71.34,661.43,Yes
8074-ASDWP,Female,0,No,No,66,Yes,Yes,No,No internet service,No internet service,No internet service,No internet service,No internet service,No internet service,One year,Yes,Electronic check,35.94,2381.09,No
7617-TGPWP,Female,0,Yes,Yes,20,Yes,Yes,Fiber optic,No,No,No,No,Yes,Yes,Month-to-month,No,Electronic check,102.12,2045.03,Yes
8024-UIFSM,Male,0,Yes,Yes,64,Yes,No,DSL,No,No,No,No,Yes,No,One year,Yes,Mailed check,62.43,4065.13,No
8569-WIYHN,Female,0,No,No,4,Yes,Yes,Fiber optic,No,Yes,No,No,No,Yes,Month-to-month,Yes,Electronic check,95.93,375.53,Yes
8910-FRSKL,Male,0,No,No,70,Yes,Yes,Fiber optic,No,No,No,No,No,No,One year,Yes,Electronic check,81.79,5836.32,No
8446-BUZTP,Male,0,Yes,No,30,Yes,No,DSL,Yes,Yes,Yes,Yes,No,Yes,Month-to-month,Yes,Electronic check,78.12,2418.34,No
5092-PNONU,Female,0,No,Yes,5,Yes,Yes,DSL,Yes,No,No,Yes,Yes,Yes,Month-to-month,Yes,Electronic check,91.61,438.75,Yes
3393-POIAI,Male,0,Yes,Yes,36,Yes,No,Fiber optic,Yes,No,No,No,No,Yes,Two year,No,Electronic check,81.92,2836.01,No
4341-EOUOX,Female,0,Yes,No,68,Yes,No,No,No internet service,No internet service,No internet service,No internet service,No internet service,No internet service,One year,Yes,Electronic check,25.05,1692.58,No
8951-DKMFQ,Male,0,No,No,21,Yes,No,Fiber optic,No,Yes,No,No,Yes,No,Month-to-month,No,Electronic check,87.8,1876.04,Yes
7406-RNFHO,Male,0,No,No,6,Yes,Yes,Fiber optic,No,No,Yes,No,No,No,Month-to-month,Yes,Bank transfer (automatic),84.58,498.93,Yes
9471-JUXIB,Male,0,No,No,40,Yes,No,Fiber optic,Yes,Yes,No,No,Yes,Yes,Two year,Yes,Electronic check,98.32,3899.18,No
6162-WYUDA,Female,0,No,No,65,Yes,No,Fiber optic,Yes,Yes,No,No,Yes,Yes,Two year,Yes,Credit card (automatic),100.9,6515.72,No
1366-MZTOR,Male,0,No,No,3,Yes,Yes,DSL,No,Yes,No,No,Yes,Yes,Month-to-month,No,Electronic check,82.24,245.05,Yes
5779-FMDMQ,Male,0,Yes,Yes,1,Yes,Yes,DSL,No,Yes,Yes,No,No,No,Month-to-month,Yes,Bank transfer (automatic),67.88,69.56,No
5976-HBHGZ,Female,0,No,No,2,Yes,No,DSL,Yes,Yes,Yes,No,Yes,No,Month-to-month,Yes,Credit card (automatic),73.03,143.96,Yes
3415-UUULW,Male,0,No,No,9,Yes,Yes,DSL,No,No,No,No,No,Yes,Month-to-month,No,Mailed check,68.94,645.23,Yes
6945-LEJIT,Male,0,Yes,Yes,1,Yes,No,Fiber optic,No,Yes,No,No,No,Yes,Month-to-month,No,Bank transfer (automatic),84.44,82.2,Yes
8132-PVDWA,Female,0,Yes,Yes,24,Yes,Yes,Fiber optic,No,No,No,Yes,No,Yes,Month-to-month,No,Bank transfer (automatic),97.55,2442.3,Yes
1270-CLIUL,Female,0,No,No,52,No,No phone service,Fiber optic,No,No,Yes,Yes,Yes,No,Month-to-month,No,Credit card (automatic),83.22,4165.14,No
3083-CARUO,Male,0,Yes,No,53,Yes,No,No,No internet service,No internet service,No internet service,No internet service,No internet service,No internet service,Two year,Yes,Credit card (automatic),25.38,1349.1,No
3090-IDCKC,Female,0,Yes,No,46,Yes,Yes,DSL,No,No,Yes,Yes,Yes,Yes,One year,No,Electronic check,88.07,3937.43,No
6556-LZCIC,Male,0,Yes,No,13,Yes,Yes,Fiber optic,No,Yes,No,No,Yes,No,One year,Yes,Mailed check,93.02,1249.43,Yes
4794-AXQKR,Male,0,Yes,No,56,Yes,No,DSL,Yes,No,No,Yes,Yes,No,Month-to-month,No,Electronic check,69.05,4017.91,No
3465-NHWJY,Female,0,Yes,Yes,40,Yes,No,No,No internet service,No internet service,No internet service,No internet service,No internet service,No internet service,Two year,Yes,Bank transfer (automatic),21.18,842.52,No
2996-ZCNHI,Female,0,No,No,67,No,No phone service,Fiber optic,Yes,No,No,Yes,Yes,Yes,Two year,Yes,Credit card (automatic),96.71,6395.33,No
2268-LYIPD,Male,0,No,No,30,Yes,Yes,No,No internet service,No internet service,No internet service,No internet service,No internet service,No internet service,One year,No,Electronic check,31.07,890.25,Yes
8938-JGLVO,Male,0,No,No,6,Yes,Yes,Fiber optic,No,No,No,No,No,Yes,Month-to-month,Yes,Bank transfer (automatic),88.75,530.18,Yes
3332-FEXSN,Male,0,No,No,46,Yes,No,DSL,No,Yes,Yes,No,No,Yes,Month-to-month,No,Mailed check,68.14,2977.83,No
2757-CFHLM,Male,0,No,No,4,Yes,No,No,No internet service,No internet service,No internet service,No internet service,No internet service,No internet service,Month-to-month,Yes,Credit card (automatic),28.9,116.16,Yes
2244-QYPDB,Female,0,No,No,72,Yes,No,DSL,Yes,No,Yes,Yes,Yes,No,One year,Yes,Electronic check,75.95,5664.3,No
6651-JMRPV,Female,0,No,No,53,Yes,No,Fiber optic,No,Yes,Yes,No,Yes,No,One year,No,Credit card (automatic),86.83,4775.14,Yes
9575-PBHVF,Male,0,Yes,Yes,58,Yes,No,Fiber optic,No,No,Yes,No,No,No,Two year,No,Bank transfer (automatic),78.56,4499.36,No
2803-KCLEF,Female,0,Yes,Yes,50,Yes,No,Fiber optic,No,No,Yes,No,Yes,Yes,Two year,No,Bank transfer (automatic),92.85,4676.32,No
9152-XTOUU,Female,0,Yes,Yes,3,Yes,No,Fiber optic,No,No,No,Yes,Yes,No,One year,No,Electronic check,87.44,257.79,Yes
3898-AZOWZ,Male,0,Yes,No,28,Yes,Yes,No,No internet service,No internet service,No internet service,No internet service,No internet service,No internet service,Month-to-month,Yes,Electronic check,38.97,1137.54,Yes
8741-RKRGR,Female,1,No,No,48,Yes,Yes,Fiber optic,Yes,No,No,No,No,No,Two year,No,Electronic check,88.85,4328.12,No
2569-QFHAC,Female,1,Yes,No,9,Yes,No,DSL,No,No,No,Yes,No,No,Month-to-month,No,Electronic check,57.29,514.77,No
4042-RJGQN,Male,0,No,No,50,Yes,No,Fiber optic,No,Yes,Yes,Yes,Yes,Yes,Two year,Yes,Electronic check,109.0,5243.63,No
5561-MMOMP,Female,0,Yes,No,63,Yes,No,No,No internet service,No internet service,No internet service,No internet service,No internet service,No internet service,One year,Yes,Electronic check,22.46,1364.1,No
5768-INOXA,Female,0,No,No,12,Yes,Yes,No,No internet service,No internet service,No internet service,No internet service,No internet service,No internet service,Month-to-month,No,Mailed check,37.09,460.99,No
6566-RVPAJ,Male,0,Yes,Yes,7,Yes,Yes,Fiber optic,No,No,No,No,Yes,Yes,Month-to-month,Yes,Mailed check,100.89,678.72,Yes
1731-LJRRD,Male,0,No,No,69,Yes,Yes,DSL,No,No,Yes,No,No,Yes,Two year,No,Mailed check,76.94,5115.08,No
8929-UHIMQ,Female,0,No,No,1,Yes,Yes,DSL,No,No,No,No,Yes,Yes,Month-to-month,Yes,Mailed check,77.91,76.1,Yes
4529-ABQVC,Male,0,Yes,Yes,10,Yes,Yes,Fiber optic,No,No,No,Yes,Yes,No,Month-to-month,Yes,Mailed check,98.26,950.09,Yes
4240-HGVXF,Female,0,Yes,Yes,22,Yes,No,Fiber optic,Yes,No,No,No,No,No,One year,Yes,Electronic check,72.36,1643.43,Yes
5684-BQWJS,Male,0,Yes,Yes,50,Yes,Yes,Fiber optic,No,Yes,Yes,Yes,No,Yes,Two year,Yes,Bank transfer (automatic),102.02,4849.13,No
3962-XIQRA,Female,0,No,No,72,Yes,No,No,No internet service,No internet service,No internet service,No internet service,No internet service,No internet service,One year,No,Bank transfer (automatic),28.16,2098.09,No
7739-RDVFU,Male,0,Yes,Yes,20,Yes,Yes,Fiber optic,No,No,No,No,Yes,Yes,Month-to-month,No,Bank transfer (automatic),101.94,2023.65,Yes
5015-ZSIQV,Male,1,No,No,71,Yes,Yes,No,No internet service,No internet service,No internet service,No internet service,No internet service,No internet service,Two year,Yes,Bank transfer (automatic),35.81,2597.95,No
4996-RQNNS,Male,0,Yes,No,19,No,No phone service,DSL,No,No,No,No,No,Yes,Month-to-month,Yes,Bank transfer (automatic),56.9,1068.68,No
3246-MMQAN,Female,0,Yes,Yes,52,Yes,No,Fiber optic,Yes,Yes,Yes,No,No,Yes,One year,No,Mailed check,91.08,4933.37,No
5991-KCGJK,Male,0,No,Yes,5,No,No phone service,Fiber optic,Yes,No,No,Yes,No,No,One year,No,Electronic check,77.79,379.42,No
6690-TXCFB,Male,0,Yes,Yes,28,Yes,Yes,No,No internet service,No internet service,No internet service,No internet service,No internet service,No internet service,Month-to-month,Yes,Mailed check,31.4,854.65,No
2293-BWDXS,Male,1,No,No,68,Yes,Yes,Fiber optic,No,Yes,No,No,Yes,No,One year,Yes,Credit card (automatic),95.12,6655.11,No
9424-CKLJY,Male,1,Yes,Yes,15,Yes,Yes,Fiber optic,No,No,Yes,Yes,Yes,Yes,Month-to-month,No,Electronic check,106.25,1515.52,Yes
5691-MWEVV,Male,0,No,No,3,Yes,No,Fiber optic,No,No,Yes,No,No,Yes,Month-to-month,Yes,Mailed check,87.03,249.56,Yes
3714-GSQIK,Female,0,Yes,Yes,34,Yes,No,DSL,Yes,Yes,Yes,Yes,No,Yes,Month-to-month,Yes,Electronic check,78.2,2595.61,No
6111-JVQRP,Female,1,No,No,26,Yes,No,Fiber optic,No,Yes,Yes,No,No,Yes,Month-to-month,Yes,Mailed check,89.56,2395.05,Yes
6476-UQYWX,Female,1,Yes,No,9,Yes,No,DSL,No,Yes,No,Yes,Yes,No,Month-to-month,Yes,Mailed check,73.88,645.37,Yes
6190-XWLYI,Male,0,Yes,No,70,Yes,Yes,Fiber optic,No,No,No,No,Yes,Yes,Month-to-month,Yes,Bank transfer (automatic),102.02,7195.2,No
3014-JYMFL,Male,0,No,No,43,No,No phone service,Fiber optic,Yes,Yes,Yes,No,Yes,No,One year,No,Bank transfer (automatic),86.9,3611.94,No
2865-DAWHE,Female,0,Yes,Yes,18,Yes,Yes,DSL,No,Yes,No,Yes,No,No,Month-to-month,Yes,Electronic check,73.62,1382.53,No
5146-YZVZZ,Male,0,Yes,Yes,72,Yes,Yes,Fiber optic,No,No,Yes,No,Yes,No,One year,Yes,Bank transfer (automatic),94.78,6691.02,No
1540-SOHWU,Female,1,Yes,Yes,3,Yes,No,DSL,No,Yes,No,No,Yes,Yes,Month-to-month,No,Bank transfer (automatic),77.69,223.62,Yes
8546-AOONG,Female,0,Yes,Yes,66,Yes,No,Fiber optic,No,Yes,No,No,No,Yes,Month-to-month,Yes,Bank transfer (automatic),82.03,5234.49,No
9828-SWBUY,Female,0,No,No,9,Yes,No,DSL,Yes,Yes,No,No,No,Yes,Month-to-month,Yes,Mailed check,66.89,604.78,Yes
9062-WAZUZ,Male,0,No,No,9,Yes,Yes,DSL,No,Yes,Yes,Yes,Yes,No,Month-to-month,Yes,Electronic check,83.11,724.3,No
3962-KIUFY,Male,0,Yes,Yes,32,Yes,Yes,Fiber optic,No,No,No,No,Yes,Yes,One year,No,Mailed check,96.24,3154.36,No
1352-LBJVQ,Male,0,No,No,49,Yes,Yes,DSL,No,Yes,No,No,Yes,Yes,Two year,No,Bank transfer (automatic),85.91,4130.67,No
6353-JWCTJ,Female,0,No,No,51,Yes,No,No,No internet service,No internet service,No internet service,No internet service,No internet service,No internet service,Month-to-month,No,Electronic check,22.44,1107.57,No
2578-WHBBP,Female,0,Yes,No,1,Yes,Yes,DSL,No,No,No,Yes,No,Yes,Month-to-month,Yes,Electronic check,78.57,75.39,Yes
3631-JATUU,Female,0,Yes,Yes,13,Yes,No,Fiber optic,No,Yes,No,Yes,No,No,Two year,Yes,Bank transfer (automatic),83.97,1068.26,No
5941-KBUDM,Male,0,Yes,No,49,Yes,Yes,Fiber optic,No,No,Yes,No,Yes,Yes,Two year,Yes,Bank transfer (automatic),108.36,5548.74,No
7278-RRBON,Female,1,No,No,70,Yes,No,DSL,Yes,No,No,Yes,No,Yes,Two year,Yes,Electronic check,68.12,4554.27,No
7553-KHRKK,Female,0,Yes,Yes,50,No,No phone service,No,No internet service,No internet service,No internet service,No internet service,No internet service,No internet service,Two year,No,Electronic check,19.47,1017.78,No
5292-ANRMY,Male,0,Yes,No,11,Yes,No,Fiber optic,Yes,No,Yes,No,Yes,Yes,Month-to-month,Yes,Mailed check,98.77,1112.98,Yes
8692-IVVZY,Male,0,Yes,Yes,33,Yes,No,Fiber optic,No,No,Yes,No,Yes,Yes,Two year,Yes,Credit card (automatic),94.15,3133.3,Yes
9024-NVTRO,Female,0,No,No,48,Yes,Yes,DSL,No,No,No,No,No,Yes,Two year,Yes,Bank transfer (automatic),72.59,3480.07,No
9595-TWEAK,Male,0,Yes,No,3,Yes,Yes,Fiber optic,Yes,Yes,Yes,No,No,Yes,Month-to-month,Yes,Bank transfer (automatic),104.02,300.9,Yes
8811-PTFIW,Male,0,No,No,37,Yes,Yes,Fiber optic,Yes,No,No,Yes,No,Yes,One year,Yes,Credit card (automatic),103.23,3642.77,No
6774-LLHPI,Male,1,No,No,29,Yes,Yes,DSL,No,Yes,Yes,Yes,Yes,No,Month-to-month,Yes,Electronic check,81.5,2392.73,Yes
4522-DYDKS,Female,0,No,No,17,Yes,No,No,No internet service,No internet service,No internet service,No internet service,No internet service,No internet service,Month-to-month,Yes,Bank transfer (automatic),24.29,402.13,Yes
3666-PSQZF,Male,0,Yes,No,45,Yes,Yes,Fiber optic,Yes,Yes,No,No,No,No,Two year,Yes,Credit card (automatic),86.06,3884.4,No
1925-XTNXX,Male,0,Yes,Yes,46,No,No phone service,No,No internet service,No internet service,No internet service,No internet service,No internet service,No internet service,One year,No,Electronic check,18.87,862.9,No
9455-WVDIW,Female,0,No,No,72,Yes,No,No,No internet service,No internet service,No internet service,No internet service,No internet service,No internet service,Two year,Yes,Electronic check,23.53,1738.23,No
1991-MEXDU,Female,0,No,No,24,Yes,Yes,Fiber optic,No,No,No,No,No,Yes,Month-to-month,Yes,Bank transfer (automatic),91.87,2153.92,Yes
9621-QBRPL,Female,0,No,No,35,Yes,No,DSL,Yes,Yes,No,No,Yes,Yes,Month-to-month,Yes,Bank transfer (automatic),79.83,2689.48,No
7125-KQIVG,Male,0,No,No,4,Yes,No,Fiber optic,No,Yes,No,No,Yes,No,Month-to-month,No,Mailed check,84.17,340.33,Yes
7588-JEKFD,Female,1,Yes,No,37,Yes,No,Fiber optic,No,No,No,No,Yes,Yes,Two year,No,Electronic check,90.51,3462.14,No
3398-OKXEZ,Female,0,No,No,1,Yes,Yes,Fiber optic,Yes,No,Yes,No,Yes,No,Month-to-month,No,Bank transfer (automatic),96.22,100.24,No
3372-WBOPD,Female,0,No,No,4,Yes,Yes,DSL,Yes,No,No,Yes,No,Yes,Month-to-month,No,Electronic check,82.21,342.81,No
1677-XJSLN,Male,0,No,Yes,5,Yes,No,DSL,No,No,No,No,Yes,Yes,Month-to-month,Yes,Electronic check,68.63,327.14,Yes
4513-BSPVJ,Male,0,No,No,46,Yes,No,Fiber optic,No,No,No,No,No,No,Month-to-month,Yes,Electronic check,70.03,3120.83,No
3292-CQQLP,Male,0,No,No,39,Yes,Yes,Fiber optic,Yes,No,Yes,No,No,Yes,Two year,Yes,Electronic check,103.52,4138.13,Yes
1722-HJKMT,Female,0,No,No,61,Yes,No,No,No internet service,No internet service,No internet service,No internet service,No internet service,No internet service,One year,No,Electronic check,28.39,1767.13,No
2896-ZUEVF,Female,0,No,No,28,Yes,Yes,DSL,No,Yes,No,No,No,No,Month-to-month,Yes,Bank transfer (automatic),67.08,1893.58,No
6178-GIMAH,Male,0,No,No,29,Yes,No,No,No internet service,No internet service,No internet service,No internet service,No internet service,No internet service,One year,Yes,Credit card (automatic),24.94,713.72,No
5780-HWUWS,Male,0,Yes,Yes,5,Yes,Yes,No,No internet service,No internet service,No internet service,No internet service,No internet service,No internet service,Month-to-month,Yes,Mailed check,35.59,174.5,No
9835-HCIBB,Male,0,No,No,56,No,No phone service,DSL,No,No,No,No,Yes,No,Two year,Yes,Bank transfer (automatic),52.16,2801.32,No
4139-NPTXF,Male,1,No,No,1,Yes,No,DSL,Yes,No,No,Yes,Yes,No,Month-to-month,Yes,Mailed check,72.95,73.58,Yes
4659-RCJGC,Female,1,No,Yes,24,Yes,No,DSL,Yes,Yes,No,Yes,Yes,Yes,Month-to-month,No,Mailed check,82.29,1918.24,No
2685-NLMNY,Female,0,No,No,6,Yes,Yes,Fiber optic,No,Yes,Yes,No,Yes,No,Month-to-month,No,Bank transfer (automatic),102.03,636.03,Yes
1175-OBIGD,Male,0,No,No,59,Yes,No,Fiber optic,No,Yes,No,No,Yes,Yes,One year,No,Bank transfer (automatic),98.22,5635.08,No
9823-IBSHR,Male,1,No,No,50,Yes,Yes,Fiber optic,Yes,Yes,No,Yes,No,No,Two year,Yes,Electronic check,91.46,4695.83,No
2986-EAOZC,Male,1,Yes,No,53,Yes,No,Fiber optic,No,Yes,No,No,Yes,No,Two year,Yes,Credit card (automatic),87.54,4569.25,No
7843-RKYJX,Female,0,No,No,4,Yes,Yes,Fiber optic,No,Yes,Yes,No,Yes,No,Month-to-month,No,Credit card (automatic),100.39,414.37,Yes
7859-DUFKW,Male,0,Yes,No,49,Yes,No,Fiber optic,No,No,Yes,Yes,Yes,Yes,Two year,Yes,Electronic check,100.99,5066.65,No
7303-PBKJO,Female,0,No,Yes,52,Yes,No,Fiber optic,No,Yes,Yes,No,No,Yes,Two year,No,Electronic check,90.32,4472.73,No
2824-NTFBW,Female,0,No,No,1,Yes,No,DSL,Yes,Yes,Yes,No,No,No,Month-to-month,No,Credit card (automatic),66.98,67.98,No
6108-ORPNN,Female,1,Yes,Yes,15,No,No phone service,Fiber optic,No,No,No,No,No,No,One year,Yes,Mailed check,67.73,1022.15,Yes
3352-ETQJI,Female,0,No,No,2,Yes,No,DSL,Yes,Yes,No,Yes,No,No,One year,Yes,Bank transfer (automatic),61.21,126.36,Yes
7533-FLHXV,Female,0,Yes,No,51,Yes,Yes,DSL,No,Yes,No,Yes,No,Yes,Two year,Yes,Mailed check,79.76,3959.22,No
3660-ASECQ,Male,0,No,No,8,Yes,No,Fiber optic,Yes,Yes,No,No,No,No,Month-to-month,No,Mailed check,76.27,624.18,Yes
7164-JMQIQ,Female,0,Yes,No,11,No,No phone service,DSL,Yes,No,Yes,No,No,Yes,Two year,Yes,Bank transfer (automatic),63.23,722.41,No
4750-VLXOH,Female,0,Yes,No,2,Yes,Yes,Fiber optic,No,Yes,No,No,Yes,Yes,Month-to-month,Yes,Bank transfer (automatic),107.87,221.84,No
2174-NZSEW,Male,0,No,No,30,No,No phone service,No,No internet service,No internet service,No internet service,No internet service,No internet service,No internet service,Two year,Yes,Electronic check,18.25,570.56,No
2491-PTRDP,Male,0,No,No,1,Yes,No,DSL,No,Yes,No,No,No,No,Month-to-month,Yes,Credit card (automatic),54.54,53.49,Yes
9560-UWOTO,Male,0,No,No,66,Yes,Yes,Fiber optic,No,No,Yes,No,No,No,Two year,No,Bank transfer (automatic),87.82,5750.06,No
6670-YTFYK,Male,0,Yes,Yes,1,Yes,No,Fiber optic,Yes,Yes,Yes,Yes,No,No,Month-to-month,Yes,Electronic check,93.07,92.07,No
6465-HNBPD,Male,0,Yes,Yes,2,Yes,Yes,DSL,No,Yes,No,Yes,Yes,No,Month-to-month,Yes,Electronic check,78.22,153.92,No
9974-QWPMK,Female,0,No,Yes,47,Yes,Yes,DSL,No,No,Yes,No,Yes,Yes,Two year,Yes,Credit card (automatic),87.26,3958.0,No
8715-HMDFY,Female,0,Yes,No,70,Yes,Yes,No,No internet service,No internet service,No internet service,No internet service,No internet service,No internet service,One year,Yes,Electronic check,32.12,2139.87,No
1383-UCNTB,Female,0,Yes,Yes,70,Yes,Yes,Fiber optic,No,Yes,No,Yes,Yes,No,One year,Yes,Electronic check,100.07,6838.93,No
4898-VHUKK,Female,0,No,No,2,Yes,No,Fiber optic,No,Yes,No,No,No,Yes,Month-to-month,Yes,Mailed check,85.85,180.16,Yes
1841-KFBAK,Female,0,No,No,13,Yes,Yes,No,No internet service,No internet service,No internet service,No internet service,No internet service,No internet service,One year,No,Electronic check,35.11,447.03,No
6987-BZDHM,Female,1,Yes,No,34,Yes,No,Fiber optic,No,Yes,Yes,No,No,Yes,Month-to-month,No,Electronic check,89.72,3143.17,Yes
4571-YQLST,Male,0,No,No,1,Yes,Yes,DSL,Yes,Yes,Yes,Yes,No,Yes,Month-to-month,No,Electronic check,91.13,87.93,Yes
8321-ESJRO,Female,0,No,No,35,Yes,No,DSL,No,Yes,No,No,No,No,Month-to-month,No,Electronic check,51.15,1800.58,No
8911-YOMHU,Male,1,Yes,No,26,Yes,No,DSL,Yes,No,No,No,No,Yes,Month-to-month,No,Bank transfer (automatic),62.02,1550.64,Yes
3287-OBTDE,Female,0,No,No,41,Yes,Yes,No,No internet service,No internet service,No internet service,No internet service,No internet service,No internet service,One year,No,Electronic check,32.89,1370.82,No
3852-URNPN,Female,0,No,No,70,Yes,Yes,Fiber optic,No,No,No,No,No,Yes,Two year,No,Credit card (automatic),92.02,6191.09,No
3017-VGMYO,Female,0,Yes,No,12,Yes,No,Fiber optic,No,No,No,Yes,Yes,No,One year,Yes,Bank transfer (automatic),82.63,971.18,No
6906-BWKCQ,Male,0,No,Yes,47,Yes,Yes,No,No internet service,No internet service,No internet service,No internet service,No internet service,No internet service,Two year,No,Credit card (automatic),35.11,1589.38,No
2689-ESUCZ,Male,0,No,No,25,Yes,Yes,Fiber optic,No,No,No,No,No,Yes,One year,Yes,Bank transfer (automatic),86.76,2137.98,No
7609-YLOZI,Male,0,Yes,No,25,Yes,Yes,DSL,No,Yes,Yes,No,No,Yes,Month-to-month,No,Credit card (automatic),79.67,1954.94,Yes
1368-PBKDF,Male,0,Yes,No,48,Yes,No,DSL,No,No,No,No,Yes,No,One year,No,Mailed check,61.53,2885.95,No
2335-FVQPO,Male,1,Yes,Yes,71,No,No phone service,Fiber optic,Yes,Yes,No,Yes,Yes,No,Two year,No,Electronic check,88.45,6059.26,No
7407-NSSHB,Male,0,Yes,No,67,Yes,No,No,No internet service,No internet service,No internet service,No internet service,No internet service,No internet service,One year,Yes,Bank transfer (automatic),21.76,1460.86,No
9981-UCGNO,Female,0,Yes,Yes,47,Yes,Yes,DSL,Yes,No,No,No,Yes,No,Month-to-month,Yes,Credit card (automatic),75.4,3438.01,No
4807-AFEWO,Male,0,No,No,28,Yes,No,Fiber optic,No,Yes,No,No,No,No,Month-to-month,Yes,Credit card (automatic),72.9,2109.64,No
9436-PBBWH,Female,0,Yes,No,24,No,No phone service,DSL,No,No,No,No,Yes,No,Month-to-month,No,Electronic check,53.72,1309.56,Yes
4600-SNSRB,Male,1,Yes,Yes,60,Yes,Yes,Fiber optic,No,No,No,Yes,No,No,Two year,No,Electronic check,87.26,5421.93,No
9468-UAEVZ,Male,0,Yes,No,8,Yes,No,DSL,No,No,No,No,No,No,Month-to-month,No,Mailed check,50.17,415.84,No
7678-HSUKR,Female,1,No,Yes,41,Yes,Yes,Fiber optic,No,No,No,Yes,No,Yes,Two year,Yes,Mailed check,91.98,3708.69,No
6378-EIPNR,Female,1,No,No,33,Yes,No,DSL,No,No,Yes,Yes,Yes,No,One year,Yes,Electronic check,66.58,2103.64,Yes
9224-WZGTY,Male,1,Yes,Yes,48,Yes,No,No,No internet service,No internet service,No internet service,No internet service,No internet service,No internet service,One year,Yes,Mailed check,23.38,1094.66,No
8232-COZUZ,Female,0,No,No,6,Yes,No,No,No internet service,No internet service,No internet service,No internet service,No internet service,No internet service,Month-to-month,No,Mailed check,28.25,168.49,Yes
1527-UMWXZ,Female,0,No,No,52,Yes,No,DSL,No,No,Yes,No,No,No,One year,No,Bank transfer (automatic),57.61,3128.11,No
1557-KNUHC,Female,0,No,No,45,Yes,Yes,Fiber optic,Yes,Yes,No,Yes,Yes,Yes,One year,No,Electronic check,112.66,5045.83,No
1277-DSBGI,Female,0,Yes,No,6,Yes,Yes,Fiber optic,No,No,No,No,Yes,No,Two year,No,Mailed check,86.61,542.89,Yes
6800-PKWFL,Female,0,Yes,Yes,27,Yes,Yes,DSL,No,No,Yes,No,No,Yes,Month-to-month,Yes,Credit card (automatic),75.97,2107.27,Yes
2284-RXORT,Female,0,No,No,50,No,No phone service,Fiber optic,Yes,No,Yes,No,Yes,Yes,Two year,No,Electronic check,98.26,4898.59,No
6180-DAFXE,Female,0,Yes,No,70,Yes,No,No,No internet service,No internet service,No internet service,No internet service,No internet service,No internet service,Month-to-month,Yes,Electronic check,27.12,1968.18,No
2623-JYCYL,Female,0,No,No,3,Yes,Yes,Fiber optic,No,No,Yes,No,Yes,No,One year,Yes,Electronic check,92.93,290.05,Yes
6419-JBIBW,Female,0,No,No,1,Yes,No,Fiber optic,Yes,No,No,No,Yes,Yes,One year,Yes,Electronic check,95.8,95.18,No
7129-AVPCW,Female,0,No,No,5,Yes,Yes,DSL,Yes,No,No,Yes,No,No,Month-to-month,No,Mailed check,66.91,345.04,No
8137-JEUCS,Male,0,Yes,No,72,Yes,Yes,Fiber optic,No,No,No,No,Yes,Yes,Two year,No,Electronic check,99.78,7447.73,No
2982-CWVOG,Male,0,No,No,59,Yes,Yes,No,No internet service,No internet service,No internet service,No internet service,No internet service,No internet service,Two year,Yes,Credit card (automatic),36.27,2125.04,No
7225-LDOKS,Female,1,No,No,44,Yes,Yes,DSL,Yes,No,Yes,No,Yes,Yes,One year,No,Electronic check,90.82,3985.18,No
7062-NAQAW,Female,0,Yes,Yes,3,Yes,Yes,Fiber optic,No,No,Yes,No,Yes,Yes,One year,No,Bank transfer (automatic),106.57,312.25,No
3969-UZNBV,Male,0,Yes,Yes,23,Yes,No,Fiber optic,No,No,No,Yes,Yes,Yes,Month-to-month,Yes,Credit card (automatic),94.99,2174.24,Yes
3802-JESKG,Male,0,Yes,Yes,54,Yes,Yes,DSL,No,No,Yes,No,Yes,Yes,One year,No,Electronic check,83.61,4509.86,No
4699-WJKII,Female,0,Yes,No,70,Yes,No,Fiber optic,No,Yes,Yes,No,Yes,No,Two year,Yes,Credit card (automatic),91.25,6479.3,No
9165-MIXLJ,Male,0,Yes,Yes,20,Yes,Yes,Fiber optic,No,No,No,No,No,No,One year,No,Electronic check,78.46,1583.58,Yes
7295-PQZED,Male,0,No,No,72,Yes,Yes,Fiber optic,No,Yes,No,Yes,Yes,No,Two year,Yes,Mailed check,102.56,7676.17,No
5150-OXVVE,Male,0,No,No,3,Yes,Yes,DSL,No,Yes,Yes,Yes,Yes,Yes,Month-to-month,No,Bank transfer (automatic),96.23,292.98,No
1442-ADRZH,Female,0,No,No,21,Yes,Yes,DSL,No,Yes,No,Yes,Yes,Yes,One year,Yes,Bank transfer (automatic),89.79,1817.24,Yes
2486-LIZNU,Male,0,Yes,No,69,Yes,No,Fiber optic,Yes,No,Yes,No,No,Yes,One year,No,Mailed check,91.8,6168.7,No
7299-VVBKJ,Female,1,Yes,Yes,48,Yes,No,Fiber optic,No,Yes,No,No,Yes,Yes,One year,No,Bank transfer (automatic),96.07,4803.29,No
8005-FXENQ,Female,0,No,No,63,Yes,No,Fiber optic,No,Yes,Yes,No,Yes,Yes,Two year,Yes,Mailed check,96.28,5799.47,No
1760-PXZCY,Female,0,No,No,70,No,No phone service,No,No internet service,No internet service,No internet service,No internet service,No internet service,No internet service,One year,No,Credit card (automatic),20.56,1467.66,No
5685-JMAJV,Male,0,No,Yes,33,Yes,No,Fiber optic,No,No,No,No,No,Yes,Month-to-month,Yes,Bank transfer (automatic),77.25,2443.09,No
4240-BSPKL,Male,0,Yes,Yes,9,Yes,No,Fiber optic,No,Yes,Yes,No,Yes,No,Month-to-month,Yes,Electronic check,91.51,800.59,Yes
3052-JVPLQ,Female,0,No,No,52,Yes,Yes,Fiber optic,Yes,No,No,No,Yes,No,Two year,Yes,Mailed check,94.91,5086.53,No
7520-PITPT,Female,0,Yes,No,39,Yes,No,Fiber optic,Yes,Yes,Yes,No,No,Yes,One year,No,Credit card (automatic),93.01,3576.25,No
6420-YAFIH,Male,0,Yes,Yes,59,Yes,No,Fiber optic,Yes,No,No,No,No,Yes,Two year,Yes,Electronic check,88.36,5202.69,No
5918-CAGIB,Male,0,No,No,33,Yes,Yes,Fiber optic,No,Yes,No,No,No,No,Month-to-month,No,Bank transfer (automatic),84.0,2850.44,Yes
5367-WJNLI,Female,0,No,No,63,Yes,No,DSL,Yes,No,Yes,No,Yes,Yes,Month-to-month,No,Credit card (automatic),82.52,5241.54,No
8868-DXCRA,Female,1,Yes,No,70,Yes,No,No,No internet service,No internet service,No internet service,No internet service,No internet service,No internet service,Two year,No,Bank transfer (automatic),27.73,1897.62,No
1403-TNZJR,Male,0,No,No,57,Yes,Yes,Fiber optic,No,No,No,No,Yes,No,Month-to-month,Yes,Electronic check,88.81,5290.28,Yes
4570-ZTDTV,Male,0,No,No,56,Yes,Yes,Fiber optic,No,No,No,No,No,No,One year,No,Mailed check,76.49,4257.67,No
8661-WLKAC,Male,0,No,No,41,Yes,No,No,No internet service,No internet service,No internet service,No internet service,No internet service,No internet service,One year,Yes,Bank transfer (automatic),23.06,909.09,No
9562-IPDFH,Male,0,Yes,Yes,29,Yes,Yes,DSL,Yes,Yes,Yes,Yes,No,No,Month-to-month,Yes,Electronic check,82.12,2278.0,No
2960-IBREZ,Male,0,Yes,No,72,Yes,No,No,No internet service,No internet service,No internet service,No internet service,No internet service,No internet service,Two year,Yes,Bank transfer (automatic),22.81,1694.12,No
9275-ORTMH,Male,0,No,No,47,Yes,Yes,No,No internet service,No internet service,No internet service,No internet service,No internet service,No internet service,Two year,No,Bank transfer (automatic),36.48,1715.08,No
8899-HWNXD,Female,0,No,No,65,Yes,No,DSL,No,Yes,No,No,No,No,Month-to-month,No,Mailed check,53.19,3467.29,No
1698-QBBVW,Male,1,Yes,Yes,33,Yes,No,No,No internet service,No internet service,No internet service,No internet service,No internet service,No internet service,Month-to-month,Yes,Mailed check,25.47,822.98,No
3377-PKMFX,Female,0,Yes,Yes,38,Yes,Yes,DSL,Yes,No,No,No,No,Yes,Month-to-month,Yes,Mailed check,77.3,3033.39,Yes
7085-QZUHU,Female,0,Yes,No,49,Yes,No,Fiber optic,Yes,Yes,Yes,No,No,No,Two year,Yes,Electronic check,88.53,4487.14,No
6352-QJDVZ,Female,0,Yes,Yes,55,Yes,Yes,DSL,No,No,No,No,No,No,Two year,Yes,Mailed check,57.46,3173.97,No
2245-GVWSC,Female,0,No,No,27,Yes,No,Fiber optic,No,Yes,Yes,No,Yes,No,One year,Yes,Electronic check,89.54,2491.54,Yes
9791-XLADW,Female,0,Yes,No,18,Yes,No,Fiber optic,No,No,Yes,No,No,Yes,Month-to-month,Yes,Bank transfer (automatic),85.77,1586.29,Yes
2062-MUJZG,Female,0,No,No,9,Yes,Yes,No,No internet service,No internet service,No internet service,No internet service,No internet service,No internet service,Two year,No,Credit card (automatic),31.45,276.19,No
2613-XHZYV,Male,0,Yes,No,24,Yes,No,Fiber optic,No,Yes,No,No,Yes,No,Month-to-month,No,Bank transfer (automatic),87.19,2175.8,Yes
3144-GAOFE,Male,0,Yes,No,8,Yes,Yes,Fiber optic,Yes,No,Yes,No,Yes,No,Month-to-month,Yes,Mailed check,99.42,771.74,Yes
3737-MJXHJ,Female,0,No,No,23,Yes,Yes,DSL,No,Yes,Yes,Yes,No,No,One year,Yes,Electronic check,74.68,1738.49,Yes
6265-GACAQ,Female,0,No,No,68,Yes,No,Fiber optic,No,No,No,No,Yes,Yes,Month-to-month,Yes,Mailed check,93.98,6664.26,No
1175-VRCXA,Male,1,No,No,72,Yes,Yes,Fiber optic,Yes,No,No,No,No,Yes,Month-to-month,No,Credit card (automatic),93.65,6579.61,No
7664-LDEIG,Female,0,No,No,40,Yes,Yes,No,No internet service,No internet service,No internet service,No internet service,No internet service,No internet service,Two year,No,Electronic check,35.1,1408.12,No
9616-PWBKZ,Male,0,Yes,Yes,4,Yes,Yes,Fiber optic,Yes,No,Yes,No,No,No,Month-to-month,No,Credit card (automatic),93.93,384.76,No
1922-DGVJG,Female,0,No,No,24,Yes,No,Fiber optic,No,Yes,No,No,No,Yes,Month-to-month,Yes,Electronic check,85.98,2133.11,No
3088-ITIOM,Male,0,Yes,No,43,Yes,Yes,DSL,No,No,No,No,No,No,One year,Yes,Credit card (automatic),59.35,2448.52,No
1540-PSOCO,Female,0,No,No,20,Yes,No,Fiber optic,No,Yes,No,Yes,No,No,Two year,No,Bank transfer (automatic),80.43,1529.99,No
5565-ZADNQ,Male,0,No,No,7,Yes,Yes,No,No internet service,No internet service,No internet service,No internet service,No internet service,No internet service,Month-to-month,Yes,Mailed check,31.2,227.93,Yes
6450-YTYKS,Female,0,Yes,No,9,Yes,No,Fiber optic,No,Yes,No,No,Yes,Yes,Month-to-month,No,Electronic check,94.25,850.17,Yes
1659-DSZCS,Male,0,No,Yes,29,Yes,No,No,No internet service,No internet service,No internet service,No internet service,No internet service,No internet service,Month-to-month,Yes,Electronic check,21.97,650.19,Yes
8887-UXPXL,Female,0,No,Yes,8,Yes,No,Fiber optic,No,No,Yes,No,No,Yes,Month-to-month,Yes,Bank transfer (automatic),84.81,665.51,Yes
3039-XRLIW,Male,0,No,No,10,Yes,No,No,No internet service,No internet service,No internet service,No internet service,No internet service,No internet service,Month-to-month,No,Credit card (automatic),23.59,231.08,No
9479-JROHZ,Female,0,Yes,Yes,68,Yes,No,No,No internet service,No internet service,No internet service,No internet service,No internet service,No internet service,One year,No,Credit card (automatic),26.43,1821.03,Yes
5649-TADML,Male,0,No,No,60,Yes,No,Fiber optic,Yes,Yes,No,Yes,Yes,Yes,Two year,Yes,Credit card (automatic),108.42,6313.85,No
6031-OUOIU,Female,0,No,No,2,Yes,Yes,Fiber optic,No,Yes,No,No,No,Yes,Month-to-month,No,Bank transfer (automatic),93.08,190.13,Yes
5493-UPTXH,Female,1,No,No,15,Yes,No,DSL,No,Yes,Yes,No,No,No,One year,No,Electronic check,63.38,923.41,No
6988-IRKPB,Female,0,Yes,No,35,No,No phone service,No,No internet service,No internet service,No internet service,No internet service,No internet service,No internet service,Month-to-month,Yes,Electronic check,18.25,608.19,No
2667-EDMYM,Male,0,Yes,No,2,Yes,No,DSL,Yes,No,No,Yes,No,Yes,Month-to-month,Yes,Electronic check,67.9,141.04,Yes
6895-KLAYV,Female,0,Yes,Yes,51,Yes,No,DSL,No,No,No,Yes,No,No,One year,No,Electronic check,52.19,2706.41,No
7656-YJTXU,Male,0,No,No,21,Yes,Yes,Fiber optic,No,No,No,No,Yes,No,Month-to-month,Yes,Credit card (automatic),91.74,1980.4,Yes
1140-PSNHV,Male,0,Yes,No,22,Yes,Yes,DSL,Yes,Yes,No,No,No,No,Month-to-month,No,Bank transfer (automatic),69.85,1554.4,No
6169-PRFSQ,Male,0,No,No,11,Yes,Yes,Fiber optic,Yes,No,Yes,No,No,No,Month-to-month,Yes,Mailed check,86.89,978.85,No
8659-YQLPM,Male,0,Yes,No,17,Yes,No,DSL,No,Yes,Yes,No,Yes,No,Month-to-month,No,Mailed check,73.14,1202.2,Yes
4591-DPWJL,Female,0,No,No,67,Yes,No,DSL,No,No,No,Yes,Yes,Yes,Two year,Yes,Electronic check,72.56,4639.3,No
8795-RNREZ,Male,0,Yes,Yes,61,No,No phone service,Fiber optic,No,Yes,Yes,No,No,No,Month-to-month,Yes,Credit card (automatic),72.64,4580.85,No
1830-QSIWG,Male,1,Yes,Yes,71,Yes,No,Fiber optic,Yes,No,No,No,No,Yes,Two year,Yes,Electronic check,88.35,6402.57,No
5890-EVHCF,Female,0,No,No,52,Yes,No,Fiber optic,Yes,Yes,Yes,No,No,Yes,Two year,No,Electronic check,94.83,4999.21,No
7168-OTAEP,Female,0,No,No,40,Yes,Yes,Fiber optic,No,Yes,Yes,No,Yes,Yes,One year,Yes,Electronic check,111.77,4399.91,Yes
2470-TORGU,Female,0,No,No,11,Yes,Yes,No,No internet service,No internet service,No internet service,No internet service,No internet service,No internet service,Month-to-month,Yes,Electronic check,35.49,406.31,No
6690-KEBHN,Female,0,Yes,Yes,49,Yes,No,No,No internet service,No internet service,No internet service,No internet service,No internet service,No internet service,Two year,No,Credit card (automatic),28.28,1336.26,No
6981-RLWDY,Female,1,Yes,Yes,70,Yes,No,DSL,No,No,No,No,Yes,Yes,Two year,Yes,Electronic check,73.96,5298.11,No
9047-NPHWJ,Female,0,No,No,2,Yes,No,No,No internet service,No internet service,No internet service,No internet service,No internet service,No internet service,Month-to-month,No,Credit card (automatic),21.63,43.22,Yes
7623-GDYTQ,Female,0,No,No,26,Yes,No,No,No internet service,No internet service,No internet service,No internet service,No internet service,No internet service,Month-to-month,No,Bank transfer (automatic),23.24,632.91,No
1005-IOLCK,Female,0,No,Yes,4,Yes,No,DSL,No,Yes,No,Yes,Yes,Yes,One year,No,Mailed check,80.27,320.1,Yes
3764-JELHX,Male,0,Yes,No,63,Yes,No,DSL,No,No,No,Yes,Yes,No,Two year,No,Electronic check,66.9,4091.51,No
9529-CJQGO,Female,0,No,No,44,Yes,No,No,No internet service,No internet service,No internet service,No internet service,No internet service,No internet service,Two year,Yes,Mailed check,25.0,1108.77,No
3972-QGNLQ,Female,0,Yes,No,69,Yes,No,Fiber optic,No,No,No,No,No,Yes,One year,Yes,Mailed check,76.84,5469.58,No
6984-XQKQW,Male,0,Yes,No,2,Yes,Yes,DSL,No,No,Yes,Yes,Yes,Yes,Month-to-month,Yes,Bank transfer (automatic),92.55,188.41,Yes
3151-VAZMW,Female,0,Yes,Yes,70,Yes,No,No,No internet service,No internet service,No internet service,No internet service,No internet service,No internet service,Month-to-month,No,Mailed check,22.11,1492.2,No
9970-BVNXX,Female,0,Yes,No,2,Yes,No,No,No internet service,No internet service,No internet service,No internet service,No internet service,No internet service,Two year,Yes,Credit card (automatic),24.86,47.24,No
7040-IAFWS,Female,0,Yes,No,13,No,No phone service,DSL,Yes,No,Yes,No,No,No,One year,Yes,Credit card (automatic),54.59,678.12,No
9360-OZTXV,Male,0,Yes,Yes,4,Yes,No,Fiber optic,Yes,Yes,No,No,No,Yes,Month-to-month,No,Credit card (automatic),89.99,359.69,Yes
7611-SEWET,Female,0,Yes,Yes,4,Yes,Yes,DSL,No,Yes,No,No,No,No,Month-to-month,No,Electronic check,62.11,238.25,Yes
7331-TWKWD,Male,0,No,Yes,5,Yes,Yes,DSL,No,No,Yes,No,Yes,No,Month-to-month,No,Bank transfer (automatic),72.31,343.75,Yes
3665-BDRSD,Male,1,No,Yes,30,Yes,No,Fiber optic,Yes,No,Yes,Yes,No,Yes,Month-to-month,Yes,Mailed check,96.59,2893.95,No
1158-NEUNY,Female,0,Yes,Yes,60,Yes,Yes,DSL,No,No,Yes,No,No,No,Two year,Yes,Mailed check,63.1,3652.65,No
3030-BHNEC,Female,0,Yes,No,70,Yes,No,DSL,No,No,No,No,No,No,Two year,Yes,Mailed check,48.03,3273.45,No
3062-GFBIV,Female,0,No,No,39,Yes,Yes,DSL,No,Yes,Yes,No,No,No,One year,Yes,Credit card (automatic),69.25,2631.33,No
6611-OZLYI,Female,0,Yes,Yes,4,Yes,Yes,No,No internet service,No internet service,No internet service,No internet service,No internet service,No internet service,Two year,No,Mailed check,33.23,128.65,No
4964-DRNXK,Female,0,Yes,Yes,2,Yes,Yes,No,No internet service,No internet service,No internet service,No internet service,No internet service,No internet service,One year,Yes,Electronic check,38.77,79.12,No
3543-UCBFK,Female,0,Yes,Yes,31,Yes,Yes,Fiber optic,No,Yes,No,Yes,No,Yes,One year,Yes,Electronic check,101.53,3296.04,Yes
4155-VKCQL,Male,0,No,No,58,Yes,No,Fiber optic,Yes,Yes,Yes,No,No,No,One year,No,Mailed check,86.94,4802.13,No
8980-CQSEE,Female,0,No,No,45,Yes,Yes,DSL,Yes,Yes,Yes,No,No,Yes,Month-to-month,No,Mailed check,88.28,3841.02,Yes
9181-XHGSZ,Female,0,No,No,41,Yes,No,Fiber optic,No,Yes,No,No,No,Yes,Two year,No,Mailed check,81.77,3346.49,No
1984-STAQT,Female,0,No,Yes,2,Yes,Yes,Fiber optic,Yes,Yes,No,Yes,No,Yes,Month-to-month,No,Mailed check,104.42,214.18,Yes
7375-TBZPU,Male,0,Yes,Yes,23,Yes,No,No,No internet service,No internet service,No internet service,No internet service,No internet service,No internet service,Month-to-month,No,Electronic check,25.84,570.09,No
3364-AMYJH,Male,0,No,No,37,Yes,Yes,Fiber optic,No,Yes,Yes,No,Yes,Yes,Two year,Yes,Mailed check,112.17,4275.0,No
4554-KLLCU,Male,0,No,No,42,Yes,No,Fiber optic,No,No,Yes,Yes,No,No,One year,Yes,Mailed check,83.72,3540.07,No
2488-YTAPM,Female,1,Yes,Yes,1,Yes,No,Fiber optic,Yes,Yes,No,Yes,Yes,No,One year,No,Electronic check,96.53,97.4,Yes
2022-TOGAY,Female,0,No,No,7,Yes,Yes,Fiber optic,No,No,No,Yes,Yes,Yes,One year,Yes,Electronic check,108.35,721.54,No
4648-JUEBV,Female,0,No,No,71,Yes,Yes,Fiber optic,Yes,No,No,No,No,No,Two year,No,Bank transfer (automatic),88.86,6037.74,No
2204-RRDTW,Male,0,No,No,33,Yes,Yes,No,No internet service,No internet service,No internet service,No internet service,No internet service,No internet service,One year,No,Credit card (automatic),36.5,1260.59,No
6243-VMLGA,Male,0,Yes,No,53,Yes,Yes,DSL,No,Yes,Yes,No,No,Yes,Month-to-month,No,Credit card (automatic),81.72,4438.98,No
2361-TPOPH,Male,0,No,No,14,Yes,Yes,DSL,Yes,No,Yes,Yes,No,Yes,One year,No,Credit card (automatic),88.83,1280.09,Yes
6344-UVBON,Male,1,No,No,41,Yes,No,No,No internet service,No internet service,No internet service,No internet service,No internet service,No internet service,One year,Yes,Mailed check,27.24,1077.84,No
1557-ZLFQS,Female,0,Yes,No,18,Yes,No,No,No internet service,No internet service,No internet service,No internet service,No internet service,No internet service,Month-to-month,Yes,Electronic check,27.47,470.53,Yes
8041-XOGAE,Female,1,Yes,Yes,13,Yes,Yes,Fiber optic,No,No,No,No,No,Yes,Two year,No,Electronic check,86.7,1142.87,Yes
3278-OZHCK,Male,0,Yes,Yes,23,No,No phone service,Fiber optic,No,Yes,Yes,No,Yes,No,Two year,Yes,Bank transfer (automatic),88.87,2095.37,Yes
1598-FZMFM,Male,0,Yes,No,28,Yes,Yes,DSL,No,Yes,No,No,No,Yes,One year,No,Electronic check,75.13,2193.32,No
8154-PSMWV,Male,1,No,No,16,Yes,No,Fiber optic,No,Yes,Yes,No,Yes,Yes,Two year,No,Credit card (automatic),102.9,1596.26,No
3523-NURFD,Male,0,Yes,No,11,Yes,No,Fiber optic,No,No,No,No,Yes,No,One year,Yes,Bank transfer (automatic),82.7,927.44,No
5540-BZQOW,Female,0,No,No,45,Yes,No,No,No internet service,No internet service,No internet service,No internet service,No internet service,No internet service,Two year,Yes,Mailed check,26.52,1146.24,No
7342-UJZLX,Female,1,No,No,20,Yes,Yes,Fiber optic,No,No,Yes,Yes,No,No,Month-to-month,No,Mailed check,91.15,1853.58,No
1328-BAVUK,Female,0,Yes,No,7,Yes,Yes,Fiber optic,No,No,Yes,No,Yes,Yes,One year,Yes,Mailed check,108.77,773.74,No
4597-WRXUV,Female,0,Yes,Yes,58,Yes,Yes,DSL,No,Yes,Yes,Yes,Yes,Yes,Two year,Yes,Bank transfer (automatic),91.05,5226.17,Yes
5928-AOTSJ,Male,0,Yes,Yes,55,Yes,Yes,Fiber optic,No,Yes,Yes,No,No,Yes,Two year,Yes,Electronic check,100.27,5573.25,No
8625-MVWTW,Male,0,Yes,Yes,70,No,No phone service,DSL,No,No,No,No,No,Yes,Month-to-month,Yes,Electronic check,56.64,4009.78,No
7083-GXSGC,Male,0,Yes,Yes,38,Yes,Yes,No,No internet service,No internet service,No internet service,No internet service,No internet service,No internet service,Two year,No,Electronic check,31.62,1167.36,No
6190-MGIAU,Female,1,Yes,Yes,12,Yes,Yes,Fiber optic,Yes,No,Yes,No,Yes,Yes,Month-to-month,Yes,Electronic check,109.07,1329.13,Yes
3509-FGWUQ,Female,0,No,No,67,Yes,No,Fiber optic,No,No,Yes,No,Yes,Yes,Two year,Yes,Bank transfer (automatic),96.73,6564.48,No
3048-SMMDA,Female,0,No,No,12,Yes,Yes,Fiber optic,No,Yes,No,No,No,Yes,One year,Yes,Mailed check,91.18,1084.27,No
9465-RNOFK,Male,0,No,Yes,48,Yes,No,Fiber optic,Yes,No,Yes,Yes,No,No,Two year,Yes,Credit card (automatic),88.33,4143.91,No
6095-HJQFO,Female,0,No,No,6,Yes,No,No,No internet service,No internet service,No internet service,No internet service,No internet service,No internet service,One year,Yes,Electronic check,24.73,151.43,No
4814-LVGJY,Male,0,No,No,46,No,No phone service,Fiber optic,No,No,No,No,Yes,Yes,Two year,No,Mailed check,82.49,3756.12,No
6289-MEVIJ,Male,1,No,Yes,65,Yes,Yes,Fiber optic,No,Yes,No,No,Yes,Yes,One year,Yes,Credit card (automatic),104.97,6951.97,No
9233-EPYCZ,Male,0,Yes,Yes,36,No,No phone service,Fiber optic,Yes,Yes,No,No,Yes,No,One year,No,Electronic check,81.47,2958.54,No
3402-PETRA,Male,0,No,No,29,Yes,No,Fiber optic,Yes,No,No,Yes,No,No,Month-to-month,No,Mailed check,78.37,2204.28,No
4648-FEYMW,Female,0,No,No,72,Yes,No,Fiber optic,Yes,Yes,No,No,No,Yes,Two year,Yes,Credit card (automatic),93.97,7058.46,No
9340-HXEZB,Female,0,Yes,No,1,Yes,Yes,DSL,Yes,No,Yes,No,Yes,Yes,Month-to-month,Yes,Credit card (automatic),90.25,90.68,No
9180-ZUEKY,Male,0,Yes,Yes,16,Yes,Yes,Fiber optic,Yes,Yes,Yes,No,Yes,No,Two year,No,Credit card (automatic),101.65,1568.1,No
5133-HVEHB,Male,0,Yes,Yes,70,Yes,Yes,Fiber optic,No,Yes,No,Yes,Yes,No,One year,Yes,Electronic check,102.29,7119.03,No
2035-RCEUT,Male,0,Yes,No,47,Yes,Yes,DSL,No,No,No,No,No,Yes,Two year,No,Electronic check,66.6,3060.37,No
9964-KMCQY,Male,0,Yes,No,36,Yes,Yes,No,No internet service,No internet service,No internet service,No internet service,No internet service,No internet service,One year,No,Electronic check,34.53,1188.68,No
5002-UEWXY,Male,0,Yes,No,46,Yes,Yes,No,No internet service,No internet service,No internet service,No internet service,No internet service,No internet service,Two year,Yes,Credit card (automatic),38.31,1743.37,No
4678-WMQDY,Female,0,No,No,16,Yes,No,DSL,Yes,No,Yes,No,No,Yes,One year,No,Electronic check,66.23,1111.45,No
3143-XWELQ,Male,0,No,No,2,Yes,Yes,DSL,No,No,Yes,Yes,No,No,One year,Yes,Electronic check,73.59,153.98,No
9588-FZTQE,Female,1,No,No,12,Yes,No,DSL,No,Yes,Yes,No,No,Yes,One year,Yes,Mailed check,68.86,814.86,Yes
5413-CUUZB,Male,1,Yes,No,17,Yes,Yes,Fiber optic,Yes,Yes,No,Yes,Yes,No,One year,No,Bank transfer (automatic),101.37,1668.91,No
9160-DXJTR,Male,1,Yes,Yes,30,Yes,No,Fiber optic,No,No,No,No,Yes,Yes,Two year,Yes,Credit card (automatic),90.22,2624.19,No
5004-WADUX,Male,0,Yes,No,21,Yes,No,No,No internet service,No internet service,No internet service,No internet service,No internet service,No internet service,Month-to-month,Yes,Bank transfer (automatic),27.03,593.77,Yes
1685-LYTXY,Female,0,No,No,34,Yes,No,Fiber optic,No,Yes,No,Yes,No,No,Month-to-month,Yes,Credit card (automatic),78.2,2605.44,Yes
3712-HMDFK,Female,1,Yes,Yes,7,Yes,Yes,DSL,No,No,No,Yes,No,No,Month-to-month,Yes,Credit card (automatic),64.21,442.41,No
8619-DSKAH,Male,0,No,Yes,6,Yes,Yes,Fiber optic,Yes,Yes,No,No,No,Yes,Month-to-month,Yes,Bank transfer (automatic),103.52,623.03,Yes
7764-LCFND,Female,1,Yes,Yes,18,Yes,No,No,No internet service,No internet service,No internet service,No internet service,No internet service,No internet service,One year,No,Bank transfer (automatic),26.73,466.97,No
9771-NNTHV,Male,0,Yes,Yes,29,Yes,Yes,Fiber optic,No,Yes,Yes,No,No,Yes,One year,Yes,Mailed check,103.1,3085.14,No
2615-WKVXV,Female,1,Yes,Yes,17,Yes,No,Fiber optic,Yes,Yes,Yes,No,No,Yes,Month-to-month,No,Credit card (automatic),98.77,1715.13,Yes
7655-ZAAHT,Male,0,No,No,40,Yes,No,DSL,No,No,Yes,No,Yes,No,Two year,No,Electronic check,61.11,2511.89,No
6521-KLWBE,Female,0,Yes,Yes,15,Yes,Yes,No,No internet service,No internet service,No internet service,No internet service,No internet service,No internet service,Two year,Yes,Mailed check,35.08,525.5,No
3588-OWCAT,Female,0,Yes,No,6,Yes,Yes,DSL,No,No,No,Yes,Yes,No,Month-to-month,Yes,Bank transfer (automatic),71.46,420.55,No
5465-JSQXS,Female,1,Yes,No,67,Yes,Yes,No,No internet service,No internet service,No internet service,No internet service,No internet service,No internet service,Two year,Yes,Bank transfer (automatic),36.51,2428.14,No
7420-SBXAZ,Male,0,No,No,7,Yes,Yes,Fiber optic,Yes,No,Yes,Yes,Yes,Yes,Month-to-month,No,Electronic check,111.48,750.71,Yes
6458-DFZQG,Male,1,Yes,Yes,72,Yes,Yes,DSL,No,Yes,No,No,No,Yes,One year,No,Credit card (automatic),71.96,5252.41,No
9066-WNIYA,Female,0,No,No,72,Yes,Yes,DSL,No,No,Yes,Yes,No,No,Two year,No,Electronic check,71.05,5269.78,No
5222-HAISU,Female,0,Yes,No,52,Yes,Yes,No,No internet service,No internet service,No internet service,No internet service,No internet service,No internet service,One year,No,Electronic check,31.4,1637.48,No
5893-ZUNSU,Female,0,Yes,Yes,32,Yes,No,Fiber optic,No,No,No,No,Yes,Yes,Two year,No,Bank transfer (automatic),92.86,2949.6,No
6734-ZVCUS,Male,0,No,Yes,61,Yes,No,Fiber optic,Yes,Yes,Yes,No,No,No,Two year,No,Bank transfer (automatic),81.65,5148.36,No
6735-TFWJX,Male,0,Yes,No,68,Yes,Yes,Fiber optic,No,Yes,No,No,Yes,No,One year,No,Credit card (automatic),96.6,6284.71,No
6442-KKPCI,Female,0,No,No,53,Yes,No,Fiber optic,No,Yes,Yes,Yes,No,Yes,Two year,Yes,Bank transfer (automatic),98.56,5052.09,No
3934-ELGCG,Male,0,No,No,3,Yes,No,Fiber optic,No,No,Yes,No,No,Yes,One year,Yes,Bank transfer (automatic),87.75,262.62,Yes
5963-CIWVZ,Male,0,No,No,1,Yes,Yes,Fiber optic,Yes,No,Yes,No,No,Yes,Month-to-month,Yes,Mailed check,100.44,99.55,Yes
1083-ZZHMP,Female,0,Yes,Yes,7,Yes,Yes,No,No internet service,No internet service,No internet service,No internet service,No internet service,No internet service,Month-to-month,Yes,Mailed check,37.97,276.22,Yes
5543-KYYBJ,Male,1,Yes,No,6,Yes,No,Fiber optic,Yes,Yes,No,No,No,No,Month-to-month,Yes,Credit card (automatic),83.57,483.92,Yes
8802-PVPGJ,Male,0,No,No,6,Yes,Yes,Fiber optic,No,No,Yes,No,Yes,Yes,Month-to-month,Yes,Bank transfer (automatic),103.87,635.66,Yes
9785-VPNLQ,Male,0,Yes,Yes,33,No,No phone service,Fiber optic,No,No,Yes,No,No,Yes,Two year,No,Credit card (automatic),83.08,2779.26,No
9653-NPQFZ,Female,0,No,No,34,Yes,No,DSL,Yes,Yes,No,Yes,Yes,No,One year,Yes,Electronic check,75.1,2463.58,No
6350-MYCZW,Male,1,No,No,54,Yes,No,Fiber optic,No,No,No,Yes,Yes,Yes,One year,Yes,Electronic check,98.7,5454.19,No
1787-LIOIG,Female,0,No,No,7,Yes,Yes,Fiber optic,No,No,No,No,Yes,Yes,Month-to-month,No,Electronic check,102.05,731.5,Yes
6694-ROHKQ,Male,0,Yes,Yes,2,Yes,No,DSL,No,No,No,No,No,No,Month-to-month,Yes,Credit card (automatic),49.09,98.59,Yes
8194-XFZVO,Male,0,No,No,49,Yes,No,Fiber optic,Yes,Yes,No,Yes,No,No,Month-to-month,Yes,Credit card (automatic),86.49,4080.0,No
1086-QLWPC,Female,1,Yes,No,30,Yes,Yes,No,No internet service,No internet service,No internet service,No internet service,No internet service,No internet service,Two year,Yes,Electronic check,34.19,1014.53,No
4559-ECCMB,Female,0,No,No,49,No,No phone service,Fiber optic,No,No,Yes,No,No,Yes,One year,No,Electronic check,82.4,4047.3,Yes
4436-YJIIF,Male,0,Yes,No,20,Yes,No,Fiber optic,No,Yes,Yes,Yes,Yes,Yes,Month-to-month,Yes,Electronic check,108.89,2191.61,No
5424-FKVXV,Male,0,Yes,Yes,57,Yes,Yes,No,No internet service,No internet service,No internet service,No internet service,No internet service,No internet service,Two year,No,Credit card (automatic),35.66,2050.47,No
4680-TNVTK,Male,1,No,No,51,No,No phone service,Fiber optic,No,Yes,No,Yes,No,Yes,Two year,Yes,Mailed check,81.01,4214.4,No
3411-UDMVA,Female,0,No,No,48,Yes,Yes,DSL,No,No,Yes,Yes,Yes,Yes,Two year,Yes,Mailed check,89.14,4464.29,No
5459-UTFAC,Male,0,No,No,1,Yes,Yes,Fiber optic,No,Yes,No,No,Yes,Yes,Month-to-month,Yes,Bank transfer (automatic),104.7,101.36,Yes
8723-TIBND,Female,0,No,No,67,Yes,No,No,No internet service,No internet service,No internet service,No internet service,No internet service,No internet service,Two year,Yes,Bank transfer (automatic),28.01,1882.89,No
1507-UIUMX,Female,1,Yes,No,20,Yes,Yes,DSL,Yes,No,No,Yes,Yes,No,Month-to-month,Yes,Credit card (automatic),82.1,1674.35,No
6917-QQTPY,Female,0,No,No,3,Yes,No,No,No internet service,No internet service,No internet service,No internet service,No internet service,No internet service,Month-to-month,Yes,Bank transfer (automatic),21.93,65.41,No
9417-SZBCF,Female,0,Yes,Yes,57,Yes,Yes,DSL,No,No,No,Yes,Yes,Yes,Month-to-month,No,Electronic check,83.08,4802.89,Yes
3772-OALZG,Female,0,No,No,31,Yes,Yes,No,No internet service,No internet service,No internet service,No internet service,No internet service,No internet service,One year,Yes,Electronic check,33.21,1037.67,No
6271-DBZMP,Male,0,No,No,1,Yes,No,DSL,No,Yes,Yes,Yes,No,No,Month-to-month,No,Credit card (automatic),64.24,66.46,Yes
9402-JGLTE,Male,0,Yes,No,60,Yes,Yes,Fiber optic,No,Yes,No,No,Yes,No,Two year,Yes,Mailed check,96.45,5930.32,No
5690-JEGXP,Male,0,No,No,25,Yes,Yes,No,No internet service,No internet service,No internet service,No internet service,No internet service,No internet service,One year,Yes,Credit card (automatic),37.09,915.06,No
3911-RMNOF,Female,1,Yes,Yes,57,Yes,Yes,DSL,No,No,Yes,No,Yes,No,Two year,Yes,Credit card (automatic),74.48,4115.59,No
5313-ONYJV,Female,0,No,No,57,Yes,No,Fiber optic,Yes,Yes,Yes,No,No,Yes,Two year,No,Mailed check,98.64,5357.39,No
4619-EJKUX,Male,0,No,Yes,3,Yes,No,Fiber optic,No,No,No,Yes,Yes,Yes,Two year,No,Bank transfer (automatic),95.75,294.13,No
8300-WHFUC,Female,1,No,No,44,Yes,No,DSL,Yes,No,Yes,No,No,Yes,Two year,Yes,Electronic check,69.44,3135.69,No
6447-BIGRP,Female,0,Yes,No,19,Yes,No,Fiber optic,No,No,No,Yes,No,No,Month-to-month,Yes,Bank transfer (automatic),72.42,1425.91,No
5163-YDQAA,Male,0,No,No,37,Yes,No,Fiber optic,No,Yes,Yes,No,No,No,Two year,No,Credit card (automatic),83.12,3008.28,No
1577-FHDYL,Male,0,No,No,2,Yes,No,No,No internet service,No internet service,No internet service,No internet service,No internet service,No internet service,Month-to-month,Yes,Electronic check,27.59,54.71,No
6556-FGYJJ,Male,1,Yes,No,41,Yes,No,DSL,No,Yes,Yes,No,No,No,One year,No,Credit card (automatic),56.74,2304.8,No
9052-DNMAP,Female,0,Yes,No,60,Yes,Yes,No,No internet service,No internet service,No internet service,No internet service,No internet service,No internet service,Two year,No,Electronic check,35.12,2114.43,No
1051-KBSCD,Male,0,Yes,No,72,Yes,Yes,Fiber optic,No,No,No,No,Yes,Yes,One year,No,Bank transfer (automatic),101.46,7455.67,No
7359-FVFUH,Male,0,Yes,Yes,15,Yes,No,Fiber optic,No,Yes,Yes,No,No,Yes,Month-to-month,No,Credit card (automatic),93.32,1411.21,No
8554-HRETK,Female,0,Yes,No,4,Yes,Yes,Fiber optic,No,Yes,Yes,No,No,Yes,Month-to-month,Yes,Mailed check,96.82,370.01,Yes
8446-VNZNJ,Female,1,Yes,Yes,19,No,No phone service,Fiber optic,No,No,Yes,No,Yes,No,Month-to-month,Yes,Bank transfer (automatic),83.79,1622.51,Yes
3686-KOJKW,Female,0,No,No,1,No,No phone service,No,No internet service,No internet service,No internet service,No internet service,No internet service,No internet service,Month-to-month,Yes,Electronic check,22.11,22.36,No
1439-GYWTD,Female,0,No,Yes,23,No,No phone service,DSL,Yes,No,No,No,Yes,Yes,Month-to-month,Yes,Credit card (automatic),69.7,1619.39,Yes
7489-EQDAV,Male,0,No,No,70,Yes,Yes,DSL,Yes,No,No,Yes,Yes,Yes,One year,No,Mailed check,89.35,6522.39,No
4422-TXMNC,Female,0,No,No,7,Yes,No,No,No internet service,No internet service,No internet service,No internet service,No internet service,No internet service,Month-to-month,No,Bank transfer (automatic),22.86,158.52,Yes
6677-SKEWM,Female,0,Yes,No,30,Yes,No,Fiber optic,No,Yes,No,No,Yes,No,One year,No,Credit card (automatic),82.9,2450.06,No
7266-FMOKJ,Female,0,No,No,40,Yes,Yes,Fiber optic,No,Yes,Yes,No,Yes,Yes,One year,Yes,Mailed check,109.94,4256.42,No
4917-IDYWK,Male,1,No,No,6,Yes,No,Fiber optic,No,Yes,No,Yes,No,Yes,Month-to-month,No,Bank transfer (automatic),90.99,536.31,Yes
3646-KFKML,Male,1,No,No,16,Yes,No,DSL,Yes,No,Yes,No,No,Yes,Month-to-month,Yes,Mailed check,67.75,1098.18,Yes
9294-QVTXP,Male,0,Yes,No,70,Yes,No,Fiber optic,Yes,Yes,No,No,Yes,Yes,One year,No,Credit card (automatic),99.34,6946.89,No
5761-DNKZL,Female,0,Yes,Yes,13,Yes,No,No,No internet service,No internet service,No internet service,No internet service,No internet service,No internet service,One year,Yes,Credit card (automatic),23.77,309.01,No
8876-XZHCB,Male,0,Yes,Yes,46,Yes,Yes,Fiber optic,Yes,Yes,No,Yes,No,No,Two year,Yes,Bank transfer (automatic),97.2,4297.7,No
3249-ZJEJR,Female,0,Yes,Yes,3,Yes,No,DSL,No,No,No,Yes,Yes,No,Month-to-month,No,Credit card (automatic),65.62,195.69,No
3899-HCQLY,Female,1,Yes,Yes,50,Yes,Yes,DSL,Yes,Yes,Yes,Yes,Yes,Yes,Month-to-month,No,Bank transfer (automatic),96.7,4766.63,No
6765-LZKUK,Male,0,No,No,12,No,No phone service,Fiber optic,No,No,No,Yes,No,Yes,One year,No,Credit card (automatic),80.64,987.84,Yes
4849-RTETS,Female,0,No,Yes,9,Yes,Yes,DSL,No,No,Yes,No,No,Yes,Month-to-month,No,Electronic check,78.88,681.67,Yes
3333-BSOLO,Male,0,Yes,Yes,3,Yes,No,DSL,Yes,No,No,No,Yes,Yes,Month-to-month,Yes,Mailed check,72.32,222.72,No
9811-GFJSP,Female,1,No,No,1,Yes,No,No,No internet service,No internet service,No internet service,No internet service,No internet service,No internet service,Month-to-month,Yes,Electronic check,24.01,24.0,Yes
4672-WVZAK,Male,0,No,No,72,No,No phone service,Fiber optic,No,Yes,No,No,No,Yes,One year,Yes,Credit card (automatic),77.79,5692.77,No
2907-ZZXRO,Male,1,Yes,No,23,Yes,Yes,DSL,Yes,No,No,Yes,No,No,Month-to-month,Yes,Bank transfer (automatic),66.48,1603.71,No
8016-LQOYQ,Male,1,No,No,60,Yes,No,Fiber optic,No,No,No,Yes,Yes,No,Two year,No,Credit card (automatic),82.87,5120.87,No
4150-FORDW,Female,0,Yes,No,70,Yes,Yes,Fiber optic,No,No,No,No,Yes,Yes,Two year,No,Electronic check,101.45,7096.4,No
2169-GACUK,Female,1,Yes,Yes,7,No,No phone service,Fiber optic,No,Yes,No,Yes,No,No,Month-to-month,Yes,Mailed check,73.2,506.11,Yes
6300-DWGKX,Male,0,Yes,Yes,68,Yes,No,Fiber optic,No,No,No,Yes,Yes,No,Month-to-month,No,Electronic check,86.77,6126.42,No
8208-OWIFK,Male,0,No,No,53,Yes,No,DSL,No,No,Yes,No,No,Yes,Two year,Yes,Credit card (automatic),64.57,3302.63,No
5223-LMRSS,Female,0,Yes,No,40,Yes,No,Fiber optic,Yes,No,No,No,No,No,Month-to-month,Yes,Bank transfer (automatic),72.65,2837.45,Yes
7764-ATDXD,Male,0,Yes,Yes,62,Yes,No,Fiber optic,No,Yes,Yes,No,No,No,Two year,No,Mailed check,82.33,5293.22,No
5837-ZVFTU,Female,0,Yes,Yes,3,No,No phone service,No,No internet service,No internet service,No internet service,No internet service,No internet service,No internet service,Month-to-month,Yes,Bank transfer (automatic),20.68,60.53,Yes
4620-HELDS,Female,0,No,No,11,Yes,Yes,No,No internet service,No internet service,No internet service,No internet service,No internet service,No internet service,Month-to-month,Yes,Bank transfer (automatic),34.66,369.03,Yes
3296-VLKYT,Female,0,No,Yes,3,Yes,Yes,DSL,No,Yes,Yes,No,No,Yes,Month-to-month,Yes,Electronic check,79.21,245.09,Yes
8703-KYDZZ,Female,1,Yes,Yes,70,Yes,Yes,DSL,No,Yes,No,No,Yes,No,Two year,No,Credit card (automatic),72.13,5018.43,No
5968-ZTQJU,Male,1,Yes,Yes,3,Yes,No,Fiber optic,No,Yes,Yes,Yes,No,No,Month-to-month,Yes,Mailed check,81.4,253.59,Yes
6403-TJFBC,Male,0,No,No,72,Yes,Yes,DSL,No,No,Yes,Yes,Yes,No,One year,No,Electronic check,82.77,5845.46,No
6682-KDOBO,Male,0,No,No,3,Yes,Yes,Fiber optic,No,Yes,Yes,No,No,No,Month-to-month,No,Electronic check,88.78,268.56,Yes
8411-DVZQK,Male,0,No,No,49,Yes,No,Fiber optic,No,No,No,Yes,No,No,Two year,No,Electronic check,74.95,3601.35,No
6441-QHVVZ,Female,0,No,No,49,Yes,Yes,Fiber optic,No,No,No,No,No,Yes,One year,Yes,Bank transfer (automatic),90.61,4588.39,No
3173-SIJBA,Male,0,No,No,71,Yes,No,DSL,No,No,No,Yes,No,No,Month-to-month,No,Mailed check,52.66,3672.59,No
8197-YNGJC,Female,0,Yes,No,16,Yes,No,DSL,Yes,Yes,No,Yes,No,Yes,One year,Yes,Bank transfer (automatic),73.37,1151.76,No
1278-MEUIY,Female,0,No,No,16,Yes,No,No,No internet service,No internet service,No internet service,No internet service,No internet service,No internet service,One year,Yes,Mailed check,24.99,401.56,No
7088-IMFOS,Male,0,No,Yes,66,No,No phone service,DSL,Yes,No,No,No,Yes,Yes,One year,Yes,Mailed check,67.9,4531.0,No
9259-KNMXH,Male,0,Yes,No,72,Yes,No,No,No internet service,No internet service,No internet service,No internet service,No internet service,No internet service,Two year,No,Electronic check,27.5,1926.27,No
8972-BIZND,Male,0,Yes,Yes,1,Yes,Yes,DSL,No,Yes,No,Yes,No,Yes,Month-to-month,No,Bank transfer (automatic),80.36,76.45,Yes
9228-NORQI,Male,0,No,No,46,Yes,Yes,Fiber optic,No,No,Yes,Yes,Yes,Yes,One year,Yes,Electronic check,108.9,4855.44,No
8966-PUJUP,Male,0,No,No,10,Yes,Yes,DSL,No,No,Yes,No,Yes,No,Month-to-month,No,Mailed check,73.92,763.43,Yes
5372-CIHCY,Male,0,No,No,55,No,No phone service,Fiber optic,Yes,No,Yes,No,Yes,Yes,One year,No,Credit card (automatic),95.18,5437.33,No
6999-ILAPH,Female,0,Yes,Yes,59,Yes,Yes,DSL,Yes,No,Yes,No,No,No,Two year,No,Bank transfer (automatic),69.96,4199.29,No
5422-GIVDW,Female,1,Yes,Yes,58,Yes,No,DSL,Yes,Yes,No,No,No,No,One year,Yes,Electronic check,58.6,3318.79,No
2637-EESSF,Male,1,Yes,Yes,25,No,No phone service,Fiber optic,Yes,Yes,No,No,No,No,Month-to-month,No,Electronic check,73.55,1781.47,No
9425-XVRRN,Male,0,No,No,4,Yes,No,DSL,No,Yes,No,Yes,Yes,Yes,Month-to-month,Yes,Bank transfer (automatic),78.86,305.5,Yes
4686-QZMVV,Female,1,No,No,41,No,No phone service,DSL,Yes,No,Yes,No,Yes,No,One year,No,Electronic check,64.29,2742.69,No
1822-TUDVR,Male,0,Yes,No,61,Yes,No,No,No internet service,No internet service,No internet service,No internet service,No internet service,No internet service,One year,Yes,Electronic check,24.41,1491.52,No
8594-SYWCA,Male,0,Yes,No,70,Yes,Yes,DSL,Yes,Yes,No,No,No,Yes,Two year,Yes,Credit card (automatic),77.84,5467.35,No
2793-ZSNHF,Female,0,Yes,No,27,Yes,No,No,No internet service,No internet service,No internet service,No internet service,No internet service,No internet service,Month-to-month,Yes,Electronic check,26.5,713.73,Yes
9001-BPIMC,Female,0,Yes,Yes,10,Yes,No,DSL,No,Yes,No,No,No,Yes,Month-to-month,Yes,Mailed check,68.23,694.93,Yes
4597-AGXIK,Female,0,Yes,Yes,3,Yes,No,Fiber optic,No,Yes,Yes,No,Yes,Yes,Month-to-month,Yes,Electronic check,99.84,300.81,Yes
2375-VOMWS,Male,1,Yes,Yes,61,Yes,No,DSL,No,No,Yes,No,No,Yes,Month-to-month,Yes,Electronic check,67.09,4149.71,Yes
2949-QPTHG,Male,0,No,No,36,No,No phone service,Fiber optic,No,No,No,Yes,No,No,One year,No,Credit card (automatic),69.4,2605.33,No
8228-SMLUT,Male,0,No,Yes,50,No,No phone service,DSL,No,No,Yes,No,Yes,No,Two year,No,Electronic check,58.89,3018.85,No
7467-REYPA,Female,0,Yes,No,5,Yes,No,No,No internet service,No internet service,No internet service,No internet service,No internet service,No internet service,Month-to-month,Yes,Credit card (automatic),23.69,115.4,No
8595-FTWMT,Male,0,No,No,1,Yes,No,Fiber optic,No,Yes,No,No,Yes,No,Month-to-month,Yes,Credit card (automatic),86.96,85.13,Yes
1059-BXHMA,Male,0,No,No,72,Yes,No,No,No internet service,No internet service,No internet service,No internet service,No internet service,No internet service,Two year,Yes,Mailed check,23.73,1760.26,No
6820-UMZFL,Female,0,Yes,No,63,Yes,Yes,Fiber optic,No,No,Yes,Yes,No,No,Month-to-month,Yes,Electronic check,87.01,5489.4,No
1399-DSWOA,Female,0,No,No,22,Yes,No,No,No internet service,No internet service,No internet service,No internet service,No internet service,No internet service,One year,Yes,Electronic check,25.34,536.96,No
9562-QZWMK,Female,0,Yes,Yes,27,Yes,No,No,No internet service,No internet service,No internet service,No internet service,No internet service,No internet service,One year,Yes,Electronic check,28.93,747.06,No
4170-VDKWZ,Male,0,Yes,Yes,71,Yes,No,Fiber optic,Yes,Yes,No,No,Yes,No,Two year,Yes,Electronic check,91.15,6255.75,No
1141-NBVMC,Male,0,Yes,Yes,8,Yes,No,Fiber optic,Yes,No,No,No,Yes,No,Month-to-month,Yes,Credit card (automatic),87.32,694.67,Yes
5310-ABPVB,Female,0,No,No,62,No,No phone service,DSL,No,No,No,Yes,Yes,Yes,Month-to-month,No,Bank transfer (automatic),71.03,4202.64,No
9353-KVHAV,Female,0,No,No,1,Yes,Yes,Fiber optic,No,No,No,No,No,No,Month-to-month,Yes,Electronic check,81.04,77.74,No
6830-GJFTL,Male,0,Yes,No,69,Yes,No,DSL,No,No,Yes,No,No,No,Two year,No,Electronic check,56.81,4011.39,No
1989-MJQNX,Male,0,No,No,41,No,No phone service,DSL,No,Yes,No,Yes,No,Yes,Two year,No,Credit card (automatic),63.07,2696.29,No
9275-DVOFE,Female,0,Yes,Yes,30,No,No phone service,No,No internet service,No internet service,No internet service,No internet service,No internet service,No internet service,Month-to-month,No,Mailed check,20.44,585.81,No
7495-JQMQR,Female,0,No,No,53,Yes,No,No,No internet service,No internet service,No internet service,No internet service,No internet service,No internet service,One year,Yes,Credit card (automatic),26.39,1356.94,No
6988-HHKIS,Female,0,No,No,2,Yes,No,DSL,Yes,No,No,Yes,Yes,Yes,Month-to-month,No,Electronic check,83.41,160.43,Yes
5182-CAIIV,Male,1,No,No,7,Yes,No,No,No internet service,No internet service,No internet service,No internet service,No internet service,No internet service,Month-to-month,No,Mailed check,21.45,151.25,Yes
4913-LXAXY,Female,1,No,No,22,No,No phone service,No,No internet service,No internet service,No internet service,No internet service,No internet service,No internet service,Month-to-month,Yes,Electronic check,20.01,453.31,Yes
8551-KMHGM,Female,0,No,No,44,Yes,No,No,No internet service,No internet service,No internet service,No internet service,No internet service,No internet service,Month-to-month,No,Electronic check,22.27,973.68,No
4796-XFQQY,Male,0,No,No,4,Yes,Yes,Fiber optic,No,Yes,No,No,No,Yes,Month-to-month,Yes,Bank transfer (automatic),91.86,350.28,Yes
7927-TOBQC,Female,0,No,No,20,Yes,Yes,No,No internet service,No internet service,No internet service,No internet service,No internet service,No internet service,One year,Yes,Bank transfer (automatic),37.95,749.63,No
3800-AYSDQ,Male,0,Yes,No,11,Yes,No,Fiber optic,No,No,Yes,No,No,No,Month-to-month,No,Credit card (automatic),71.55,760.86,No
3389-ETPVV,Male,0,Yes,No,47,Yes,No,Fiber optic,No,No,No,No,Yes,No,Month-to-month,No,Electronic check,79.26,3641.6,No
7861-URZFG,Female,0,Yes,Yes,70,Yes,Yes,DSL,No,Yes,Yes,Yes,No,No,Two year,Yes,Credit card (automatic),71.91,4838.57,No
6978-FZCTX,Female,0,Yes,Yes,5,Yes,No,Fiber optic,Yes,Yes,Yes,No,Yes,No,Month-to-month,Yes,Bank transfer (automatic),92.31,455.23,Yes
6743-GYVPM,Female,0,Yes,Yes,6,Yes,No,No,No internet service,No internet service,No internet service,No internet service,No internet service,No internet service,Month-to-month,No,Electronic check,26.41,159.31,No
3237-VMWTQ,Male,1,Yes,Yes,43,No,No phone service,No,No internet service,No internet service,No internet service,No internet service,No internet service,No internet service,One year,Yes,Electronic check,20.0,884.42,No
3159-GDLQA,Male,0,Yes,No,27,Yes,Yes,DSL,No,No,Yes,Yes,No,No,Month-to-month,Yes,Electronic check,69.4,1851.44,No
3607-AFKFQ,Female,0,No,No,54,Yes,No,DSL,No,No,Yes,No,No,Yes,Two year,Yes,Mailed check,66.55,3414.59,No
8641-CYJOV,Male,1,No,No,13,Yes,No,DSL,Yes,No,Yes,No,Yes,Yes,Month-to-month,No,Credit card (automatic),77.51,1024.89,Yes
5624-BFNFB,Female,0,Yes,Yes,37,Yes,No,DSL,Yes,No,Yes,Yes,No,Yes,One year,No,Electronic check,73.66,2778.03,No
9021-JSCLP,Male,1,Yes,Yes,21,Yes,No,DSL,No,No,Yes,No,No,Yes,One year,No,Credit card (automatic),68.86,1392.61,Yes
7987-EERZF,Female,0,Yes,Yes,12,Yes,Yes,No,No internet service,No internet service,No internet service,No internet service,No internet service,No internet service,Month-to-month,Yes,Credit card (automatic),31.66,379.37,Yes
9480-BNNAZ,Female,1,No,No,55,Yes,No,Fiber optic,No,Yes,Yes,No,No,Yes,Two year,Yes,Mailed check,92.49,4858.41,No
7423-VFQVS,Male,1,Yes,No,61,Yes,No,Fiber optic,No,Yes,No,No,Yes,Yes,Month-to-month,Yes,Mailed check,98.02,6051.51,No
8943-OCOMI,Female,0,No,No,16,Yes,Yes,DSL,No,No,Yes,Yes,Yes,No,One year,Yes,Mailed check,83.19,1384.08,No
3423-KMLID,Male,0,No,Yes,45,No,No phone service,Fiber optic,No,No,No,No,No,Yes,Two year,No,Mailed check,73.13,3261.51,Yes
3255-CTXVX,Male,0,No,No,6,No,No phone service,DSL,No,Yes,Yes,Yes,Yes,No,Month-to-month,Yes,Credit card (automatic),73.13,437.51,No
1684-EZCSQ,Male,0,Yes,No,61,Yes,No,Fiber optic,No,Yes,Yes,No,Yes,No,Two year,Yes,Electronic check,88.42,5639.18,No
2878-FLYVY,Female,0,Yes,No,12,Yes,No,DSL,No,Yes,Yes,Yes,Yes,No,Month-to-month,No,Credit card (automatic),73.33,900.31,No
2210-EPLWB,Male,0,No,No,5,Yes,No,Fiber optic,No,No,No,No,Yes,Yes,Month-to-month,No,Credit card (automatic),91.85,477.69,Yes
2000-GWKWB,Female,0,Yes,No,71,Yes,Yes,Fiber optic,Yes,No,Yes,Yes,Yes,Yes,Two year,Yes,Bank transfer (automatic),116.04,7941.74,No
6424-RGDZE,Male,0,No,No,24,Yes,Yes,Fiber optic,No,Yes,No,No,Yes,No,One year,No,Electronic check,94.44,2259.86,Yes
1120-DEARL,Male,0,Yes,No,47,Yes,Yes,DSL,No,No,Yes,No,No,Yes,Two year,No,Bank transfer (automatic),74.97,3457.92,No
7104-WVUWS,Female,0,Yes,Yes,62,Yes,No,Fiber optic,No,No,No,No,No,Yes,One year,Yes,Electronic check,79.93,5015.62,No
6543-UMVHO,Female,1,No,Yes,51,Yes,Yes,DSL,Yes,No,No,Yes,Yes,No,Two year,Yes,Electronic check,79.02,4159.53,No
9669-GDFYA,Female,0,No,No,39,Yes,Yes,DSL,No,No,Yes,No,Yes,Yes,Two year,Yes,Credit card (automatic),84.87,3190.39,No
1605-WOTSG,Female,0,No,No,20,Yes,No,DSL,No,Yes,Yes,Yes,No,No,Month-to-month,No,Credit card (automatic),63.51,1299.68,Yes
1968-ETZAW,Female,0,No,No,70,Yes,Yes,No,No internet service,No internet service,No internet service,No internet service,No internet service,No internet service,Month-to-month,Yes,Mailed check,32.79,2310.27,No
6609-RLPYG,Male,1,No,No,3,No,No phone service,No,No internet service,No internet service,No internet service,No internet service,No internet service,No internet service,Month-to-month,No,Bank transfer (automatic),22.64,65.21,Yes
5690-SRTPH,Male,0,No,No,69,Yes,No,Fiber optic,No,No,Yes,No,No,No,Two year,No,Credit card (automatic),78.38,5557.51,No
3371-XGGZW,Female,0,No,No,53,Yes,No,Fiber optic,No,Yes,Yes,No,No,No,Two year,Yes,Electronic check,81.22,4327.38,No
3200-UNNJS,Female,0,No,No,40,Yes,Yes,DSL,No,Yes,No,Yes,No,No,Two year,Yes,Credit card (automatic),72.94,2863.01,No
7389-ZITLE,Female,0,No,No,16,Yes,No,Fiber optic,No,Yes,Yes,No,No,Yes,Month-to-month,Yes,Mailed check,88.4,1361.83,Yes
5370-DMXNC,Female,0,No,No,4,Yes,No,DSL,Yes,No,No,Yes,Yes,No,Month-to-month,Yes,Bank transfer (automatic),67.07,261.3,Yes
3612-JPGHJ,Male,0,Yes,No,26,Yes,Yes,DSL,Yes,No,Yes,No,No,No,One year,No,Electronic check,68.13,1780.49,No
3970-LGQAZ,Male,0,Yes,No,60,Yes,No,No,No internet service,No internet service,No internet service,No internet service,No internet service,No internet service,Month-to-month,Yes,Mailed check,22.86,1377.59,No
8179-ATRYP,Female,0,Yes,No,57,Yes,Yes,Fiber optic,No,No,No,No,Yes,Yes,One year,No,Mailed check,98.02,5827.88,No
9535-KXCWW,Male,0,Yes,Yes,47,No,No phone service,Fiber optic,No,No,No,No,No,Yes,One year,Yes,Electronic check,72.11,3292.3,Yes
4391-SOFPH,Male,0,Yes,Yes,72,Yes,Yes,DSL,No,No,No,Yes,No,Yes,One year,No,Credit card (automatic),76.18,5315.89,No
8155-BJSIY,Male,0,Yes,No,72,Yes,Yes,Fiber optic,Yes,No,No,No,No,Yes,One year,Yes,Electronic check,97.97,7297.18,No
4983-YAJSE,Male,0,Yes,No,22,Yes,Yes,No,No internet service,No internet service,No internet service,No internet service,No internet service,No internet service,Month-to-month,Yes,Credit card (automatic),36.59,793.24,Yes
3993-LIZRM,Female,0,No,No,7,Yes,No,No,No internet service,No internet service,No internet service,No internet service,No internet service,No internet service,Month-to-month,Yes,Credit card (automatic),25.58,176.95,Yes
6709-DGGRN,Male,0,Yes,No,28,Yes,No,Fiber optic,No,No,No,No,No,No,Month-to-month,Yes,Bank transfer (automatic),67.38,1825.37,Yes
1667-KYSCO,Female,0,No,No,66,Yes,Yes,No,No internet service,No internet service,No internet service,No internet service,No internet service,No internet service,One year,Yes,Bank transfer (automatic),34.59,2228.47,No
9964-TLFPE,Female,0,Yes,Yes,28,Yes,Yes,Fiber optic,Yes,Yes,No,Yes,No,No,Month-to-month,No,Mailed check,94.04,2730.14,No
9086-CWGJC,Male,0,No,No,17,Yes,No,DSL,Yes,No,No,Yes,No,No,One year,No,Electronic check,57.6,934.6,No
8755-SCSKD,Male,0,No,No,56,Yes,No,Fiber optic,No,No,Yes,No,No,Yes,Two year,Yes,Credit card (automatic),82.88,4681.42,No
7136-NPOTI,Male,1,Yes,No,48,No,No phone service,No,No internet service,No internet service,No internet service,No internet service,No internet service,No internet service,One year,Yes,Mailed check,19.67,972.05,No
2523-ZPUHQ,Female,0,No,Yes,72,Yes,Yes,Fiber optic,No,Yes,No,No,Yes,No,Two year,No,Bank transfer (automatic),96.08,7198.82,No
3989-ICUZH,Male,1,No,No,37,Yes,No,Fiber optic,No,No,No,No,Yes,No,Two year,Yes,Bank transfer (automatic),76.82,2883.71,No
1201-UOHXS,Male,0,Yes,No,72,No,No phone service,DSL,No,No,Yes,No,Yes,No,Two year,Yes,Credit card (automatic),58.91,4072.29,No
5067-RXCZD,Male,0,Yes,Yes,13,Yes,No,No,No internet service,No internet service,No internet service,No internet service,No internet service,No internet service,One year,Yes,Bank transfer (automatic),25.19,328.7,Yes
6672-MCRTB,Female,0,No,No,68,Yes,No,DSL,No,Yes,Yes,Yes,No,Yes,Month-to-month,Yes,Mailed check,75.36,5177.12,No
9216-KWBYT,Female,0,No,No,18,No,No phone service,DSL,Yes,Yes,Yes,Yes,Yes,Yes,Two year,No,Credit card (automatic),83.31,1477.5,No
4805-ZTKVG,Female,0,Yes,Yes,62,Yes,Yes,Fiber optic,No,Yes,Yes,No,Yes,Yes,Two year,Yes,Electronic check,111.01,7082.93,No
8758-IWKMR,Female,1,No,No,71,Yes,No,Fiber optic,No,No,No,No,No,No,One year,Yes,Mailed check,68.41,4867.44,No
8179-MNTRF,Male,0,No,No,45,Yes,Yes,No,No internet service,No internet service,No internet service,No internet service,No internet service,No internet service,Month-to-month,Yes,Mailed check,31.16,1336.79,No
9407-OGRAO,Female,0,No,No,55,Yes,No,DSL,No,Yes,Yes,No,Yes,No,One year,Yes,Credit card (automatic),72.07,4135.53,No
3047-VRLJK,Male,1,No,No,71,Yes,No,Fiber optic,Yes,Yes,Yes,Yes,No,Yes,Two year,Yes,Mailed check,99.37,7170.3,No
7035-KJBCW,Female,0,No,No,20,Yes,No,No,No internet service,No internet service,No internet service,No internet service,No internet service,No internet service,Month-to-month,Yes,Mailed check,28.82,602.19,No
5861-CCXTG,Female,0,Yes,Yes,33,Yes,Yes,DSL,Yes,Yes,Yes,No,Yes,No,One year,No,Mailed check,82.1,2739.6,Yes
5934-MBFIT,Male,1,No,No,70,Yes,No,Fiber optic,No,No,Yes,Yes,Yes,Yes,Month-to-month,Yes,Credit card (automatic),99.27,7069.82,No
8232-ODTJW,Male,0,No,No,50,Yes,No,Fiber optic,Yes,No,Yes,No,Yes,Yes,Month-to-month,No,Electronic check,100.66,4853.29,Yes
3844-WXOUI,Female,0,Yes,No,68,Yes,Yes,Fiber optic,No,No,No,No,No,Yes,One year,No,Mailed check,90.19,5830.83,No
9947-DDKUX,Male,0,Yes,Yes,44,Yes,Yes,DSL,Yes,No,No,Yes,No,Yes,Two year,No,Mailed check,78.0,3301.03,No
3932-SZAVX,Male,0,Yes,No,56,Yes,Yes,Fiber optic,No,No,No,Yes,Yes,Yes,Month-to-month,Yes,Mailed check,108.35,5889.91,No
5787-HWBMH,Female,0,Yes,Yes,1,Yes,Yes,Fiber optic,No,No,No,No,Yes,No,Month-to-month,Yes,Mailed check,90.13,90.61,Yes
5937-RVRCT,Male,0,Yes,No,17,Yes,Yes,DSL,Yes,Yes,Yes,No,Yes,No,One year,No,Credit card (automatic),87.76,1454.06,Yes
4250-BLONF,Female,0,No,No,59,Yes,Yes,No,No internet service,No internet service,No internet service,No internet service,No internet service,No internet service,One year,Yes,Mailed check,36.99,2177.37,No
6957-HDEYV,Female,0,No,No,22,Yes,No,No,No internet service,No internet service,No internet service,No internet service,No internet service,No internet service,One year,Yes,Mailed check,24.27,551.3,No
9783-XCYJU,Male,1,Yes,No,19,Yes,Yes,DSL,No,No,No,Yes,No,Yes,Two year,No,Credit card (automatic),76.38,1461.91,No
7716-AYZCY,Male,1,No,Yes,71,Yes,Yes,DSL,Yes,Yes,Yes,Yes,Yes,Yes,Two year,No,Credit card (automatic),96.95,6925.09,No
5473-IKYDB,Female,0,No,Yes,38,Yes,No,DSL,Yes,No,Yes,No,Yes,Yes,Two year,Yes,Credit card (automatic),83.64,3320.98,No
6949-WILUA,Female,0,Yes,No,7,Yes,No,DSL,No,Yes,Yes,No,No,Yes,Month-to-month,Yes,Bank transfer (automatic),70.95,487.62,Yes
1848-BSSXG,Male,0,Yes,No,29,Yes,No,Fiber optic,Yes,No,Yes,No,Yes,No,Month-to-month,No,Credit card (automatic),86.91,2590.43,Yes
3766-SJHXI,Male,0,Yes,Yes,34,Yes,No,DSL,No,Yes,No,Yes,No,No,Month-to-month,Yes,Credit card (automatic),62.61,2207.69,Yes
7043-NEVXA,Male,1,No,No,72,Yes,Yes,DSL,No,No,Yes,Yes,No,No,Two year,No,Credit card (automatic),72.36,5394.25,No
9532-OYSVK,Female,1,Yes,Yes,54,Yes,No,DSL,No,No,No,Yes,No,No,Two year,Yes,Electronic check,54.19,2907.28,No
5832-DNWPZ,Male,0,Yes,No,34,Yes,Yes,Fiber optic,Yes,Yes,No,No,No,No,Month-to-month,Yes,Electronic check,87.15,2981.47,Yes
2587-AMRIZ,Female,0,Yes,No,25,Yes,No,DSL,No,No,No,No,No,No,One year,Yes,Bank transfer (automatic),49.04,1217.13,No
6615-IFSWM,Female,0,No,Yes,70,Yes,Yes,Fiber optic,No,Yes,Yes,No,No,No,Month-to-month,No,Credit card (automatic),90.89,6091.69,No
3384-YADWO,Female,0,No,No,47,Yes,Yes,DSL,No,No,No,Yes,No,Yes,Two year,No,Electronic check,77.93,3816.4,No
8460-FRVRS,Female,0,Yes,Yes,18,Yes,Yes,DSL,Yes,No,No,No,Yes,Yes,One year,No,Mailed check,83.07,1529.06,No
2947-DMMOS,Male,0,No,No,28,No,No phone service,No,No internet service,No internet service,No internet service,No internet service,No internet service,No internet service,One year,Yes,Credit card (automatic),19.12,551.82,No
8057-WVDPK,Male,1,Yes,Yes,12,Yes,Yes,Fiber optic,No,Yes,No,Yes,Yes,No,Month-to-month,Yes,Bank transfer (automatic),103.65,1210.46,Yes
5716-XWQCJ,Female,0,No,No,71,Yes,No,DSL,No,Yes,Yes,Yes,No,Yes,One year,No,Bank transfer (automatic),77.34,5535.4,No
8903-ROTWC,Male,0,Yes,Yes,53,Yes,Yes,Fiber optic,Yes,No,Yes,No,No,No,Two year,No,Bank transfer (automatic),90.17,4610.55,No
6675-QIVOL,Male,0,Yes,Yes,21,Yes,No,Fiber optic,No,No,Yes,No,Yes,Yes,Month-to-month,Yes,Bank transfer (automatic),94.25,2031.61,Yes
6479-CMSBQ,Female,1,No,No,6,Yes,Yes,DSL,No,Yes,Yes,Yes,No,No,Month-to-month,Yes,Electronic check,76.42,445.38,No
5207-XDPQB,Male,0,No,Yes,6,Yes,No,No,No internet service,No internet service,No internet service,No internet service,No internet service,No internet service,Month-to-month,Yes,Bank transfer (automatic),27.66,166.66,Yes
8971-KRRJQ,Female,0,Yes,Yes,30,Yes,No,No,No internet service,No internet service,No internet service,No internet service,No internet service,No internet service,Month-to-month,Yes,Electronic check,21.95,651.12,Yes
7582-PNKGP,Male,1,Yes,Yes,29,Yes,No,Fiber optic,Yes,No,No,Yes,No,Yes,Month-to-month,No,Electronic check,93.43,2818.68,Yes
8352-MDVGK,Male,0,Yes,No,23,Yes,Yes,No,No internet service,No internet service,No internet service,No internet service,No internet service,No internet service,One year,No,Bank transfer (automatic),32.48,743.95,Yes
1002-DWRNO,Male,0,No,Yes,66,Yes,No,DSL,No,Yes,Yes,No,No,No,Month-to-month,No,Mailed check,61.69,3992.48,No
3177-FBCGT,Female,0,Yes,Yes,72,Yes,No,DSL,No,Yes,No,Yes,Yes,Yes,One year,Yes,Mailed check,77.11,5284.73,No
7172-ZPWKG,Female,0,No,No,18,Yes,Yes,Fiber optic,No,Yes,No,Yes,No,Yes,One year,Yes,Bank transfer (automatic),96.86,1765.66,Yes
1956-JCMCO,Male,0,No,Yes,13,Yes,No,Fiber optic,Yes,Yes,No,Yes,Yes,Yes,One year,Yes,Credit card (automatic),102.43,1332.22,No
5916-WSCJB,Male,0,Yes,Yes,59,Yes,Yes,DSL,Yes,Yes,No,No,Yes,No,Two year,Yes,Electronic check,76.29,4578.86,No
8730-BCNVY,Female,0,No,No,27,Yes,Yes,Fiber optic,Yes,Yes,Yes,No,Yes,No,Month-to-month,Yes,Electronic check,108.44,2951.4,Yes
9101-IKOWC,Male,0,Yes,Yes,8,Yes,Yes,No,No internet service,No internet service,No internet service,No internet service,No internet service,No internet service,Month-to-month,Yes,Electronic check,31.95,262.22,Yes
7522-RXZHN,Male,0,No,No,6,Yes,Yes,Fiber optic,No,No,No,No,Yes,No,Month-to-month,Yes,Credit card (automatic),92.33,532.53,Yes
4676-UGBAT,Male,1,No,No,12,Yes,No,DSL,No,No,Yes,No,No,No,Month-to-month,Yes,Bank transfer (automatic),56.89,650.67,Yes
6432-KHGWU,Female,0,Yes,Yes,1,Yes,Yes,Fiber optic,No,No,No,No,Yes,Yes,Month-to-month,No,Bank transfer (automatic),101.42,99.45,Yes
5858-FTOXU,Male,0,Yes,No,71,Yes,No,DSL,Yes,No,No,No,Yes,Yes,Two year,No,Bank transfer (automatic),78.45,5767.53,No
7227-APWXB,Male,0,No,No,25,Yes,No,DSL,No,No,Yes,Yes,Yes,No,Month-to-month,No,Mailed check,73.8,1928.8,No
1403-RYXIT,Female,0,Yes,Yes,2,Yes,No,Fiber optic,No,Yes,No,No,Yes,No,Month-to-month,Yes,Electronic check,81.47,158.65,Yes
7900-THEQP,Male,0,No,No,5,Yes,No,DSL,No,Yes,Yes,No,Yes,Yes,Month-to-month,Yes,Bank transfer (automatic),83.16,409.53,No
8008-YZCPB,Female,0,Yes,Yes,16,Yes,No,DSL,No,No,No,No,Yes,Yes,Month-to-month,No,Mailed check,66.03,1105.86,Yes
1616-PEWNA,Female,0,Yes,Yes,37,Yes,No,Fiber optic,No,No,Yes,No,No,No,One year,No,Credit card (automatic),76.58,2780.36,No
2347-XMOTB,Male,0,No,No,53,Yes,Yes,Fiber optic,No,No,No,No,Yes,No,Two year,Yes,Electronic check,89.3,4791.49,No
7618-DPWWU,Male,0,No,No,14,Yes,Yes,Fiber optic,Yes,Yes,Yes,No,Yes,Yes,Month-to-month,Yes,Mailed check,111.32,1517.55,Yes
4590-VQRQI,Female,1,Yes,No,71,Yes,No,DSL,No,No,No,Yes,No,Yes,One year,Yes,Electronic check,64.97,4779.18,No
3423-QFDDS,Male,0,No,No,58,Yes,Yes,Fiber optic,No,No,No,Yes,Yes,No,One year,No,Electronic check,94.12,5578.78,No
6489-AGCNL,Male,0,Yes,No,64,Yes,Yes,Fiber optic,No,Yes,No,No,Yes,No,One year,Yes,Mailed check,93.34,5775.27,No
1793-BWIVZ,Female,0,Yes,No,16,Yes,Yes,DSL,Yes,Yes,No,No,No,No,One year,Yes,Electronic check,67.85,1091.03,Yes
2042-ELEJZ,Female,0,Yes,No,20,No,No phone service,Fiber optic,No,Yes,No,No,Yes,Yes,One year,Yes,Electronic check,91.91,1830.02,Yes
6839-AEXOZ,Male,0,No,No,36,Yes,No,DSL,No,No,Yes,Yes,Yes,Yes,Month-to-month,Yes,Credit card (automatic),77.94,2881.67,No
6649-MKNRY,Male,0,Yes,No,27,Yes,No,Fiber optic,No,Yes,Yes,No,No,Yes,One year,Yes,Bank transfer (automatic),88.82,2452.73,Yes
3121-YEPKU,Male,0,No,No,11,Yes,Yes,Fiber optic,No,Yes,Yes,No,No,Yes,Month-to-month,Yes,Electronic check,102.18,1145.56,Yes
4948-PIXDX,Female,0,No,No,72,Yes,Yes,No,No internet service,No internet service,No internet service,No internet service,No internet service,No internet service,Two year,No,Electronic check,35.27,2591.72,No
9839-RYRRB,Female,0,Yes,No,66,Yes,No,Fiber optic,No,No,No,No,No,No,One year,Yes,Credit card (automatic),72.89,4999.88,No
2455-BVEGT,Female,0,No,No,9,Yes,Yes,Fiber optic,Yes,No,Yes,No,Yes,No,Month-to-month,Yes,Bank transfer (automatic),102.42,946.83,Yes
2435-OEVDT,Female,0,No,No,70,Yes,Yes,Fiber optic,No,Yes,Yes,No,No,Yes,Two year,No,Electronic check,96.52,6795.55,No
7448-VMDNJ,Female,0,No,No,41,Yes,Yes,No,No internet service,No internet service,No internet service,No internet service,No internet service,No internet service,One year,Yes,Electronic check,35.85,1526.36,No
7416-AZUUH,Male,1,No,No,1,Yes,No,No,No internet service,No internet service,No internet service,No internet service,No internet service,No internet service,Month-to-month,Yes,Electronic check,22.58,22.25,Yes
6513-GDJGW,Male,0,Yes,No,18,Yes,No,Fiber optic,No,No,Yes,Yes,No,No,Two year,Yes,Electronic check,77.27,1442.91,No
2634-NNUPE,Female,0,No,No,1,Yes,Yes,DSL,Yes,No,Yes,No,Yes,Yes,Month-to-month,No,Electronic check,89.72,90.71,Yes
5474-KHZMZ,Male,0,No,No,2,Yes,No,DSL,Yes,Yes,No,No,Yes,No,Month-to-month,Yes,Electronic check,72.0,148.57,Yes
1065-EITNR,Male,0,No,No,6,Yes,Yes,Fiber optic,No,No,Yes,Yes,No,Yes,Month-to-month,Yes,Electronic check,103.18,631.75,Yes
3692-BMRZY,Male,0,No,Yes,30,No,No phone service,No,No internet service,No internet service,No internet service,No internet service,No internet service,No internet service,Month-to-month,No,Credit card (automatic),22.67,665.55,Yes
9459-OLKQH,Female,0,Yes,Yes,20,Yes,No,No,No internet service,No internet service,No internet service,No internet service,No internet service,No internet service,Month-to-month,Yes,Electronic check,28.86,605.73,No
3743-ZYLKE,Male,0,Yes,No,0,Yes,Yes,DSL,No,Yes,Yes,Yes,No,Yes,Month-to-month,Yes,Electronic check,82.04, ,No
9075-OOQBL,Male,0,Yes,No,21,Yes,No,Fiber optic,Yes,Yes,No,Yes,No,No,Month-to-month,Yes,Electronic check,83.72,1719.97,Yes
6774-TTCNI,Female,0,No,No,14,Yes,No,Fiber optic,Yes,Yes,No,No,No,Yes,Two year,Yes,Electronic check,87.33,1228.07,No
9787-EJPYL,Male,0,No,No,23,Yes,No,Fiber optic,No,Yes,No,Yes,No,Yes,Month-to-month,Yes,Electronic check,89.27,2008.02,Yes
2695-TOMBS,Female,0,Yes,No,5,Yes,Yes,DSL,No,Yes,No,No,Yes,Yes,Month-to-month,Yes,Electronic check,85.95,428.1,Yes
4121-RETWK,Male,0,Yes,Yes,44,Yes,No,DSL,No,Yes,No,Yes,No,Yes,One year,No,Electronic check,73.52,3271.88,No
8697-FCWMP,Female,0,No,No,1,No,No phone service,Fiber optic,Yes,Yes,Yes,Yes,Yes,Yes,Month-to-month,No,Credit card (automatic),101.13,98.28,Yes
8867-IASES,Male,0,Yes,No,21,Yes,No,DSL,Yes,No,No,No,Yes,Yes,One year,Yes,Mailed check,78.05,1643.76,Yes
3469-UORNJ,Female,0,Yes,Yes,70,Yes,Yes,DSL,No,Yes,No,Yes,No,Yes,Two year,Yes,Credit card (automatic),82.88,5992.82,No
1539-RBTDM,Female,0,Yes,Yes,24,Yes,No,DSL,No,No,Yes,Yes,No,Yes,Two year,No,Bank transfer (automatic),70.28,1751.29,No
1867-YIAEI,Female,0,No,No,26,Yes,No,Fiber optic,No,Yes,No,No,No,No,One year,Yes,Mailed check,73.44,1869.18,No
3173-FUFAJ,Female,0,Yes,No,2,Yes,No,Fiber optic,No,No,No,No,Yes,Yes,Month-to-month,Yes,Mailed check,88.3,170.54,Yes
4408-JRLHZ,Male,1,Yes,Yes,43,Yes,No,Fiber optic,Yes,Yes,No,No,No,No,Month-to-month,Yes,Credit card (automatic),82.82,3498.92,Yes
2948-RBSMV,Female,0,No,No,71,Yes,Yes,Fiber optic,Yes,Yes,No,No,No,No,Two year,Yes,Mailed check,89.39,6158.69,No
4291-FOWPD,Female,0,No,No,13,Yes,No,DSL,Yes,Yes,No,No,No,Yes,Month-to-month,No,Electronic check,71.41,949.53,Yes
8160-JTLET,Female,0,Yes,Yes,21,Yes,No,Fiber optic,No,Yes,No,Yes,No,Yes,One year,Yes,Electronic check,93.86,2061.81,No
8210-FTCSB,Female,1,No,No,41,Yes,No,Fiber optic,No,Yes,No,No,Yes,Yes,Month-to-month,Yes,Mailed check,96.46,3883.24,Yes
7146-XFTUZ,Male,0,No,No,2,Yes,No,Fiber optic,Yes,No,No,No,Yes,Yes,Month-to-month,No,Bank transfer (automatic),93.62,183.77,Yes
5818-YPVSI,Female,0,No,No,71,Yes,Yes,DSL,No,No,Yes,No,Yes,No,One year,No,Bank transfer (automatic),78.0,5652.5,No
5815-LBKVZ,Male,0,No,No,29,Yes,Yes,No,No internet service,No internet service,No internet service,No internet service,No internet service,No internet service,One year,Yes,Credit card (automatic),38.19,1127.94,No
9195-OQEXF,Female,0,No,No,3,Yes,No,No,No internet service,No internet service,No internet service,No internet service,No internet service,No internet service,One year,Yes,Mailed check,27.1,80.78,No
4504-DRTXX,Male,0,No,No,17,Yes,No,No,No internet service,No internet service,No internet service,No internet service,No internet service,No internet service,Two year,Yes,Bank transfer (automatic),28.65,478.0,No
8728-DVPVW,Male,0,Yes,Yes,20,Yes,No,Fiber optic,Yes,Yes,No,No,No,No,One year,Yes,Bank transfer (automatic),82.53,1647.39,No
2084-IYBCB,Female,0,No,No,17,Yes,No,DSL,No,Yes,No,Yes,Yes,No,Two year,Yes,Electronic check,67.87,1177.18,No
2787-LZCHV,Female,1,No,No,52,Yes,Yes,No,No internet service,No internet service,No internet service,No internet service,No internet service,No internet service,One year,Yes,Mailed check,38.04,1961.17,No
7582-FNBIL,Female,1,Yes,No,17,Yes,No,No,No internet service,No internet service,No internet service,No internet service,No internet service,No internet service,Month-to-month,Yes,Mailed check,23.26,410.01,Yes
9922-YJEGE,Female,0,Yes,Yes,16,Yes,No,DSL,No,Yes,No,No,No,Yes,One year,No,Bank transfer (automatic),68.69,1117.76,Yes
8710-BGOYK,Female,0,Yes,Yes,16,Yes,No,Fiber optic,No,No,No,Yes,No,Yes,Month-to-month,Yes,Electronic check,85.6,1390.81,Yes
3209-UCJEL,Female,1,Yes,No,60,Yes,No,DSL,No,No,No,Yes,No,Yes,One year,Yes,Credit card (automatic),67.14,4109.09,No
4854-OUNZG,Male,1,No,No,14,Yes,No,Fiber optic,Yes,Yes,Yes,No,No,No,Two year,Yes,Bank transfer (automatic),87.78,1280.38,No
2549-PYIDX,Female,1,No,No,1,Yes,No,Fiber optic,No,No,Yes,No,No,No,Month-to-month,No,Electronic check,78.58,77.58,Yes
2827-NTXTQ,Female,0,Yes,Yes,19,Yes,No,Fiber optic,No,Yes,No,Yes,No,Yes,One year,Yes,Mailed check,86.14,1631.51,No
1999-YZFPD,Female,0,Yes,No,12,No,No phone service,Fiber optic,No,Yes,No,Yes,No,No,Two year,Yes,Credit card (automatic),72.62,834.84,No
4598-YZCXA,Female,0,No,No,70,Yes,No,No,No internet service,No internet service,No internet service,No internet service,No internet service,No internet service,Two year,No,Credit card (automatic),22.52,1541.66,No
7343-TBDPI,Female,1,No,Yes,30,Yes,Yes,DSL,Yes,Yes,Yes,No,Yes,Yes,Month-to-month,Yes,Electronic check,92.24,2715.46,Yes
3821-TZZJL,Male,0,No,No,9,Yes,Yes,Fiber optic,No,No,No,Yes,Yes,Yes,Month-to-month,Yes,Bank transfer (automatic),108.33,1022.89,Yes
2099-ZNFAV,Female,0,Yes,Yes,72,Yes,No,Fiber optic,Yes,No,Yes,No,Yes,Yes,One year,No,Credit card (automatic),99.26,7084.16,No
4845-EEVOW,Male,0,No,No,10,No,No phone service,Fiber optic,Yes,Yes,Yes,No,Yes,No,Month-to-month,Yes,Mailed check,88.24,854.86,Yes
9916-OCWNO,Female,0,No,No,58,Yes,No,Fiber optic,No,No,Yes,No,No,No,One year,Yes,Mailed check,71.2,4310.02,No
4730-UBKVM,Male,1,Yes,No,48,Yes,No,No,No internet service,No internet service,No internet service,No internet service,No internet service,No internet service,One year,No,Credit card (automatic),24.65,1176.16,No
2486-JCWTT,Female,0,Yes,Yes,28,Yes,Yes,Fiber optic,No,No,Yes,Yes,No,No,Month-to-month,No,Electronic check,91.06,2490.02,Yes
1554-PKIBG,Female,0,Yes,No,22,Yes,Yes,No,No internet service,No internet service,No internet service,No internet service,No internet service,No internet service,Two year,Yes,Electronic check,36.26,827.45,No
1561-HYRYW,Female,1,Yes,Yes,68,No,No phone service,DSL,Yes,Yes,Yes,No,No,Yes,One year,Yes,Credit card (automatic),69.39,4756.74,No
9737-PSHOJ,Female,0,No,No,29,Yes,Yes,Fiber optic,No,No,Yes,No,No,No,Two year,Yes,Bank transfer (automatic),87.96,2585.23,No
1833-PTITU,Male,1,Yes,Yes,20,Yes,No,DSL,Yes,No,No,Yes,Yes,No,Month-to-month,No,Credit card (automatic),71.51,1399.42,Yes
9123-GXVMW,Female,0,No,No,18,Yes,No,Fiber optic,No,No,Yes,Yes,Yes,No,One year,Yes,Bank transfer (automatic),86.28,1579.97,No
6210-NFFBV,Female,0,No,No,12,Yes,No,Fiber optic,No,No,Yes,No,Yes,Yes,Month-to-month,Yes,Credit card (automatic),94.43,1171.95,No
6310-SIMHW,Male,0,Yes,No,23,Yes,No,Fiber optic,Yes,Yes,No,No,No,Yes,One year,Yes,Bank transfer (automatic),91.92,2141.64,No
7069-LQFQB,Male,0,No,Yes,3,Yes,No,No,No internet service,No internet service,No internet service,No internet service,No internet service,No internet service,One year,Yes,Electronic check,28.87,88.68,No
9312-NQLTL,Male,0,Yes,Yes,2,Yes,Yes,No,No internet service,No internet service,No internet service,No internet service,No internet service,No internet service,Month-to-month,Yes,Bank transfer (automatic),31.35,61.44,No
8208-EPMPV,Female,1,Yes,No,36,Yes,Yes,Fiber optic,No,No,No,No,Yes,No,Month-to-month,Yes,Electronic check,87.65,3299.64,Yes
8449-YVQMA,Female,0,No,No,27,Yes,Yes,Fiber optic,Yes,No,Yes,No,Yes,No,One year,No,Bank transfer (automatic),96.61,2668.25,No
5885-SZUAX,Female,0,Yes,No,5,Yes,No,Fiber optic,No,No,No,No,No,No,Month-to-month,Yes,Bank transfer (automatic),68.75,334.29,Yes
7376-IXEQI,Female,1,Yes,Yes,3,No,No phone service,No,No internet service,No internet service,No internet service,No internet service,No internet service,No internet service,Month-to-month,Yes,Electronic check,23.28,68.07,No
3226-XOIHT,Male,0,No,No,4,No,No phone service,DSL,No,No,No,No,Yes,No,Month-to-month,Yes,Credit card (automatic),55.09,230.0,Yes
2447-NXCLP,Female,0,No,Yes,15,Yes,No,No,No internet service,No internet service,No internet service,No internet service,No internet service,No internet service,Two year,Yes,Mailed check,28.44,424.29,No
6435-NDZLF,Male,0,No,No,27,Yes,No,DSL,Yes,Yes,Yes,No,Yes,No,Two year,Yes,Bank transfer (automatic),72.48,1923.75,No
6368-TFRMD,Male,0,No,No,7,No,No phone service,Fiber optic,Yes,No,No,No,Yes,No,Month-to-month,No,Electronic check,82.98,579.02,Yes
6828-BTYIV,Male,0,Yes,No,57,Yes,No,Fiber optic,No,Yes,No,Yes,Yes,Yes,One year,Yes,Bank transfer (automatic),96.83,5457.92,No
2797-LSLLI,Male,1,No,No,7,Yes,No,DSL,No,Yes,No,Yes,No,No,Month-to-month,Yes,Electronic check,60.76,434.43,Yes
3137-UJFXV,Male,0,No,No,3,Yes,Yes,Fiber optic,Yes,Yes,Yes,No,No,No,Month-to-month,Yes,Mailed check,93.54,276.91,Yes
9884-QQYUM,Male,0,Yes,Yes,72,Yes,Yes,No,No internet service,No internet service,No internet service,No internet service,No internet service,No internet service,Two year,Yes,Mailed check,37.79,2600.27,No
4815-PFPFN,Male,0,No,No,26,Yes,No,No,No internet service,No internet service,No internet service,No internet service,No internet service,No internet service,Month-to-month,Yes,Bank transfer (automatic),23.26,575.47,Yes
4297-PHNOP,Male,0,Yes,Yes,5,Yes,Yes,DSL,No,No,Yes,No,No,Yes,Month-to-month,No,Electronic check,77.77,407.9,Yes
6172-ZVETL,Female,0,Yes,No,70,Yes,Yes,Fiber optic,No,Yes,No,No,Yes,No,Two year,Yes,Electronic check,93.57,6676.83,No
7102-OSIVX,Male,0,Yes,Yes,9,Yes,Yes,Fiber optic,No,Yes,No,No,Yes,No,Month-to-month,Yes,Mailed check,91.86,805.14,Yes
6268-CFJEY,Male,1,No,No,71,Yes,No,DSL,No,No,No,No,Yes,No,Month-to-month,No,Electronic check,63.02,4549.85,No
9990-LCPFO,Male,0,No,No,3,Yes,No,DSL,No,Yes,No,Yes,No,No,Month-to-month,Yes,Credit card (automatic),56.84,177.13,Yes
6835-RPBKL,Female,0,No,No,65,Yes,No,DSL,Yes,Yes,No,Yes,Yes,Yes,One year,Yes,Credit card (automatic),86.04,5720.98,No
3498-FNWFA,Female,0,No,No,6,Yes,No,Fiber optic,No,Yes,No,No,Yes,No,Month-to-month,No,Electronic check,85.08,521.41,Yes
2891-YKSXZ,Female,0,Yes,Yes,71,No,No phone service,Fiber optic,No,Yes,Yes,Yes,Yes,Yes,One year,Yes,Bank transfer (automatic),102.16,7374.28,No
1677-SYQSM,Female,0,Yes,No,40,Yes,No,No,No internet service,No internet service,No internet service,No internet service,No internet service,No internet service,One year,No,Mailed check,26.54,1090.65,No
3363-XQPPN,Male,0,No,No,6,Yes,No,Fiber optic,No,No,No,No,No,No,Month-to-month,No,Electronic check,71.3,427.21,No
5358-LHRAT,Male,0,No,Yes,66,Yes,Yes,DSL,No,No,No,No,Yes,No,One year,Yes,Credit card (automatic),69.31,4425.33,No
4702-YXWLH,Male,0,Yes,Yes,21,Yes,Yes,DSL,No,No,No,No,No,Yes,Month-to-month,Yes,Credit card (automatic),71.26,1461.5,Yes
2627-PIVSA,Female,0,No,No,55,Yes,Yes,No,No internet service,No internet service,No internet service,No internet service,No internet service,No internet service,One year,Yes,Credit card (automatic),34.06,1903.53,No
8044-XBNGE,Female,0,Yes,Yes,47,No,No phone service,Fiber optic,No,Yes,Yes,Yes,No,No,One year,Yes,Electronic check,79.64,3622.32,No
7622-NQEBT,Male,0,Yes,Yes,54,Yes,No,Fiber optic,No,No,Yes,No,No,No,One year,Yes,Electronic check,72.18,3789.52,No
6459-ZYIIP,Male,1,No,No,17,Yes,Yes,DSL,No,No,Yes,Yes,Yes,Yes,One year,No,Electronic check,87.34,1528.26,No
6613-ONGYC,Male,0,No,No,71,Yes,No,Fiber optic,No,No,No,No,No,Yes,Two year,No,Mailed check,83.76,5960.57,No
6767-JGJYD,Male,0,Yes,No,38,Yes,No,No,No internet service,No internet service,No internet service,No internet service,No internet service,No internet service,One year,No,Bank transfer (automatic),27.69,1004.55,No
2554-KFABW,Female,0,Yes,No,2,Yes,Yes,No,No internet service,No internet service,No internet service,No internet service,No internet service,No internet service,Two year,Yes,Bank transfer (automatic),37.54,75.51,No
7673-MAEDP,Female,0,Yes,No,2,Yes,No,DSL,No,Yes,No,Yes,Yes,Yes,Month-to-month,Yes,Credit card (automatic),76.48,149.64,Yes
8857-ERCCV,Female,0,No,No,56,Yes,Yes,No,No internet service,No internet service,No internet service,No internet service,No internet service,No internet service,Two year,No,Bank transfer (automatic),33.78,1856.3,No
4140-JONNW,Male,0,No,Yes,66,Yes,Yes,Fiber optic,No,No,Yes,No,No,No,One year,No,Mailed check,82.21,5246.57,No
6565-UVHIX,Male,0,No,No,52,Yes,Yes,Fiber optic,No,No,Yes,No,No,No,Month-to-month,No,Electronic check,84.57,4257.1,No
6891-DIOXZ,Female,0,No,Yes,12,Yes,Yes,Fiber optic,Yes,No,No,No,No,Yes,Month-to-month,No,Credit card (automatic),96.75,1163.32,Yes
2280-YZDIG,Female,1,Yes,Yes,9,Yes,Yes,DSL,Yes,No,No,Yes,No,No,Month-to-month,Yes,Electronic check,69.56,625.0,No
8632-DHMXN,Male,0,No,No,39,Yes,No,Fiber optic,No,No,No,No,No,No,Two year,No,Electronic check,72.93,2842.72,No
7303-TXLRC,Male,1,No,Yes,7,No,No phone service,No,No internet service,No internet service,No internet service,No internet service,No internet service,No internet service,Month-to-month,No,Electronic check,20.59,140.31,Yes
1047-RMGCF,Female,0,Yes,No,20,Yes,No,DSL,No,No,No,Yes,Yes,No,One year,Yes,Mailed check,64.06,1293.99,Yes
3340-DBJVE,Male,0,Yes,No,46,Yes,Yes,DSL,No,No,No,No,No,No,Two year,Yes,Electronic check,58.31,2738.86,No
3500-LASKO,Female,1,No,No,12,Yes,No,No,No internet service,No internet service,No internet service,No internet service,No internet service,No internet service,Month-to-month,Yes,Electronic check,25.15,315.12,Yes
8016-PGNNG,Male,1,No,No,20,Yes,Yes,No,No internet service,No internet service,No internet service,No internet service,No internet service,No internet service,One year,Yes,Bank transfer (automatic),37.76,786.59,No
4756-NXRLD,Female,0,No,No,19,Yes,No,No,No internet service,No internet service,No internet service,No internet service,No internet service,No internet service,One year,Yes,Mailed check,28.05,553.06,No
7799-DKYHC,Male,0,Yes,Yes,28,Yes,No,DSL,No,Yes,Yes,No,Yes,No,Two year,Yes,Electronic check,66.46,1803.2,No
1894-CIJNK,Female,0,Yes,No,50,Yes,No,Fiber optic,No,No,Yes,No,Yes,Yes,One year,No,Bank transfer (automatic),93.73,4863.71,No
1256-JJCQS,Male,0,No,No,60,Yes,Yes,No,No internet service,No internet service,No internet service,No internet service,No internet service,No internet service,Month-to-month,No,Credit card (automatic),35.42,2079.45,Yes
3792-EIYHX,Male,0,No,No,49,Yes,No,No,No internet service,No internet service,No internet service,No internet service,No internet service,No internet service,One year,No,Credit card (automatic),27.1,1300.44,No
9478-WDZXU,Female,0,Yes,No,1,Yes,No,DSL,Yes,No,No,No,No,No,Month-to-month,No,Credit card (automatic),52.62,52.05,Yes
7621-OCQMI,Female,0,Yes,No,70,No,No phone service,Fiber optic,Yes,No,No,Yes,No,Yes,Two year,No,Credit card (automatic),85.73,5704.03,No
5150-ZYDGJ,Female,0,No,No,41,Yes,Yes,Fiber optic,No,No,No,No,Yes,Yes,Two year,Yes,Credit card (automatic),99.06,4134.88,No
8063-PEUVJ,Female,0,Yes,No,70,Yes,No,Fiber optic,No,No,No,No,Yes,No,Two year,Yes,Bank transfer (automatic),78.51,5494.44,No
4377-NUZCS,Female,0,No,No,72,Yes,No,Fiber optic,No,Yes,No,No,No,Yes,Month-to-month,Yes,Credit card (automatic),86.05,6247.0,No
5266-MWEFX,Female,1,Yes,Yes,29,Yes,No,DSL,Yes,No,Yes,No,No,Yes,One year,Yes,Credit card (automatic),66.78,1984.78,No
5052-XWPWF,Male,0,No,No,70,Yes,Yes,DSL,No,Yes,No,No,Yes,Yes,Two year,No,Mailed check,82.41,5976.29,No
9172-JOTBS,Male,0,No,No,19,Yes,Yes,DSL,Yes,No,No,No,Yes,No,Two year,Yes,Electronic check,73.36,1328.37,No
1412-XDYUY,Male,0,Yes,No,11,No,No phone service,No,No internet service,No internet service,No internet service,No internet service,No internet service,No internet service,Month-to-month,No,Mailed check,18.8,214.63,Yes
4718-VKXAZ,Male,0,Yes,No,2,Yes,Yes,Fiber optic,Yes,Yes,No,Yes,Yes,Yes,Month-to-month,Yes,Credit card (automatic),113.7,232.76,Yes
1370-EYUGK,Male,0,Yes,Yes,27,Yes,Yes,Fiber optic,Yes,No,No,No,Yes,Yes,Month-to-month,No,Mailed check,108.22,2989.37,Yes
3686-JQGAG,Female,0,Yes,No,51,Yes,No,Fiber optic,No,Yes,No,No,Yes,Yes,One year,No,Electronic check,95.39,4644.97,Yes
2590-UPXWY,Female,0,No,No,72,Yes,No,Fiber optic,Yes,Yes,Yes,No,No,No,Two year,No,Mailed check,86.35,5934.72,No
5551-DRNUR,Female,0,Yes,Yes,34,Yes,No,Fiber optic,No,No,Yes,Yes,Yes,Yes,Month-to-month,Yes,Credit card (automatic),103.8,3395.77,No
8909-FKSKJ,Female,1,No,No,56,No,No phone service,DSL,Yes,Yes,Yes,Yes,Yes,No,One year,No,Electronic check,77.14,4508.27,No
8136-NYYYC,Male,1,No,No,70,No,No phone service,DSL,Yes,No,Yes,No,No,No,One year,Yes,Mailed check,53.9,3786.03,No
8655-QZMDT,Male,0,Yes,No,37,Yes,No,DSL,No,No,No,Yes,No,No,Month-to-month,No,Mailed check,54.19,1933.25,No
6310-OOZGU,Female,0,No,No,5,Yes,Yes,Fiber optic,No,Yes,No,No,Yes,No,Month-to-month,No,Mailed check,94.13,447.33,Yes
9276-PIMJQ,Female,0,No,Yes,66,Yes,No,DSL,No,No,No,Yes,No,Yes,Two year,No,Electronic check,63.93,4116.4,No
7298-JILXC,Male,0,Yes,No,40,Yes,No,No,No internet service,No internet service,No internet service,No internet service,No internet service,No internet service,One year,No,Electronic check,24.91,1038.32,No
6209-TFCJL,Female,0,No,No,58,Yes,No,Fiber optic,No,No,No,No,No,No,One year,Yes,Electronic check,66.76,3977.1,No
2974-FUNLR,Male,0,Yes,Yes,49,Yes,No,Fiber optic,No,No,Yes,Yes,No,Yes,Two year,No,Mailed check,87.86,4291.85,No
3063-QSVOP,Male,0,Yes,Yes,2,Yes,No,DSL,Yes,Yes,Yes,Yes,Yes,Yes,Month-to-month,Yes,Electronic check,89.6,179.94,Yes
6479-EGVPP,Male,0,Yes,Yes,5,No,No phone service,Fiber optic,Yes,No,Yes,Yes,No,Yes,Month-to-month,Yes,Mailed check,91.55,465.85,Yes
8054-LUZIN,Male,0,Yes,No,13,No,No phone service,No,No internet service,No internet service,No internet service,No internet service,No internet service,No internet service,Month-to-month,No,Mailed check,18.25,234.44,Yes
3458-ZLMHP,Female,0,No,No,12,Yes,No,DSL,Yes,No,Yes,No,Yes,No,Month-to-month,Yes,Bank transfer (automatic),67.88,800.68,Yes
9250-LLXDD,Male,0,Yes,No,65,Yes,No,DSL,Yes,No,No,No,No,Yes,One year,No,Mailed check,64.07,4164.98,No
4544-DZOKP,Female,0,Yes,Yes,42,Yes,Yes,No,No internet service,No internet service,No internet service,No internet service,No internet service,No internet service,Month-to-month,Yes,Bank transfer (automatic),35.4,1429.7,No
8862-YKSUJ,Male,0,No,No,2,No,No phone service,No,No internet service,No internet service,No internet service,No internet service,No internet service,No internet service,Month-to-month,No,Mailed check,22.2,42.46,No
4111-RISJB,Female,0,Yes,Yes,21,Yes,Yes,Fiber optic,No,No,Yes,No,Yes,Yes,One year,Yes,Credit card (automatic),105.96,2185.94,No
7255-OPVTA,Female,0,Yes,No,38,Yes,Yes,Fiber optic,No,No,No,No,Yes,No,Two year,Yes,Bank transfer (automatic),86.49,3301.97,No
7707-APAAG,Female,1,No,No,10,Yes,No,DSL,No,No,Yes,Yes,No,No,One year,No,Credit card (automatic),56.8,564.62,No
7029-FFDLR,Male,0,Yes,Yes,1,Yes,Yes,Fiber optic,No,Yes,No,No,No,Yes,Month-to-month,Yes,Electronic check,93.22,96.12,No
7645-QRFSD,Female,0,No,No,20,Yes,No,Fiber optic,No,Yes,No,No,Yes,Yes,One year,Yes,Credit card (automatic),94.25,1887.34,Yes
8959-QGQFV,Female,0,Yes,No,28,Yes,Yes,DSL,No,Yes,Yes,No,Yes,No,Two year,Yes,Electronic check,80.36,2304.04,No
9295-CTOAJ,Male,0,Yes,Yes,70,Yes,Yes,No,No internet service,No internet service,No internet service,No internet service,No internet service,No internet service,Month-to-month,Yes,Credit card (automatic),34.9,2447.38,No
4897-IHQWW,Male,0,No,No,70,Yes,Yes,Fiber optic,Yes,No,Yes,No,No,No,Month-to-month,No,Bank transfer (automatic),87.06,6193.54,No
1092-IUTIU,Male,0,No,No,32,Yes,Yes,Fiber optic,Yes,No,Yes,No,Yes,Yes,Month-to-month,No,Bank transfer (automatic),108.23,3534.59,Yes
3815-CZMIW,Male,0,Yes,Yes,29,Yes,Yes,Fiber optic,No,No,Yes,No,No,Yes,Month-to-month,Yes,Electronic check,98.04,2711.11,Yes
2058-FEUEA,Male,0,No,No,47,Yes,No,Fiber optic,No,No,Yes,No,Yes,No,Month-to-month,No,Bank transfer (automatic),85.8,4065.1,Yes
2142-ESNIG,Female,0,Yes,No,11,Yes,No,DSL,Yes,Yes,No,No,No,Yes,Month-to-month,Yes,Bank transfer (automatic),72.91,765.54,Yes
4522-JBVDN,Male,0,No,No,13,Yes,Yes,DSL,No,Yes,No,Yes,No,Yes,Month-to-month,No,Electronic check,79.22,989.68,No
2055-EODGJ,Female,0,No,Yes,1,Yes,No,No,No internet service,No internet service,No internet service,No internet service,No internet service,No internet service,Month-to-month,No,Mailed check,25.78,25.75,Yes
5735-DIGJM,Female,0,No,No,2,Yes,Yes,Fiber optic,Yes,Yes,No,No,No,No,Month-to-month,No,Bank transfer (automatic),86.35,175.06,Yes
3612-UBHUK,Female,0,Yes,No,6,Yes,No,DSL,Yes,No,Yes,No,Yes,No,Month-to-month,No,Bank transfer (automatic),69.58,436.32,No
1496-EIVXD,Male,0,No,No,47,Yes,No,DSL,Yes,Yes,No,No,Yes,Yes,Two year,No,Electronic check,83.05,4003.73,No
7153-ZDFXN,Female,1,Yes,Yes,8,Yes,No,Fiber optic,No,No,Yes,No,No,No,Two year,Yes,Electronic check,72.56,590.72,No
7042-NVOHI,Male,1,Yes,No,3,No,No phone service,No,No internet service,No internet service,No internet service,No internet service,No internet service,No internet service,Month-to-month,Yes,Electronic check,18.25,56.9,No
8069-HUVRB,Male,0,Yes,No,44,Yes,Yes,DSL,No,Yes,Yes,Yes,No,No,Two year,Yes,Credit card (automatic),77.61,3542.54,No
1425-JBDHN,Male,0,No,No,48,Yes,Yes,No,No internet service,No internet service,No internet service,No internet service,No internet service,No internet service,Two year,Yes,Electronic check,34.85,1692.45,No
8843-IWFQU,Female,0,No,No,2,Yes,Yes,Fiber optic,No,No,No,No,No,No,Month-to-month,No,Mailed check,76.75,147.91,Yes
1899-VQVQN,Female,0,Yes,No,59,Yes,Yes,DSL,No,No,Yes,Yes,Yes,No,One year,No,Mailed check,82.08,4911.74,No
4324-VKOPG,Male,0,No,No,43,Yes,Yes,DSL,No,No,Yes,No,Yes,No,Two year,No,Mailed check,74.74,3232.55,No
1609-EMTWH,Male,0,No,No,22,Yes,No,No,No internet service,No internet service,No internet service,No internet service,No internet service,No internet service,Month-to-month,No,Electronic check,27.3,589.82,Yes
8083-HJNER,Male,1,Yes,Yes,72,Yes,No,DSL,Yes,No,No,Yes,Yes,No,Two year,Yes,Bank transfer (automatic),68.8,4717.43,No
2041-YDCHD,Female,1,No,No,1,Yes,Yes,Fiber optic,No,Yes,No,No,No,Yes,Month-to-month,No,Electronic check,98.3,98.54,Yes
6559-RONYM,Female,0,No,No,37,Yes,No,Fiber optic,Yes,Yes,Yes,No,No,Yes,Two year,Yes,Bank transfer (automatic),97.07,3568.16,No
7238-KVPHD,Male,1,Yes,Yes,5,No,No phone service,DSL,No,No,No,No,No,Yes,Month-to-month,Yes,Bank transfer (automatic),54.81,260.67,Yes
3016-DMWMM,Male,0,No,No,16,Yes,No,No,No internet service,No internet service,No internet service,No internet service,No internet service,No internet service,Two year,Yes,Credit card (automatic),28.78,460.62,No
9841-SSSWD,Female,0,No,No,3,Yes,Yes,DSL,No,Yes,Yes,Yes,No,No,Month-to-month,No,Electronic check,74.69,220.21,Yes
9796-YNCKQ,Male,0,Yes,Yes,49,Yes,No,DSL,No,No,No,No,No,No,One year,Yes,Mailed check,52.84,2500.83,No
4490-QELRN,Male,0,Yes,No,22,Yes,Yes,DSL,Yes,Yes,No,Yes,No,Yes,One year,No,Credit card (automatic),83.27,1746.15,No
4032-JMWSO,Female,0,No,No,72,Yes,Yes,Fiber optic,Yes,No,No,Yes,Yes,No,Two year,No,Mailed check,102.59,7293.49,No
8849-VGVET,Male,1,Yes,Yes,48,Yes,Yes,Fiber optic,No,No,No,Yes,Yes,Yes,Two year,Yes,Electronic check,105.88,4887.33,No
1960-AVHPJ,Female,0,No,No,70,Yes,No,Fiber optic,Yes,No,Yes,Yes,Yes,Yes,One year,Yes,Credit card (automatic),106.03,7653.07,No
8466-HFYJG,Male,0,Yes,No,10,Yes,No,Fiber optic,No,No,Yes,No,Yes,Yes,Month-to-month,No,Electronic check,93.72,964.19,Yes
5567-XQMXR,Female,0,No,No,15,Yes,Yes,DSL,No,No,No,Yes,No,Yes,One year,Yes,Bank transfer (automatic),74.99,1127.65,No
8313-VAPGC,Female,0,No,No,19,Yes,No,DSL,Yes,No,Yes,Yes,Yes,Yes,Month-to-month,No,Electronic check,83.6,1558.33,No
1607-IEJTF,Female,0,No,No,65,Yes,Yes,Fiber optic,No,No,Yes,No,Yes,Yes,One year,No,Electronic check,104.89,6662.71,Yes
5297-DNPOH,Female,0,Yes,No,8,Yes,No,Fiber optic,No,No,Yes,Yes,Yes,Yes,Month-to-month,Yes,Credit card (automatic),99.57,763.32,Yes
7667-JBDTF,Male,0,No,No,71,Yes,No,No,No internet service,No internet service,No internet service,No internet service,No internet service,No internet service,Month-to-month,Yes,Bank transfer (automatic),28.75,2009.76,No
4658-GYIVC,Male,1,Yes,No,1,Yes,Yes,Fiber optic,No,No,Yes,Yes,No,No,Month-to-month,No,Credit card (automatic),86.64,90.35,Yes
9717-PWJOW,Male,0,No,No,70,Yes,Yes,No,No internet service,No internet service,No internet service,No internet service,No internet service,No internet service,Two year,No,Mailed check,37.9,2782.45,No
9886-ETHQA,Male,0,Yes,No,27,Yes,No,Fiber optic,No,No,Yes,No,No,No,Month-to-month,No,Electronic check,71.76,1852.56,Yes
9253-FZYXG,Male,0,No,No,35,Yes,Yes,DSL,Yes,No,No,No,Yes,Yes,One year,No,Bank transfer (automatic),84.58,2867.06,No
7867-OMLUB,Female,0,Yes,No,72,Yes,No,DSL,No,No,No,Yes,Yes,No,One year,Yes,Credit card (automatic),62.49,4471.21,No
6375-GJBMC,Male,0,No,No,68,Yes,No,No,No internet service,No internet service,No internet service,No internet service,No internet service,No internet service,One year,No,Electronic check,26.48,1857.17,No
5810-THDLH,Male,0,No,No,70,Yes,Yes,DSL,No,No,No,No,Yes,Yes,Two year,Yes,Credit card (automatic),80.96,5668.19,No
8048-KWNXB,Female,0,No,No,41,No,No phone service,Fiber optic,No,Yes,No,Yes,No,No,One year,Yes,Mailed check,72.93,2851.04,No
2797-WNXBR,Female,0,Yes,Yes,71,Yes,No,DSL,No,Yes,Yes,Yes,Yes,Yes,Two year,Yes,Mailed check,84.58,6014.41,No
4439-FZHPM,Male,0,Yes,No,51,Yes,No,DSL,No,No,Yes,No,Yes,Yes,Two year,No,Mailed check,74.05,3800.98,No
2249-OXRDR,Male,1,No,No,63,Yes,No,No,No internet service,No internet service,No internet service,No internet service,No internet service,No internet service,One year,Yes,Credit card (automatic),24.12,1524.05,No
7229-XGVRW,Male,0,Yes,Yes,54,Yes,No,DSL,No,No,No,Yes,Yes,No,Two year,Yes,Bank transfer (automatic),61.65,3458.36,No
2388-KAXVG,Male,0,Yes,No,60,No,No phone service,No,No internet service,No internet service,No internet service,No internet service,No internet service,No internet service,Month-to-month,Yes,Bank transfer (automatic),18.25,1084.95,No
6567-HZLYW,Female,0,Yes,No,47,Yes,No,DSL,No,No,No,No,Yes,Yes,Two year,Yes,Bank transfer (automatic),68.41,3090.06,No
3368-PXLSH,Male,1,No,No,55,Yes,Yes,Fiber optic,No,No,No,No,No,Yes,Two year,Yes,Electronic check,88.72,4881.42,No
4178-QJRWF,Female,0,Yes,No,25,Yes,No,Fiber optic,No,Yes,No,No,No,No,Two year,Yes,Bank transfer (automatic),73.58,1788.84,No
4146-WEXVJ,Female,0,No,No,53,Yes,No,Fiber optic,Yes,Yes,No,No,No,No,Two year,No,Electronic check,83.34,4210.25,No
6947-SDTEG,Female,0,Yes,Yes,12,Yes,No,Fiber optic,No,Yes,No,No,Yes,Yes,Month-to-month,Yes,Electronic check,91.03,1111.23,Yes
2747-IPGMD,Male,0,No,No,46,Yes,Yes,Fiber optic,No,No,No,No,No,No,Two year,No,Electronic check,78.17,3584.38,No
2076-IEHXE,Female,0,Yes,Yes,34,Yes,No,DSL,Yes,No,Yes,No,Yes,No,Month-to-month,Yes,Bank transfer (automatic),69.41,2301.14,No
6560-VNJDC,Female,0,No,No,70,Yes,No,Fiber optic,No,No,Yes,No,No,No,Two year,Yes,Credit card (automatic),75.7,5058.74,No
9456-ZMVEW,Female,0,Yes,Yes,50,Yes,Yes,Fiber optic,Yes,No,Yes,No,Yes,No,Two year,No,Electronic check,103.97,5174.47,No
3721-UMVYV,Female,1,Yes,Yes,42,Yes,No,No,No internet service,No internet service,No internet service,No internet service,No internet service,No internet service,Two year,No,Mailed check,24.31,986.27,No
9900-NRDAG,Female,0,Yes,Yes,15,Yes,No,DSL,No,Yes,No,No,Yes,No,Month-to-month,Yes,Mailed check,61.6,927.22,Yes
6950-ZGQLT,Female,0,Yes,No,67,Yes,No,Fiber optic,Yes,No,No,No,Yes,No,Two year,No,Mailed check,83.99,5888.21,No
1003-WVOYW,Female,0,No,No,2,Yes,No,DSL,No,No,No,No,Yes,Yes,Month-to-month,Yes,Mailed check,72.18,146.21,Yes
3468-IEHLD,Male,0,No,No,70,Yes,Yes,Fiber optic,No,Yes,No,No,No,No,Two year,No,Electronic check,87.32,6012.28,No
1424-RQOSG,Female,0,Yes,No,48,No,No phone service,Fiber optic,No,Yes,No,No,No,No,One year,Yes,Credit card (automatic),72.66,3391.99,No
9801-VBJTO,Female,0,No,No,6,Yes,No,DSL,No,No,Yes,No,Yes,Yes,Month-to-month,No,Mailed check,75.16,443.84,No
2191-JIRZB,Female,0,No,No,70,Yes,Yes,DSL,Yes,No,No,No,No,Yes,Two year,No,Bank transfer (automatic),75.53,5359.16,No
9353-IXHGD,Female,0,No,No,16,Yes,Yes,Fiber optic,Yes,No,No,No,No,Yes,Month-to-month,Yes,Electronic check,93.22,1429.39,No
5498-GTCVL,Male,0,Yes,No,5,Yes,Yes,No,No internet service,No internet service,No internet service,No internet service,No internet service,No internet service,Month-to-month,Yes,Credit card (automatic),33.94,163.84,Yes
6403-GFILO,Female,1,Yes,Yes,15,Yes,Yes,Fiber optic,No,No,No,Yes,Yes,Yes,Month-to-month,Yes,Credit card (automatic),104.06,1557.34,Yes
8513-UBTOG,Female,1,Yes,No,71,Yes,No,Fiber optic,No,Yes,No,Yes,No,No,Two year,Yes,Bank transfer (automatic),80.32,5963.43,No
2652-HHEEG,Female,0,Yes,No,57,Yes,Yes,No,No internet service,No internet service,No internet service,No internet service,No internet service,No internet service,Month-to-month,Yes,Electronic check,37.78,2248.53,No
4198-WPQPL,Female,0,No,No,70,Yes,No,Fiber optic,No,Yes,Yes,No,No,Yes,Two year,No,Credit card (automatic),86.44,5749.86,No
2907-CSSBQ,Male,0,Yes,No,14,Yes,Yes,Fiber optic,No,Yes,No,Yes,No,Yes,Month-to-month,No,Bank transfer (automatic),103.4,1456.47,No
4196-FJJZK,Male,0,Yes,Yes,2,No,No phone service,Fiber optic,No,Yes,Yes,No,No,No,Month-to-month,No,Credit card (automatic),78.01,152.53,Yes
6378-NMSYJ,Female,1,No,Yes,39,Yes,Yes,DSL,No,No,Yes,No,No,Yes,One year,Yes,Credit card (automatic),75.25,2800.39,No
1805-PTXHU,Female,0,Yes,No,30,Yes,Yes,No,No internet service,No internet service,No internet service,No internet service,No internet service,No internet service,One year,Yes,Credit card (automatic),36.38,1113.78,No
5783-POZFE,Male,0,Yes,No,54,Yes,Yes,DSL,No,No,No,Yes,No,No,Two year,No,Mailed check,67.5,3715.04,No
8186-WWFVR,Female,0,Yes,Yes,36,Yes,Yes,DSL,No,Yes,No,No,No,No,Month-to-month,Yes,Credit card (automatic),67.37,2422.46,No
5775-SRRUA,Female,0,No,No,22,No,No phone service,No,No internet service,No internet service,No internet service,No internet service,No internet service,No internet service,Month-to-month,No,Mailed check,20.89,462.8,No
1783-ELXZT,Female,0,No,No,1,Yes,Yes,No,No internet service,No internet service,No internet service,No internet service,No internet service,No internet service,Month-to-month,Yes,Credit card (automatic),38.67,37.64,No
2075-PCQMF,Female,0,No,No,29,Yes,Yes,No,No internet service,No internet service,No internet service,No internet service,No internet service,No internet service,One year,No,Electronic check,37.81,1100.98,Yes
4676-MDJMJ,Male,0,No,No,3,Yes,No,Fiber optic,Yes,Yes,Yes,No,No,Yes,Month-to-month,Yes,Electronic check,91.22,260.39,Yes
4206-MFXSS,Female,0,No,No,70,Yes,No,DSL,No,Yes,Yes,No,No,No,One year,Yes,Electronic check,60.49,4304.77,No
4147-JYZQR,Female,0,Yes,No,70,Yes,No,No,No internet service,No internet service,No internet service,No internet service,No internet service,No internet service,Two year,No,Mailed check,21.28,1418.02,No
9699-PRTLM,Female,0,Yes,No,62,Yes,No,No,No internet service,No internet service,No internet service,No internet service,No internet service,No internet service,One year,Yes,Bank transfer (automatic),24.23,1485.02,No
3040-DTJAN,Female,0,No,No,4,No,No phone service,DSL,Yes,Yes,Yes,No,Yes,Yes,Month-to-month,No,Bank transfer (automatic),76.53,296.93,No
5747-GNOOF,Male,0,No,No,4,Yes,Yes,No,No internet service,No internet service,No internet service,No internet service,No internet service,No internet service,Month-to-month,Yes,Credit card (automatic),34.47,139.4,No
1357-EBRXQ,Female,0,No,No,39,Yes,Yes,DSL,No,Yes,No,No,No,No,Two year,No,Mailed check,63.47,2398.6,No
9046-LSUSU,Female,0,No,No,55,Yes,No,No,No internet service,No internet service,No internet service,No internet service,No internet service,No internet service,Month-to-month,Yes,Electronic check,28.19,1518.91,No
5821-QEFJK,Female,0,Yes,No,70,Yes,No,No,No internet service,No internet service,No internet service,No internet service,No internet service,No internet service,Two year,Yes,Credit card (automatic),27.98,2024.19,No
9660-DZTPX,Female,1,No,No,70,Yes,Yes,Fiber optic,No,No,Yes,No,No,No,One year,No,Mailed check,83.39,6016.11,No
5869-ZGLCN,Female,0,Yes,Yes,4,Yes,Yes,Fiber optic,No,Yes,Yes,No,No,Yes,One year,No,Bank transfer (automatic),100.85,394.92,Yes
1722-CFDXM,Female,0,Yes,Yes,72,Yes,Yes,DSL,Yes,No,Yes,Yes,No,Yes,Two year,No,Electronic check,83.14,5778.96,No
3931-SEIRM,Female,1,Yes,No,4,Yes,Yes,DSL,No,No,No,No,No,Yes,Month-to-month,Yes,Credit card (automatic),68.52,271.6,Yes
5335-ZHIIB,Female,0,No,No,65,No,No phone service,Fiber optic,No,No,No,Yes,Yes,No,Two year,No,Mailed check,76.62,4784.88,No
2233-ZQVPH,Male,0,Yes,No,41,Yes,Yes,DSL,No,No,Yes,No,Yes,No,Two year,Yes,Credit card (automatic),77.53,3265.49,No
1525-NBWEE,Male,0,Yes,Yes,50,Yes,Yes,Fiber optic,Yes,No,Yes,No,No,Yes,Two year,Yes,Electronic check,96.28,4616.01,No
9290-TZWJV,Female,0,No,No,43,Yes,Yes,DSL,No,No,No,No,No,No,Two year,Yes,Bank transfer (automatic),58.37,2460.46,No
5000-IJPUR,Female,0,Yes,No,68,Yes,No,DSL,Yes,No,Yes,Yes,No,Yes,One year,Yes,Mailed check,73.18,5166.66,No
2964-JLZCT,Male,0,Yes,No,46,Yes,Yes,Fiber optic,No,No,No,Yes,Yes,No,Two year,Yes,Credit card (automatic),95.23,4254.53,No
3365-RMGWM,Female,0,No,Yes,66,Yes,No,DSL,No,Yes,Yes,No,Yes,No,Two year,Yes,Bank transfer (automatic),67.97,4425.81,No
6285-KUKTT,Female,1,No,No,4,Yes,No,Fiber optic,No,No,No,No,No,No,Month-to-month,Yes,Electronic check,68.92,278.89,Yes
1564-FEWBU,Female,0,Yes,Yes,68,Yes,Yes,Fiber optic,Yes,Yes,No,Yes,No,Yes,Two year,Yes,Mailed check,103.33,6766.82,No
6560-EBGHG,Male,0,No,No,72,No,No phone service,DSL,No,No,No,No,Yes,No,Two year,No,Mailed check,52.09,3874.82,No
7908-BVNYD,Male,0,No,No,49,Yes,No,No,No internet service,No internet service,No internet service,No internet service,No internet service,No internet service,Month-to-month,Yes,Credit card (automatic),23.52,1197.75,Yes
4480-NNZHZ,Female,0,Yes,Yes,72,Yes,Yes,Fiber optic,Yes,No,Yes,No,Yes,Yes,Two year,Yes,Mailed check,112.02,8296.73,No
2432-VSIIF,Male,0,Yes,No,8,Yes,Yes,No,No internet service,No internet service,No internet service,No internet service,No internet service,No internet service,Month-to-month,No,Electronic check,38.06,308.06,Yes
3260-BMBYK,Female,0,Yes,No,64,Yes,No,No,No internet service,No internet service,No internet service,No internet service,No internet service,No internet service,One year,Yes,Electronic check,23.5,1532.6,No
3850-VFNXR,Female,0,No,No,5,Yes,No,No,No internet service,No internet service,No internet service,No internet service,No internet service,No internet service,Month-to-month,No,Mailed check,22.4,116.82,Yes
9044-OLOZK,Female,0,No,No,34,Yes,No,DSL,No,Yes,Yes,Yes,Yes,No,Month-to-month,No,Electronic check,78.93,2765.84,Yes
7963-PLQEY,Female,0,Yes,Yes,49,Yes,No,DSL,No,Yes,No,No,Yes,Yes,Two year,Yes,Mailed check,76.52,3908.46,No
1930-EKXGF,Male,1,No,No,49,Yes,No,Fiber optic,No,No,Yes,No,No,No,One year,No,Electronic check,77.14,3943.73,No
9963-RCPNX,Male,0,No,No,50,Yes,No,Fiber optic,Yes,Yes,No,Yes,Yes,Yes,Two year,No,Electronic check,102.95,5189.99,No
3077-TFYJJ,Female,0,Yes,Yes,15,Yes,Yes,Fiber optic,Yes,No,No,Yes,Yes,Yes,One year,Yes,Credit card (automatic),109.45,1593.75,No
8514-HWOOS,Female,0,No,No,72,Yes,Yes,No,No internet service,No internet service,No internet service,No internet service,No internet service,No internet service,Two year,Yes,Bank transfer (automatic),36.26,2552.78,No
1846-FPOKT,Male,0,No,No,1,Yes,Yes,DSL,No,Yes,No,Yes,No,No,Month-to-month,Yes,Bank transfer (automatic),67.84,70.83,Yes
6398-QAOIO,Male,0,No,No,45,Yes,Yes,Fiber optic,No,No,No,No,No,Yes,Two year,No,Electronic check,88.01,4039.61,No
1974-NYUXY,Male,1,No,No,68,Yes,No,Fiber optic,No,Yes,Yes,No,Yes,Yes,Two year,Yes,Electronic check,103.49,6897.79,No
4908-VTVXC,Female,0,Yes,No,70,Yes,Yes,No,No internet service,No internet service,No internet service,No internet service,No internet service,No internet service,One year,Yes,Mailed check,31.72,2301.97,No
8416-RTYRJ,Male,0,Yes,No,54,Yes,Yes,DSL,No,No,No,Yes,No,Yes,One year,Yes,Electronic check,76.19,4294.5,No
5929-HVYBS,Male,0,No,No,40,Yes,No,Fiber optic,No,No,Yes,Yes,No,Yes,Two year,Yes,Mailed check,90.03,3690.87,No
3014-NFLPQ,Female,0,Yes,No,28,Yes,Yes,No,No internet service,No internet service,No internet service,No internet service,No internet service,No internet service,Month-to-month,No,Electronic check,36.67,991.91,No
7420-NEFFV,Male,0,Yes,Yes,27,Yes,No,No,No internet service,No internet service,No internet service,No internet service,No internet service,No internet service,Month-to-month,No,Electronic check,23.09,596.72,No
7645-ZURSX,Female,0,Yes,Yes,24,Yes,Yes,Fiber optic,Yes,Yes,Yes,No,Yes,No,Two year,No,Electronic check,101.05,2356.28,No
4837-VWZNL,Male,0,No,No,52,Yes,No,DSL,No,Yes,Yes,No,Yes,No,Two year,Yes,Credit card (automatic),66.07,3577.58,No
7734-BDASU,Female,1,Yes,No,55,Yes,Yes,No,No internet service,No internet service,No internet service,No internet service,No internet service,No internet service,Month-to-month,No,Credit card (automatic),38.2,2069.56,No
2600-EXILF,Male,0,Yes,Yes,34,Yes,Yes,Fiber optic,No,Yes,Yes,No,Yes,Yes,One year,No,Bank transfer (automatic),112.45,3945.52,Yes
9464-PTGPE,Male,0,No,No,56,Yes,No,No,No internet service,No internet service,No internet service,No internet service,No internet service,No internet service,Two year,Yes,Bank transfer (automatic),26.4,1537.39,No
2002-JMABC,Female,0,No,Yes,35,No,No phone service,No,No internet service,No internet service,No internet service,No internet service,No internet service,No internet service,Month-to-month,Yes,Credit card (automatic),18.25,608.73,No
9498-CYZCF,Male,0,No,No,3,No,No phone service,No,No internet service,No internet service,No internet service,No internet service,No internet service,No internet service,One year,Yes,Electronic check,20.52,64.08,Yes
2870-FIJWQ,Female,0,Yes,No,66,Yes,No,DSL,No,Yes,Yes,No,No,Yes,Two year,Yes,Bank transfer (automatic),68.4,4564.98,No
5701-AMOGO,Male,0,Yes,Yes,68,No,No phone service,Fiber optic,Yes,Yes,No,No,No,Yes,Month-to-month,No,Credit card (automatic),82.53,5664.92,Yes
7260-SVFNE,Male,1,Yes,Yes,11,Yes,No,DSL,No,No,No,Yes,Yes,No,Month-to-month,Yes,Electronic check,62.94,679.59,Yes
4860-ACLGE,Female,0,No,No,60,Yes,No,No,No internet service,No internet service,No internet service,No internet service,No internet service,No internet service,Two year,Yes,Bank transfer (automatic),22.79,1311.16,No
7125-SGPVT,Female,0,No,No,33,Yes,No,Fiber optic,No,Yes,Yes,No,No,No,Month-to-month,No,Mailed check,81.16,2737.74,Yes
2733-FWPDK,Male,0,No,No,3,Yes,Yes,DSL,No,No,No,No,No,Yes,Month-to-month,No,Electronic check,70.55,206.6,No
5862-DMTKZ,Female,0,Yes,Yes,22,Yes,No,DSL,Yes,Yes,No,No,Yes,No,One year,Yes,Electronic check,67.32,1476.96,No
9337-DDLRH,Female,0,No,No,2,Yes,No,Fiber optic,No,Yes,No,No,Yes,No,Month-to-month,No,Credit card (automatic),85.79,167.44,Yes
4782-NZXJQ,Male,0,Yes,No,60,Yes,No,Fiber optic,No,No,No,Yes,No,Yes,One year,Yes,Bank transfer (automatic),83.34,4988.65,No
3372-BVPWO,Female,0,Yes,Yes,7,Yes,Yes,DSL,No,Yes,Yes,Yes,No,Yes,Month-to-month,Yes,Mailed check,84.43,585.99,No
5329-FZCBM,Male,0,No,No,5,Yes,Yes,Fiber optic,No,No,No,No,No,No,Month-to-month,No,Credit card (automatic),77.5,390.24,No
1619-SBQKK,Male,0,Yes,No,8,Yes,No,No,No internet service,No internet service,No internet service,No internet service,No internet service,No internet service,Month-to-month,Yes,Bank transfer (automatic),23.63,191.28,No
1684-UHMOT,Male,0,No,No,9,No,No phone service,DSL,No,Yes,No,Yes,No,Yes,Month-to-month,No,Electronic check,67.93,603.39,Yes
7681-NKFPW,Female,0,Yes,No,50,Yes,Yes,DSL,No,Yes,No,Yes,No,Yes,One year,No,Mailed check,78.83,4017.13,Yes
2738-FETVM,Male,0,Yes,No,47,Yes,Yes,Fiber optic,Yes,No,Yes,Yes,Yes,Yes,Two year,No,Bank transfer (automatic),117.49,5543.68,No
2460-CVZRI,Female,1,No,Yes,3,No,No phone service,Fiber optic,No,Yes,Yes,No,No,No,Month-to-month,Yes,Bank transfer (automatic),71.96,210.16,Yes
6971-PFQFV,Male,0,Yes,No,55,Yes,Yes,DSL,Yes,No,No,No,No,No,One year,No,Bank transfer (automatic),63.03,3338.27,No
1026-JEGYH,Male,0,Yes,Yes,18,Yes,No,No,No internet service,No internet service,No internet service,No internet service,No internet service,No internet service,One year,Yes,Mailed check,25.86,458.04,No
2929-XVCZE,Female,0,Yes,Yes,28,Yes,Yes,Fiber optic,No,No,No,No,No,Yes,Month-to-month,Yes,Electronic check,86.76,2528.42,Yes
2191-IMIZD,Female,1,Yes,No,3,Yes,No,No,No internet service,No internet service,No internet service,No internet service,No internet service,No internet service,Month-to-month,Yes,Mailed check,24.33,72.66,No
9707-PGHHT,Male,1,No,No,53,Yes,Yes,Fiber optic,Yes,Yes,Yes,No,No,Yes,Two year,Yes,Bank transfer (automatic),107.01,5807.81,No
8381-IKUOC,Male,0,No,No,20,Yes,Yes,Fiber optic,Yes,Yes,No,No,Yes,Yes,Two year,Yes,Mailed check,107.05,2189.65,Yes
8704-DIMIF,Female,1,No,No,46,Yes,No,DSL,No,Yes,Yes,Yes,No,Yes,Two year,No,Electronic check,71.05,3413.46,No
6685-DUOJW,Male,0,Yes,No,24,No,No phone service,No,No internet service,No internet service,No internet service,No internet service,No internet service,No internet service,One year,Yes,Electronic check,22.65,521.1,No
4778-WPZNL,Female,1,Yes,No,2,Yes,No,DSL,Yes,No,No,No,Yes,No,Month-to-month,Yes,Credit card (automatic),62.08,126.84,Yes
6025-SQEYR,Female,0,No,No,53,Yes,Yes,DSL,Yes,No,No,No,No,Yes,Two year,No,Electronic check,75.95,4142.36,No
2171-ZCPPG,Female,1,Yes,No,38,Yes,No,DSL,Yes,Yes,Yes,Yes,Yes,No,Month-to-month,Yes,Bank transfer (automatic),81.02,3195.61,No
9302-ELMQD,Female,1,Yes,No,25,Yes,No,Fiber optic,No,No,No,No,No,No,One year,No,Bank transfer (automatic),72.73,1822.72,Yes
7586-HXNRW,Female,0,No,No,7,Yes,Yes,Fiber optic,No,No,No,No,Yes,No,One year,Yes,Bank transfer (automatic),89.63,603.85,No
9583-YYVTD,Male,1,Yes,No,45,Yes,No,DSL,No,No,Yes,No,No,No,Month-to-month,No,Electronic check,53.88,2320.54,No
3116-UMSBF,Male,0,No,No,12,Yes,No,Fiber optic,No,Yes,No,No,Yes,Yes,One year,Yes,Electronic check,98.79,1137.79,Yes
1188-RGJHX,Male,0,Yes,Yes,25,Yes,No,DSL,Yes,No,No,Yes,Yes,No,Month-to-month,Yes,Bank transfer (automatic),66.36,1611.02,No
4236-IQMBM,Male,0,No,No,2,Yes,No,DSL,No,No,Yes,Yes,No,Yes,Month-to-month,Yes,Electronic check,71.12,136.04,No
7668-QDRJC,Female,0,Yes,Yes,59,Yes,No,No,No internet service,No internet service,No internet service,No internet service,No internet service,No internet service,Month-to-month,Yes,Bank transfer (automatic),26.62,1541.29,No
6278-ITJEM,Male,1,No,Yes,2,Yes,Yes,Fiber optic,Yes,No,No,Yes,Yes,Yes,Month-to-month,No,Credit card (automatic),106.86,218.08,Yes
8053-BHMWF,Female,0,Yes,Yes,70,Yes,No,Fiber optic,Yes,Yes,Yes,No,No,Yes,One year,No,Mailed check,93.18,6612.42,No
6729-XINZK,Female,0,No,No,68,No,No phone service,DSL,Yes,No,Yes,Yes,Yes,Yes,One year,No,Mailed check,77.29,5398.53,No
2872-KBURY,Female,0,Yes,Yes,72,Yes,No,DSL,No,No,Yes,Yes,No,Yes,Two year,Yes,Electronic check,68.72,4907.35,No
7242-RIPUO,Female,0,No,No,70,Yes,No,DSL,No,No,No,No,No,No,Month-to-month,Yes,Electronic check,53.64,3880.31,No
9734-TBSFJ,Female,0,No,No,72,Yes,No,DSL,No,No,No,Yes,Yes,Yes,Month-to-month,Yes,Credit card (automatic),74.65,5418.97,No
1699-ROOPT,Male,0,Yes,Yes,70,Yes,No,Fiber optic,No,No,Yes,Yes,No,No,Month-to-month,Yes,Electronic check,80.69,5563.25,No
4083-MBBOW,Female,0,Yes,Yes,3,Yes,No,Fiber optic,No,No,No,No,Yes,No,Month-to-month,No,Electronic check,81.99,235.26,Yes
6769-FNQIS,Male,0,No,No,25,Yes,No,Fiber optic,No,Yes,No,Yes,No,No,One year,No,Credit card (automatic),78.39,1908.71,No
5305-LJEIB,Female,0,Yes,No,2,Yes,Yes,Fiber optic,No,No,Yes,No,Yes,No,Month-to-month,No,Bank transfer (automatic),97.51,193.39,Yes
9351-LWYPV,Male,0,No,No,37,Yes,Yes,DSL,No,Yes,No,Yes,No,Yes,Two year,No,Electronic check,83.96,3053.1,No
3551-LJHXI,Male,0,Yes,No,35,Yes,Yes,Fiber optic,Yes,No,Yes,No,No,No,Month-to-month,No,Mailed check,90.33,3088.77,Yes
8087-RPPDW,Male,0,No,Yes,70,Yes,Yes,DSL,Yes,No,Yes,No,No,Yes,Month-to-month,Yes,Bank transfer (automatic),81.06,5497.1,No
1393-IHSCZ,Female,0,Yes,Yes,72,Yes,No,Fiber optic,Yes,No,Yes,No,Yes,Yes,Two year,Yes,Mailed check,98.35,7232.33,No
4726-FLBDT,Female,1,No,No,11,Yes,No,Fiber optic,No,Yes,No,No,No,No,One year,Yes,Bank transfer (automatic),72.19,792.7,Yes
5274-IWTQP,Male,0,Yes,Yes,41,Yes,Yes,Fiber optic,Yes,No,Yes,No,Yes,Yes,Month-to-month,No,Electronic check,110.96,4641.44,Yes
8401-MDRKY,Male,0,Yes,Yes,28,Yes,No,Fiber optic,No,Yes,No,No,Yes,No,Month-to-month,Yes,Electronic check,82.93,2333.52,Yes
1001-NJRRR,Male,0,Yes,Yes,37,Yes,No,DSL,Yes,Yes,Yes,No,Yes,No,Two year,Yes,Credit card (automatic),74.56,2687.42,No
4029-QDMHS,Male,0,No,Yes,35,Yes,No,No,No internet service,No internet service,No internet service,No internet service,No internet service,No internet service,One year,Yes,Bank transfer (automatic),24.99,907.71,No
5204-GYJJB,Female,0,Yes,No,70,Yes,Yes,No,No internet service,No internet service,No internet service,No internet service,No internet service,No internet service,Two year,No,Electronic check,31.11,2078.43,No
4120-OSIDO,Male,0,Yes,Yes,70,No,No phone service,Fiber optic,No,No,Yes,No,Yes,No,Two year,Yes,Electronic check,79.22,5733.17,No
9173-OIOQY,Female,0,No,No,3,Yes,Yes,No,No internet service,No internet service,No internet service,No internet service,No internet service,No internet service,Month-to-month,Yes,Electronic check,34.1,104.6,Yes
4020-UUROO,Male,0,Yes,No,17,Yes,No,No,No internet service,No internet service,No internet service,No internet service,No internet service,No internet service,Month-to-month,Yes,Mailed check,22.67,403.06,Yes
2512-CKHGA,Female,0,No,Yes,57,Yes,No,Fiber optic,No,Yes,No,No,Yes,No,Month-to-month,Yes,Credit card (automatic),81.26,4527.21,Yes
6628-IOAAS,Male,1,No,No,51,Yes,Yes,DSL,No,No,No,No,Yes,Yes,Two year,No,Bank transfer (automatic),77.15,3787.92,No
1390-NOUGI,Female,1,No,No,46,Yes,No,DSL,No,Yes,No,No,Yes,No,One year,Yes,Electronic check,67.75,3158.01,No
6431-BJEDO,Female,0,Yes,Yes,72,Yes,No,Fiber optic,No,Yes,No,No,Yes,No,Month-to-month,No,Credit card (automatic),82.27,5996.33,No
2389-TGHHH,Male,0,No,Yes,17,Yes,No,Fiber optic,Yes,Yes,No,Yes,No,Yes,One year,Yes,Bank transfer (automatic),97.21,1707.06,No
4290-FCJLJ,Male,0,Yes,No,34,Yes,Yes,Fiber optic,Yes,Yes,No,Yes,No,Yes,Month-to-month,Yes,Mailed check,102.51,3463.76,Yes
1816-IDSAJ,Male,0,No,No,72,Yes,No,Fiber optic,No,No,No,No,Yes,Yes,One year,No,Electronic check,90.28,6563.46,No
5890-KEYQT,Male,0,Yes,Yes,52,Yes,Yes,DSL,No,No,Yes,Yes,No,No,Month-to-month,Yes,Bank transfer (automatic),70.68,3718.24,No
8544-KBOLL,Male,0,Yes,Yes,48,Yes,Yes,Fiber optic,No,No,Yes,No,No,No,One year,Yes,Electronic check,86.79,3988.97,Yes
5309-YAEQA,Male,1,Yes,No,4,Yes,Yes,DSL,No,No,Yes,Yes,No,No,Month-to-month,Yes,Credit card (automatic),66.76,257.79,Yes
1683-WRWFZ,Male,1,No,No,10,Yes,Yes,No,No internet service,No internet service,No internet service,No internet service,No internet service,No internet service,Month-to-month,Yes,Electronic check,35.87,352.43,No
5018-KKCSX,Male,0,No,No,20,Yes,No,DSL,Yes,No,Yes,No,Yes,No,Month-to-month,Yes,Electronic check,71.21,1369.01,Yes
4787-DHEEM,Male,1,Yes,Yes,28,Yes,No,Fiber optic,Yes,No,Yes,Yes,No,No,Month-to-month,Yes,Electronic check,88.52,2471.36,No
1569-YWASE,Male,0,No,No,32,Yes,Yes,Fiber optic,No,Yes,Yes,No,Yes,No,Month-to-month,Yes,Bank transfer (automatic),98.79,3310.05,Yes
8566-SKOLC,Male,0,Yes,Yes,70,Yes,Yes,No,No internet service,No internet service,No internet service,No internet service,No internet service,No internet service,Two year,No,Mailed check,35.99,2520.12,No
5332-FMWTT,Female,0,No,No,3,Yes,Yes,Fiber optic,No,No,Yes,Yes,Yes,Yes,Month-to-month,Yes,Credit card (automatic),112.31,351.15,Yes
7466-OQFXS,Female,0,No,Yes,10,Yes,No,Fiber optic,No,Yes,No,No,No,No,Month-to-month,No,Mailed check,77.63,747.5,Yes
7852-JYBIK,Female,1,No,No,4,Yes,No,DSL,No,No,No,Yes,No,Yes,Month-to-month,Yes,Electronic check,63.41,247.15,No
9625-VWSYM,Male,0,Yes,No,56,Yes,No,No,No internet service,No internet service,No internet service,No internet service,No internet service,No internet service,Two year,Yes,Credit card (automatic),23.68,1324.33,No
7363-RQITG,Male,0,Yes,Yes,72,Yes,No,Fiber optic,Yes,No,Yes,No,No,No,Month-to-month,Yes,Credit card (automatic),82.31,5940.45,No
7826-KVFOB,Male,0,No,No,70,Yes,Yes,No,No internet service,No internet service,No internet service,No internet service,No internet service,No internet service,Two year,Yes,Bank transfer (automatic),35.67,2529.54,No
3552-BLKQF,Female,1,Yes,Yes,55,No,No phone service,DSL,Yes,Yes,No,No,No,Yes,One year,Yes,Electronic check,61.72,3299.56,No
6629-ONXYS,Female,1,Yes,No,1,Yes,Yes,Fiber optic,No,No,No,No,Yes,No,Month-to-month,Yes,Electronic check,88.31,85.83,Yes
2224-CZDPG,Male,0,No,No,18,Yes,No,Fiber optic,No,No,No,No,No,Yes,Month-to-month,Yes,Credit card (automatic),81.25,1492.94,Yes
4741-GRDBN,Female,0,No,No,67,Yes,Yes,Fiber optic,No,Yes,Yes,No,No,No,Month-to-month,Yes,Mailed check,89.09,6083.2,No
9107-AGSAX,Female,1,Yes,Yes,48,Yes,Yes,DSL,No,Yes,No,No,Yes,No,Month-to-month,Yes,Bank transfer (automatic),76.06,3782.84,No
9035-CXUWZ,Female,0,Yes,Yes,8,Yes,Yes,DSL,No,No,Yes,Yes,Yes,Yes,Two year,No,Electronic check,93.84,725.49,No
5047-YHKGZ,Male,1,Yes,No,28,Yes,Yes,Fiber optic,No,Yes,Yes,No,No,No,Two year,Yes,Mailed check,93.02,2678.18,No
6505-ZJLNR,Male,1,No,No,2,No,No phone service,Fiber optic,No,Yes,No,No,No,Yes,Month-to-month,Yes,Electronic check,77.86,155.99,No
1818-SWZLW,Male,0,No,No,34,Yes,Yes,Fiber optic,No,No,No,No,Yes,No,Month-to-month,Yes,Electronic check,86.93,2901.83,Yes
3176-CUZLA,Male,0,No,No,70,Yes,Yes,DSL,No,No,No,No,No,Yes,Two year,No,Credit card (automatic),71.68,5211.9,No
1913-YJIDB,Female,0,No,Yes,1,Yes,No,Fiber optic,No,No,Yes,No,Yes,No,Month-to-month,No,Credit card (automatic),81.25,82.63,Yes
9945-KPSKR,Male,0,No,Yes,44,Yes,No,Fiber optic,No,Yes,No,No,No,Yes,Two year,Yes,Bank transfer (automatic),83.96,3742.49,No
4043-IPGNF,Female,0,Yes,Yes,9,Yes,No,Fiber optic,No,Yes,No,No,No,Yes,One year,Yes,Bank transfer (automatic),82.38,748.78,Yes
8936-URSBD,Male,1,Yes,No,72,Yes,No,DSL,No,Yes,No,No,Yes,No,One year,Yes,Credit card (automatic),61.09,4492.27,No
6967-HPFQA,Male,1,No,No,2,Yes,Yes,Fiber optic,No,No,No,No,No,No,Month-to-month,Yes,Credit card (automatic),82.33,166.76,Yes
7654-IINHS,Male,0,Yes,No,44,Yes,Yes,DSL,No,Yes,Yes,No,Yes,No,Month-to-month,Yes,Credit card (automatic),82.66,3798.74,No
8151-QIFXT,Male,0,No,No,10,Yes,No,DSL,Yes,Yes,Yes,No,No,No,Month-to-month,No,Bank transfer (automatic),62.81,623.65,Yes
3186-COAGA,Female,0,No,Yes,69,Yes,Yes,DSL,Yes,No,Yes,No,No,Yes,Two year,No,Credit card (automatic),79.69,5743.49,No
6206-RTJLA,Female,1,No,No,3,Yes,No,DSL,No,No,Yes,Yes,No,Yes,Month-to-month,No,Bank transfer (automatic),71.13,216.02,Yes
4610-OCHPJ,Female,0,Yes,Yes,25,Yes,No,No,No internet service,No internet service,No internet service,No internet service,No internet service,No internet service,One year,Yes,Bank transfer (automatic),24.03,582.23,No
5857-WBKBA,Female,1,No,Yes,6,No,No phone service,Fiber optic,No,No,No,No,Yes,Yes,Month-to-month,Yes,Mailed check,87.84,517.77,Yes
1528-GKDEF,Male,0,No,No,62,Yes,Yes,Fiber optic,No,No,Yes,No,Yes,No,Two year,Yes,Bank transfer (automatic),95.65,5953.05,No
7176-WMVUQ,Female,0,No,No,18,Yes,Yes,Fiber optic,No,Yes,No,No,Yes,No,One year,Yes,Electronic check,93.78,1620.62,Yes
2079-KOMTJ,Male,0,Yes,No,6,Yes,No,Fiber optic,No,No,Yes,No,Yes,No,One year,Yes,Credit card (automatic),87.54,535.43,Yes
1690-PXRNC,Female,0,No,No,55,Yes,No,No,No internet service,No internet service,No internet service,No internet service,No internet service,No internet service,Two year,No,Mailed check,22.22,1238.67,No
3161-DNSMY,Female,0,No,No,63,Yes,Yes,DSL,No,Yes,Yes,Yes,Yes,No,Two year,No,Credit card (automatic),81.88,5194.17,No
4802-RSOOD,Male,1,Yes,No,28,Yes,No,DSL,No,No,No,Yes,No,No,Two year,No,Mailed check,58.66,1670.19,No
7547-MDMDC,Male,0,Yes,No,20,Yes,No,No,No internet service,No internet service,No internet service,No internet service,No internet service,No internet service,One year,Yes,Mailed check,26.78,558.43,No
3303-BMVHW,Female,1,No,No,46,Yes,Yes,No,No internet service,No internet service,No internet service,No internet service,No internet service,No internet service,One year,Yes,Credit card (automatic),37.97,1693.65,No
4146-SRJEX,Male,0,Yes,Yes,48,Yes,No,Fiber optic,No,Yes,Yes,Yes,No,Yes,One year,No,Mailed check,98.61,4920.0,No
8282-BHSGQ,Male,0,Yes,No,49,Yes,No,Fiber optic,No,Yes,No,No,Yes,No,Two year,No,Electronic check,85.9,4016.57,Yes
6397-AZUGO,Male,0,Yes,No,12,Yes,No,DSL,No,No,Yes,No,Yes,No,Two year,Yes,Electronic check,64.53,787.67,Yes
4190-TIWEG,Female,0,No,No,71,Yes,Yes,Fiber optic,No,No,No,Yes,Yes,Yes,One year,No,Credit card (automatic),108.82,7889.27,No
2586-JIJTW,Male,1,Yes,Yes,8,Yes,No,Fiber optic,Yes,Yes,No,Yes,Yes,No,Month-to-month,Yes,Bank transfer (automatic),95.81,756.81,Yes
4611-SADKM,Female,0,Yes,No,20,Yes,No,DSL,No,Yes,No,No,No,Yes,Month-to-month,No,Bank transfer (automatic),68.88,1437.56,Yes
2351-EFWTN,Female,0,Yes,No,12,Yes,No,Fiber optic,No,Yes,No,No,Yes,Yes,Month-to-month,Yes,Bank transfer (automatic),93.02,1081.37,Yes
3086-TUOSB,Female,1,No,No,71,Yes,Yes,DSL,No,No,Yes,No,Yes,No,Two year,No,Bank transfer (automatic),78.18,5769.26,No
1009-XZYJH,Male,1,No,No,64,Yes,Yes,No,No internet service,No internet service,No internet service,No internet service,No internet service,No internet service,Month-to-month,Yes,Electronic check,34.71,2172.63,Yes
3774-ZEYWG,Female,0,No,No,63,Yes,Yes,No,No internet service,No internet service,No internet service,No internet service,No internet service,No internet service,Month-to-month,Yes,Electronic check,32.83,2096.89,No
1695-YOCSR,Male,0,No,Yes,1,Yes,No,No,No internet service,No internet service,No internet service,No internet service,No internet service,No internet service,Two year,Yes,Mailed check,27.16,26.47,No
7365-DRZUG,Female,0,No,No,51,Yes,No,Fiber optic,No,No,No,Yes,Yes,No,One year,Yes,Bank transfer (automatic),82.03,4320.0,No
4457-YZFIY,Female,0,Yes,Yes,9,Yes,Yes,DSL,No,No,No,No,No,No,Month-to-month,Yes,Electronic check,63.76,553.34,Yes
6137-LSHAN,Female,0,No,No,72,Yes,Yes,DSL,No,Yes,No,No,Yes,Yes,Two year,Yes,Credit card (automatic),88.88,6462.92,No
6745-ZETFR,Female,1,Yes,Yes,35,Yes,Yes,DSL,No,Yes,No,No,No,Yes,Two year,Yes,Electronic check,77.59,2827.52,No
4097-VNHXV,Female,0,No,No,39,Yes,No,Fiber optic,No,Yes,No,No,Yes,Yes,One year,Yes,Credit card (automatic),92.98,3481.74,No
6761-YPVEE,Male,0,Yes,No,18,Yes,No,No,No internet service,No internet service,No internet service,No internet service,No internet service,No internet service,One year,Yes,Electronic check,25.09,472.72,No
9347-FMQOD,Female,0,No,No,36,Yes,No,DSL,No,Yes,No,Yes,No,Yes,One year,Yes,Electronic check,70.7,2530.97,No
2386-ASUDS,Male,1,No,No,57,No,No phone service,No,No internet service,No internet service,No internet service,No internet service,No internet service,No internet service,Two year,Yes,Mailed check,21.76,1186.99,No
6738-WAKRR,Male,0,No,No,39,Yes,No,Fiber optic,Yes,No,No,No,Yes,Yes,Two year,Yes,Mailed check,93.28,3814.56,No
5980-ECLYT,Male,0,No,Yes,47,No,No phone service,DSL,No,No,No,No,No,No,One year,Yes,Electronic check,48.49,2288.82,No
3400-KWGFF,Female,0,No,No,29,Yes,No,Fiber optic,No,Yes,Yes,No,Yes,No,One year,Yes,Electronic check,92.85,2666.11,Yes
5517-IJTNN,Male,0,Yes,Yes,54,Yes,Yes,No,No internet service,No internet service,No internet service,No internet service,No internet service,No internet service,Two year,Yes,Credit card (automatic),33.35,1850.0,No
3261-SVMFQ,Female,0,Yes,No,70,Yes,No,DSL,Yes,No,Yes,No,Yes,No,Two year,No,Credit card (automatic),69.02,4603.15,No
1890-CAREM,Female,0,Yes,No,2,Yes,Yes,No,No internet service,No internet service,No internet service,No internet service,No internet service,No internet service,Month-to-month,Yes,Bank transfer (automatic),31.14,62.94,Yes
5919-DVKSK,Female,0,Yes,No,3,Yes,Yes,Fiber optic,Yes,Yes,No,No,Yes,Yes,Month-to-month,Yes,Bank transfer (automatic),113.14,343.88,Yes
7687-SXXXQ,Female,0,Yes,No,51,No,No phone service,DSL,Yes,Yes,No,Yes,Yes,No,One year,No,Mailed check,73.06,3771.83,No
1660-DVHVS,Male,0,Yes,No,20,Yes,No,Fiber optic,No,Yes,Yes,No,No,Yes,Month-to-month,Yes,Bank transfer (automatic),87.76,1767.66,Yes
9042-BCSTY,Female,1,No,No,12,Yes,No,Fiber optic,No,Yes,Yes,No,No,No,Month-to-month,No,Electronic check,83.71,991.45,Yes
5030-KENSH,Female,0,No,No,6,Yes,Yes,DSL,No,Yes,Yes,No,Yes,Yes,One year,Yes,Electronic check,93.7,580.41,Yes
1740-ZNQAY,Female,1,Yes,Yes,40,Yes,No,DSL,Yes,Yes,Yes,Yes,Yes,No,Two year,Yes,Bank transfer (automatic),79.53,3296.64,No
3180-DJXQJ,Male,0,Yes,No,18,Yes,No,Fiber optic,No,No,No,No,Yes,Yes,One year,Yes,Credit card (automatic),86.93,1507.05,Yes
6471-PKVDR,Male,0,No,No,33,Yes,Yes,DSL,No,No,Yes,Yes,No,Yes,One year,Yes,Electronic check,82.47,2795.44,No
8034-YNBGQ,Female,0,Yes,Yes,71,Yes,No,Fiber optic,No,No,Yes,No,No,Yes,Two year,No,Bank transfer (automatic),84.65,6221.82,No
3904-ZSRZH,Male,0,No,No,58,Yes,No,DSL,No,No,No,No,Yes,Yes,Two year,Yes,Bank transfer (automatic),66.08,3962.68,No
2884-ONBTR,Male,0,Yes,No,61,Yes,Yes,Fiber optic,Yes,No,Yes,No,No,Yes,Month-to-month,Yes,Credit card (automatic),102.73,6152.14,No
1392-VJNKQ,Male,0,No,No,3,No,No phone service,Fiber optic,No,No,No,Yes,No,No,Month-to-month,No,Credit card (automatic),72.78,213.21,Yes
5588-BYMZG,Male,1,Yes,Yes,16,Yes,Yes,No,No internet service,No internet service,No internet service,No internet service,No internet service,No internet service,Month-to-month,Yes,Bank transfer (automatic),33.13,522.77,No
1126-CHPFM,Male,0,Yes,Yes,3,Yes,No,Fiber optic,No,No,No,No,No,Yes,Month-to-month,Yes,Bank transfer (automatic),80.65,238.64,Yes
4456-DWNPY,Female,0,No,No,72,Yes,Yes,DSL,No,Yes,Yes,No,No,Yes,One year,Yes,Credit card (automatic),83.04,5979.3,No
5138-YIJRT,Female,0,Yes,Yes,51,Yes,No,Fiber optic,Yes,No,Yes,No,No,No,Two year,Yes,Credit card (automatic),80.74,3937.73,No
6083-IRJHM,Male,0,Yes,Yes,1,Yes,No,Fiber optic,Yes,No,Yes,No,No,Yes,Month-to-month,No,Electronic check,86.97,87.13,Yes
7176-YVRXL,Male,0,Yes,Yes,29,Yes,No,Fiber optic,No,No,Yes,No,No,Yes,Two year,No,Electronic check,82.76,2389.57,No
7275-BFQGW,Female,0,No,No,11,Yes,No,Fiber optic,No,No,Yes,Yes,Yes,No,Month-to-month,No,Mailed check,90.64,961.99,No
4855-RSDYL,Male,0,Yes,Yes,36,Yes,Yes,DSL,Yes,No,Yes,Yes,No,No,One year,Yes,Electronic check,73.28,2648.0,No
2238-OCFIC,Female,1,No,No,6,Yes,Yes,DSL,No,Yes,No,No,Yes,Yes,One year,No,Electronic check,83.71,508.49,No
9579-DEOFU,Male,0,No,No,2,Yes,No,DSL,No,No,Yes,Yes,No,Yes,Month-to-month,Yes,Electronic check,73.86,145.06,Yes
2650-EVTPG,Male,0,No,No,16,Yes,No,Fiber optic,Yes,No,Yes,No,Yes,Yes,Month-to-month,No,Bank transfer (automatic),98.08,1527.93,No
1189-OSLWT,Female,0,Yes,No,13,Yes,Yes,No,No internet service,No internet service,No internet service,No internet service,No internet service,No internet service,One year,No,Electronic check,34.34,424.59,No
6310-EIADZ,Female,0,No,No,54,Yes,Yes,Fiber optic,No,No,Yes,No,No,Yes,One year,Yes,Mailed check,94.53,5109.51,Yes
5940-PVHSC,Female,1,No,No,29,Yes,No,Fiber optic,No,Yes,Yes,No,No,Yes,Month-to-month,Yes,Credit card (automatic),87.86,2433.14,No
8149-JGZGG,Male,1,Yes,Yes,13,Yes,Yes,No,No internet service,No internet service,No internet service,No internet service,No internet service,No internet service,Month-to-month,No,Bank transfer (automatic),37.02,481.55,Yes
9634-EKOCZ,Male,0,Yes,No,39,Yes,Yes,No,No internet service,No internet service,No internet service,No internet service,No internet service,No internet service,Two year,No,Electronic check,34.18,1368.65,No
9554-QUONJ,Female,0,No,No,2,Yes,Yes,DSL,No,Yes,No,No,Yes,No,Month-to-month,No,Bank transfer (automatic),73.48,151.65,Yes
9490-JHOHS,Female,0,No,No,49,Yes,No,DSL,Yes,Yes,No,No,Yes,No,Two year,Yes,Electronic check,72.2,3369.28,No
9496-HFPAJ,Male,1,Yes,Yes,4,Yes,Yes,Fiber optic,No,No,No,No,No,No,Month-to-month,Yes,Electronic check,82.61,327.33,No
5312-LWCWN,Female,0,No,Yes,12,No,No phone service,Fiber optic,No,Yes,No,No,No,Yes,Month-to-month,No,Mailed check,79.99,979.29,Yes
6365-WYKRP,Female,0,No,No,12,Yes,Yes,Fiber optic,Yes,No,No,Yes,Yes,No,One year,No,Electronic check,102.72,1188.82,Yes
6279-UIBYG,Female,0,Yes,Yes,28,Yes,No,No,No internet service,No internet service,No internet service,No internet service,No internet service,No internet service,Month-to-month,Yes,Mailed check,28.88,806.61,No
2180-FETAR,Male,0,Yes,Yes,71,Yes,No,Fiber optic,No,Yes,Yes,Yes,Yes,No,One year,Yes,Credit card (automatic),94.47,6863.85,No
2104-VMLJA,Female,0,No,No,16,Yes,Yes,DSL,Yes,No,Yes,Yes,Yes,No,Month-to-month,No,Mailed check,82.42,1271.54,Yes
4027-UZILP,Male,0,Yes,Yes,12,Yes,Yes,Fiber optic,No,No,Yes,Yes,Yes,No,Month-to-month,Yes,Electronic check,102.04,1249.15,Yes
1027-FFEFY,Female,0,No,No,5,Yes,No,No,No internet service,No internet service,No internet service,No internet service,No internet service,No internet service,Month-to-month,Yes,Electronic check,27.08,141.84,Yes
9045-GVUFH,Male,0,No,No,21,No,No phone service,DSL,No,Yes,Yes,No,Yes,No,One year,No,Mailed check,66.77,1364.43,No
1142-ITJLU,Female,0,Yes,Yes,6,Yes,No,No,No internet service,No internet service,No internet service,No internet service,No internet service,No internet service,Month-to-month,Yes,Mailed check,22.96,135.43,No
6549-XNOEE,Male,0,Yes,No,3,Yes,No,No,No internet service,No internet service,No internet service,No internet service,No internet service,No internet service,Month-to-month,No,Bank transfer (automatic),25.73,73.4,No
9425-GQPHQ,Male,1,Yes,No,67,Yes,Yes,Fiber optic,No,No,No,No,No,No,Two year,No,Credit card (automatic),78.64,5207.95,No
5964-YAIFT,Male,0,Yes,Yes,2,Yes,Yes,DSL,No,No,No,No,No,Yes,Month-to-month,Yes,Electronic check,73.16,146.05,Yes
8086-IGNST,Male,0,No,No,53,Yes,No,DSL,No,No,No,No,No,No,Two year,No,Bank transfer (automatic),47.38,2460.79,No
1483-DFXSK,Male,0,No,Yes,7,Yes,No,DSL,No,Yes,No,Yes,Yes,Yes,Month-to-month,No,Bank transfer (automatic),81.1,577.59,Yes
7476-WJPFP,Male,0,No,No,1,Yes,No,Fiber optic,No,Yes,Yes,No,Yes,Yes,Month-to-month,No,Mailed check,102.57,98.71,Yes
6085-WSLOK,Female,0,No,No,61,Yes,Yes,DSL,Yes,Yes,Yes,No,Yes,No,One year,Yes,Electronic check,81.8,5071.39,No
9630-SMFOP,Female,0,No,Yes,53,Yes,Yes,No,No internet service,No internet service,No internet service,No internet service,No internet service,No internet service,Month-to-month,No,Bank transfer (automatic),37.83,2072.52,No
9949-HIOBG,Female,0,No,No,17,Yes,Yes,Fiber optic,Yes,No,Yes,No,Yes,Yes,Two year,Yes,Electronic check,110.1,1863.29,No
4577-FQVQM,Male,0,No,No,2,Yes,No,No,No internet service,No internet service,No internet service,No internet service,No internet service,No internet service,Month-to-month,Yes,Mailed check,28.12,54.63,Yes
4864-TBZEC,Male,0,No,No,19,Yes,No,No,No internet service,No internet service,No internet service,No internet service,No internet service,No internet service,Two year,No,Mailed check,27.66,545.27,No
4927-EXPOO,Male,1,Yes,Yes,6,Yes,No,No,No internet service,No internet service,No internet service,No internet service,No internet service,No internet service,Month-to-month,No,Bank transfer (automatic),21.01,127.59,Yes
5121-XAQCR,Female,1,No,No,71,Yes,No,Fiber optic,No,Yes,Yes,No,Yes,No,Month-to-month,Yes,Bank transfer (automatic),92.58,6546.96,No
6212-GLGWG,Male,0,No,No,35,No,No phone service,Fiber optic,No,Yes,Yes,Yes,Yes,Yes,Month-to-month,No,Electronic check,98.51,3516.47,No
9316-KKTKO,Female,0,No,No,72,Yes,No,No,No internet service,No internet service,No internet service,No internet service,No internet service,No internet service,Two year,Yes,Bank transfer (automatic),24.5,1810.42,No
3336-QTDTI,Male,1,No,No,18,Yes,No,Fiber optic,Yes,Yes,Yes,No,No,Yes,One year,No,Bank transfer (automatic),96.63,1738.26,Yes
7040-KGBXL,Female,1,Yes,Yes,38,Yes,Yes,Fiber optic,No,Yes,Yes,No,Yes,Yes,Two year,Yes,Bank transfer (automatic),108.7,4328.94,No
1807-MHUCL,Male,1,Yes,Yes,6,Yes,Yes,No,No internet service,No internet service,No internet service,No internet service,No internet service,No internet service,Month-to-month,Yes,Electronic check,35.4,207.73,Yes
1834-GYKQO,Male,0,Yes,Yes,62,Yes,No,DSL,No,No,No,Yes,No,Yes,Two year,Yes,Credit card (automatic),62.96,3846.31,No
9219-LNGKH,Female,0,Yes,Yes,1,Yes,No,No,No internet service,No internet service,No internet service,No internet service,No internet service,No internet service,Month-to-month,No,Electronic check,25.56,25.17,Yes
6147-OLKRX,Female,0,Yes,Yes,52,Yes,No,DSL,Yes,No,Yes,Yes,Yes,Yes,One year,No,Credit card (automatic),87.03,4419.29,No
8962-HVUWF,Female,1,No,No,21,Yes,Yes,Fiber optic,No,No,Yes,Yes,No,No,Month-to-month,Yes,Electronic check,90.83,1982.05,Yes
5065-NVWQC,Male,1,Yes,Yes,40,Yes,Yes,Fiber optic,No,No,No,No,No,No,Two year,No,Electronic check,82.24,3254.91,No
2058-FYQCB,Female,0,Yes,Yes,42,Yes,Yes,Fiber optic,No,No,Yes,No,Yes,No,One year,No,Electronic check,97.15,3914.85,No
6915-XGPDG,Female,0,No,No,53,Yes,Yes,Fiber optic,Yes,Yes,No,Yes,No,No,Two year,Yes,Electronic check,93.29,4999.09,No
6539-RBQMD,Male,0,Yes,No,7,Yes,Yes,Fiber optic,Yes,Yes,Yes,Yes,Yes,Yes,Month-to-month,Yes,Credit card (automatic),116.47,817.27,No
6605-TQYRY,Male,0,No,No,35,Yes,Yes,Fiber optic,Yes,No,Yes,No,No,Yes,One year,No,Bank transfer (automatic),98.15,3529.71,No
3160-MJYAA,Female,0,Yes,Yes,24,Yes,No,Fiber optic,No,No,No,No,No,Yes,One year,No,Mailed check,82.42,2054.46,No
1862-POXDT,Female,0,Yes,Yes,12,Yes,Yes,DSL,No,Yes,Yes,No,No,No,Two year,Yes,Credit card (automatic),70.55,871.77,No
8504-CSTDC,Female,0,Yes,No,32,No,No phone service,DSL,No,Yes,Yes,Yes,Yes,No,Month-to-month,No,Mailed check,73.73,2246.53,No
9598-TFIOP,Female,0,No,No,71,Yes,Yes,Fiber optic,No,No,No,No,No,No,One year,Yes,Electronic check,76.17,5598.22,No
7841-QJLQD,Male,0,No,No,71,Yes,No,DSL,No,Yes,No,Yes,Yes,No,One year,Yes,Electronic check,72.62,5231.52,No
1328-BRLOU,Female,0,No,No,12,Yes,Yes,No,No internet service,No internet service,No internet service,No internet service,No internet service,No internet service,Two year,Yes,Credit card (automatic),33.96,418.55,No
8176-RKTKX,Female,0,Yes,No,69,Yes,No,No,No internet service,No internet service,No internet service,No internet service,No internet service,No internet service,Two year,Yes,Credit card (automatic),28.38,1883.72,No
3686-SYWAH,Female,0,No,No,69,Yes,No,Fiber optic,No,No,Yes,No,Yes,Yes,Two year,Yes,Electronic check,98.23,6828.97,No
4209-GXQTF,Female,0,No,Yes,10,No,No phone service,Fiber optic,No,No,Yes,No,Yes,Yes,One year,Yes,Credit card (automatic),93.53,951.5,No
1466-QJAMJ,Female,0,Yes,Yes,42,No,No phone service,Fiber optic,No,Yes,Yes,Yes,Yes,No,Two year,No,Electronic check,89.56,3898.71,No
9463-WJJBI,Male,0,No,No,68,Yes,Yes,DSL,Yes,No,No,No,Yes,Yes,Two year,Yes,Bank transfer (automatic),87.94,5904.89,No
7619-PGEMK,Male,0,No,No,34,Yes,Yes,Fiber optic,No,No,Yes,No,No,No,Month-to-month,No,Electronic check,82.7,2925.4,Yes
2532-EHUNG,Male,0,Yes,Yes,19,Yes,No,No,No internet service,No internet service,No internet service,No internet service,No internet service,No internet service,One year,Yes,Electronic check,27.21,534.54,No
5984-BOHPC,Female,0,Yes,Yes,48,Yes,Yes,DSL,No,No,Yes,Yes,Yes,Yes,One year,No,Credit card (automatic),87.69,4030.67,No
9388-BNBMG,Male,0,No,No,5,Yes,Yes,Fiber optic,Yes,No,No,Yes,Yes,Yes,One year,Yes,Mailed check,107.79,545.89,No
7477-RPXMA,Female,0,Yes,Yes,5,Yes,No,No,No internet service,No internet service,No internet service,No internet service,No internet service,No internet service,One year,No,Electronic check,28.33,146.47,Yes
5931-SAXCM,Male,0,No,No,65,Yes,Yes,No,No internet service,No internet service,No internet service,No internet service,No internet service,No internet service,Two year,No,Bank transfer (automatic),36.2,2277.14,No
5863-GRXUA,Male,1,No,No,1,Yes,Yes,Fiber optic,No,No,Yes,Yes,No,Yes,Month-to-month,No,Electronic check,102.75,103.49,Yes
2588-RUGKJ,Female,1,Yes,Yes,62,Yes,Yes,DSL,No,Yes,No,No,Yes,No,One year,Yes,Electronic check,76.59,4734.19,No
3662-CEPWG,Female,0,No,No,13,Yes,Yes,DSL,No,No,Yes,No,Yes,Yes,Two year,No,Credit card (automatic),81.4,1107.72,No
9785-CAAGJ,Male,0,No,No,30,Yes,No,Fiber optic,Yes,No,No,Yes,No,Yes,One year,Yes,Credit card (automatic),87.28,2496.68,No
3588-EKMCA,Female,0,Yes,Yes,37,Yes,Yes,DSL,No,Yes,No,Yes,No,Yes,Month-to-month,Yes,Mailed check,80.32,3030.96,Yes
1414-JVQSQ,Male,0,Yes,No,59,Yes,No,Fiber optic,No,Yes,No,No,No,Yes,Two year,No,Bank transfer (automatic),83.11,4823.23,No
1043-MMNOB,Male,0,Yes,No,69,Yes,No,Fiber optic,Yes,No,No,No,No,No,Month-to-month,No,Electronic check,74.57,4903.52,Yes
3309-GFFIH,Male,0,No,No,62,Yes,No,DSL,No,Yes,No,Yes,Yes,No,Month-to-month,Yes,Credit card (automatic),67.77,4287.81,No
2855-PDMAY,Female,0,No,No,40,Yes,No,DSL,Yes,Yes,No,No,No,Yes,One year,Yes,Bank transfer (automatic),73.26,2802.92,No
7238-YIMRU,Male,0,No,No,18,Yes,Yes,Fiber optic,No,No,Yes,No,No,Yes,Two year,Yes,Electronic check,95.95,1723.76,Yes
1330-EAIQV,Female,1,No,No,35,Yes,Yes,DSL,Yes,Yes,No,No,No,Yes,Month-to-month,Yes,Bank transfer (automatic),82.94,2811.1,Yes
5161-DKORA,Female,0,Yes,Yes,1,Yes,No,Fiber optic,No,Yes,Yes,No,Yes,Yes,Month-to-month,Yes,Mailed check,100.29,101.41,Yes
8742-FCEMO,Male,1,No,No,10,Yes,No,Fiber optic,No,Yes,Yes,No,No,Yes,Month-to-month,Yes,Mailed check,93.23,930.22,Yes
4977-UYSEN,Male,0,No,Yes,19,Yes,No,Fiber optic,No,No,No,Yes,Yes,Yes,Month-to-month,No,Bank transfer (automatic),95.59,1888.07,Yes
8970-XNXNK,Male,0,No,No,15,No,No phone service,Fiber optic,No,No,No,No,No,Yes,Two year,No,Electronic check,71.71,1038.95,Yes
9734-GRNVE,Female,0,No,No,3,Yes,No,No,No internet service,No internet service,No internet service,No internet service,No internet service,No internet service,Month-to-month,Yes,Bank transfer (automatic),24.73,74.08,Yes
5074-EAKKF,Female,0,No,No,2,Yes,No,No,No internet service,No internet service,No internet service,No internet service,No internet service,No internet service,Month-to-month,Yes,Credit card (automatic),26.98,52.93,Yes
5600-SCUWE,Female,0,No,No,24,Yes,Yes,No,No internet service,No internet service,No internet service,No internet service,No internet service,No internet service,Month-to-month,Yes,Credit card (automatic),34.19,852.02,No
4996-OOYPP,Male,0,No,No,2,Yes,Yes,DSL,No,No,No,No,Yes,Yes,Month-to-month,Yes,Mailed check,83.01,171.59,Yes
3130-YXOCO,Male,0,Yes,Yes,13,Yes,No,No,No internet service,No internet service,No internet service,No internet service,No internet service,No internet service,Month-to-month,Yes,Bank transfer (automatic),21.57,274.45,No
5315-ONUKX,Male,1,No,No,29,Yes,Yes,Fiber optic,No,No,Yes,No,No,No,Two year,Yes,Electronic check,84.69,2568.57,No
4323-BLPSB,Male,0,No,No,8,Yes,Yes,No,No internet service,No internet service,No internet service,No internet service,No internet service,No internet service,One year,No,Mailed check,34.33,283.18,No
5150-SFGAA,Male,0,No,No,2,Yes,No,No,No internet service,No internet service,No internet service,No internet service,No internet service,No internet service,Month-to-month,Yes,Electronic check,25.87,53.42,Yes
3198-EPJKS,Female,1,Yes,No,25,Yes,No,No,No internet service,No internet service,No internet service,No internet service,No internet service,No internet service,Month-to-month,No,Credit card (automatic),21.78,533.76,Yes
7304-RUDJY,Female,0,No,No,27,Yes,Yes,Fiber optic,No,No,No,No,Yes,Yes,Two year,No,Bank transfer (automatic),102.63,2878.18,No
8707-SMFKU,Female,0,Yes,No,70,No,No phone service,DSL,Yes,No,Yes,No,Yes,No,One year,Yes,Electronic check,63.42,4426.62,Yes
2892-BAGKK,Male,0,Yes,Yes,3,Yes,No,No,No internet service,No internet service,No internet service,No internet service,No internet service,No internet service,Month-to-month,No,Credit card (automatic),27.84,82.43,Yes
1791-HXXXA,Male,0,No,Yes,44,Yes,Yes,Fiber optic,No,No,Yes,No,No,No,Two year,Yes,Bank transfer (automatic),81.12,3466.49,No
5099-VZXNC,Male,0,No,No,15,Yes,Yes,No,No internet service,No internet service,No internet service,No internet service,No internet service,No internet service,Two year,No,Mailed check,34.09,535.39,No
9063-VPBZN,Male,0,No,No,3,Yes,No,No,No internet service,No internet service,No internet service,No internet service,No internet service,No internet service,Two year,Yes,Bank transfer (automatic),23.08,72.48,No
2132-GOWGZ,Female,0,Yes,Yes,21,Yes,No,No,No internet service,No internet service,No internet service,No internet service,No internet service,No internet service,Two year,No,Bank transfer (automatic),24.64,517.27,No
4880-RLHHF,Male,0,No,No,24,Yes,No,DSL,Yes,Yes,Yes,No,No,No,One year,Yes,Electronic check,62.88,1581.63,Yes
1207-DFZVZ,Female,0,Yes,No,19,Yes,Yes,Fiber optic,Yes,Yes,No,No,No,Yes,Month-to-month,Yes,Credit card (automatic),96.36,1897.52,No
2088-DYEAO,Female,0,Yes,No,58,Yes,Yes,DSL,Yes,No,No,No,No,No,Two year,Yes,Bank transfer (automatic),62.98,3507.22,No
2447-LVLNO,Male,0,Yes,No,65,Yes,No,No,No internet service,No internet service,No internet service,No internet service,No internet service,No internet service,One year,Yes,Electronic check,23.51,1565.42,No
9472-CCVEV,Female,0,Yes,Yes,4,Yes,No,Fiber optic,No,Yes,Yes,No,Yes,No,Month-to-month,No,Bank transfer (automatic),93.77,390.09,Yes
8783-RYAOH,Female,0,No,No,5,Yes,No,Fiber optic,No,No,No,No,No,No,Two year,No,Credit card (automatic),68.31,341.06,No
6604-WTMMK,Male,0,Yes,No,24,Yes,Yes,No,No internet service,No internet service,No internet service,No internet service,No internet service,No internet service,Two year,Yes,Bank transfer (automatic),31.76,785.42,No
6124-KFQRW,Female,0,Yes,No,15,Yes,No,DSL,Yes,No,Yes,No,No,No,One year,Yes,Credit card (automatic),59.53,863.8,No
4600-NNNFC,Male,1,No,No,63,Yes,Yes,DSL,Yes,No,No,Yes,No,No,Month-to-month,No,Mailed check,73.22,4811.12,No
3255-PEOWD,Female,0,No,No,72,Yes,Yes,DSL,Yes,No,Yes,Yes,No,Yes,Two year,No,Mailed check,86.08,6411.32,No
5573-LDCVQ,Male,0,Yes,Yes,6,Yes,No,DSL,Yes,Yes,No,Yes,No,Yes,Month-to-month,Yes,Credit card (automatic),74.43,434.7,Yes
8050-JAGRW,Male,1,Yes,Yes,58,Yes,No,DSL,Yes,No,Yes,No,Yes,Yes,Two year,No,Mailed check,83.36,4637.94,No
2695-SBIHU,Male,1,No,Yes,43,Yes,Yes,Fiber optic,No,Yes,Yes,Yes,Yes,Yes,Two year,Yes,Electronic check,114.15,4879.56,No
9202-PYLLW,Female,0,Yes,No,47,Yes,No,Fiber optic,No,No,No,No,No,No,One year,No,Electronic check,73.11,3465.53,No
6660-WUNOQ,Male,1,Yes,Yes,11,No,No phone service,No,No internet service,No internet service,No internet service,No internet service,No internet service,No internet service,Month-to-month,Yes,Bank transfer (automatic),20.14,218.04,Yes
3063-HJHIR,Male,0,Yes,No,3,Yes,Yes,Fiber optic,Yes,Yes,No,Yes,No,No,Month-to-month,Yes,Bank transfer (automatic),97.98,288.04,Yes
7937-ZKTVX,Male,0,No,No,37,Yes,Yes,DSL,No,Yes,No,Yes,No,No,Two year,Yes,Credit card (automatic),71.76,2524.44,No
8983-ECLOP,Male,0,No,No,44,Yes,No,No,No internet service,No internet service,No internet service,No internet service,No internet service,No internet service,Month-to-month,No,Electronic check,26.26,1097.93,No
5062-HZWHJ,Female,0,No,No,72,Yes,Yes,DSL,Yes,No,No,No,No,Yes,Two year,Yes,Bank transfer (automatic),78.14,5428.64,No
9297-MGZSX,Female,0,No,No,50,Yes,Yes,DSL,No,Yes,Yes,No,Yes,Yes,One year,No,Bank transfer (automatic),93.97,4817.49,No
3700-NTOPW,Female,0,No,No,26,Yes,Yes,Fiber optic,Yes,No,Yes,No,No,No,Month-to-month,Yes,Credit card (automatic),93.19,2520.98,No
5541-ZFNVV,Female,1,Yes,No,72,Yes,No,DSL,No,No,No,Yes,No,No,Two year,No,Electronic check,51.98,3603.64,No
1195-LXJWY,Female,0,No,No,20,Yes,No,DSL,No,No,No,Yes,Yes,No,Month-to-month,No,Credit card (automatic),62.59,1278.65,Yes
9906-MSXYX,Female,0,No,No,5,Yes,Yes,Fiber optic,No,Yes,Yes,No,No,No,Month-to-month,Yes,Credit card (automatic),93.79,457.31,Yes
1565-VEKDD,Female,0,No,No,44,Yes,No,DSL,No,No,Yes,No,No,No,Two year,No,Bank transfer (automatic),54.36,2304.84,No
5413-EASJL,Male,1,Yes,Yes,11,Yes,No,DSL,Yes,Yes,Yes,Yes,Yes,Yes,Month-to-month,Yes,Credit card (automatic),87.57,953.28,No
6869-HXAJR,Male,0,Yes,Yes,70,Yes,Yes,Fiber optic,No,No,Yes,No,Yes,No,Two year,No,Mailed check,92.08,6608.22,No
8265-IWZRP,Female,0,No,No,24,Yes,No,Fiber optic,No,Yes,Yes,No,Yes,No,One year,Yes,Credit card (automatic),86.35,2081.97,No
2485-EHAGB,Female,0,Yes,Yes,4,Yes,Yes,No,No internet service,No internet service,No internet service,No internet service,No internet service,No internet service,Month-to-month,No,Electronic check,33.76,130.2,Yes
1687-XEXWL,Female,0,Yes,No,3,No,No phone service,DSL,Yes,No,No,No,No,No,Month-to-month,Yes,Mailed check,46.02,133.14,No
7381-GWLKV,Male,1,Yes,Yes,48,Yes,No,Fiber optic,No,No,No,No,Yes,No,Two year,No,Mailed check,78.32,3681.84,No
2910-ZDBIR,Female,0,Yes,Yes,19,Yes,No,DSL,No,No,No,Yes,Yes,Yes,Month-to-month,Yes,Mailed check,75.88,1465.33,No
4005-IGSES,Female,0,Yes,Yes,19,Yes,No,Fiber optic,No,No,No,No,No,Yes,One year,Yes,Electronic check,76.49,1424.13,Yes
1815-PNFBN,Male,0,Yes,No,44,Yes,No,Fiber optic,No,Yes,No,No,Yes,No,One year,No,Mailed check,82.52,3487.72,No
3606-JOMOB,Male,1,No,No,8,Yes,Yes,Fiber optic,Yes,No,No,No,Yes,Yes,Month-to-month,No,Credit card (automatic),108.08,873.42,Yes
8476-SVYVR,Male,1,Yes,Yes,4,Yes,Yes,Fiber optic,Yes,No,Yes,No,Yes,Yes,Month-to-month,Yes,Bank transfer (automatic),108.13,453.62,No
6891-EILWH,Female,0,No,No,48,Yes,No,DSL,Yes,Yes,No,No,Yes,No,Month-to-month,No,Credit card (automatic),70.01,3440.33,No
6492-SUPXL,Female,0,Yes,No,1,Yes,No,DSL,Yes,Yes,Yes,No,No,No,Month-to-month,Yes,Bank transfer (automatic),61.65,61.8,Yes
9000-VOBPT,Female,0,Yes,Yes,70,Yes,Yes,DSL,Yes,No,No,No,No,Yes,Month-to-month,No,Mailed check,75.88,5118.94,No
1292-TXWYG,Male,0,No,No,6,Yes,Yes,No,No internet service,No internet service,No internet service,No internet service,No internet service,No internet service,Month-to-month,No,Electronic check,34.95,218.68,Yes
6856-BMZMB,Female,0,No,No,27,Yes,Yes,Fiber optic,No,Yes,Yes,Yes,No,No,One year,Yes,Electronic check,96.02,2618.95,No
4846-HAYAC,Male,0,No,No,8,Yes,Yes,No,No internet service,No internet service,No internet service,No internet service,No internet service,No internet service,Month-to-month,No,Mailed check,33.69,256.23,No
7797-IJJJZ,Male,0,Yes,No,8,No,No phone service,Fiber optic,Yes,No,Yes,Yes,Yes,No,Month-to-month,Yes,Credit card (automatic),88.62,688.06,No
3800-QPVBH,Male,1,Yes,No,65,Yes,No,No,No internet service,No internet service,No internet service,No internet service,No internet service,No internet service,One year,No,Electronic check,26.4,1664.59,No
5051-VPWKM,Female,0,No,No,41,Yes,No,Fiber optic,No,Yes,Yes,No,Yes,Yes,One year,Yes,Credit card (automatic),99.06,4062.75,Yes
9349-AEVNK,Male,1,Yes,No,15,Yes,Yes,DSL,Yes,Yes,No,Yes,Yes,No,One year,No,Bank transfer (automatic),87.58,1248.23,No
9545-XHGYX,Male,0,No,No,10,Yes,Yes,Fiber optic,Yes,Yes,Yes,No,No,Yes,Month-to-month,Yes,Bank transfer (automatic),106.01,1033.69,Yes
4153-AGWEB,Male,0,No,No,8,Yes,No,Fiber optic,No,Yes,No,No,Yes,Yes,Month-to-month,Yes,Bank transfer (automatic),95.64,749.93,Yes
4956-JDEEK,Male,0,No,No,38,Yes,Yes,DSL,No,No,Yes,Yes,No,No,Two year,No,Electronic check,68.16,2484.86,No
3311-ZNRYP,Female,1,No,No,55,No,No phone service,DSL,No,Yes,No,No,Yes,Yes,One year,No,Electronic check,68.17,3931.38,No
1751-AQRYM,Female,0,Yes,No,10,Yes,No,Fiber optic,No,Yes,No,No,No,Yes,Month-to-month,No,Credit card (automatic),86.21,882.32,No
4763-PQAUV,Female,0,Yes,No,16,Yes,Yes,Fiber optic,No,No,No,No,No,No,Month-to-month,No,Mailed check,79.89,1300.77,Yes
6926-EYXJY,Female,0,No,No,54,Yes,Yes,Fiber optic,No,No,No,No,No,Yes,Two year,Yes,Electronic check,90.59,4964.22,No
9785-QDVGY,Female,0,No,No,56,Yes,No,Fiber optic,No,No,No,No,No,No,One year,Yes,Electronic check,71.44,4165.22,No
1592-VMPTT,Female,0,Yes,No,7,Yes,Yes,Fiber optic,No,No,No,No,No,Yes,Month-to-month,No,Mailed check,89.54,638.92,Yes
8013-ZTTPX,Male,0,Yes,Yes,20,Yes,Yes,DSL,Yes,Yes,Yes,Yes,No,Yes,Month-to-month,Yes,Electronic check,88.45,1800.03,Yes
8961-DBTPR,Female,0,Yes,Yes,68,Yes,Yes,DSL,Yes,No,Yes,Yes,No,No,One year,Yes,Electronic check,75.59,4985.45,No
2846-GDVLM,Male,0,No,No,56,Yes,Yes,Fiber optic,No,No,Yes,No,Yes,No,Two year,No,Bank transfer (automatic),95.4,5413.6,No
1845-YPHXQ,Female,0,Yes,No,5,Yes,No,Fiber optic,No,No,Yes,No,Yes,No,Month-to-month,No,Electronic check,81.03,399.21,Yes
4052-VZZHU,Female,1,No,No,21,Yes,Yes,Fiber optic,No,Yes,No,No,No,Yes,Month-to-month,No,Electronic check,95.0,2088.98,Yes
4677-NESKW,Male,0,No,No,72,Yes,No,Fiber optic,No,Yes,Yes,Yes,No,No,One year,No,Bank transfer (automatic),87.15,6407.53,No
9791-OCDLE,Male,1,No,No,35,Yes,No,No,No internet service,No internet service,No internet service,No internet service,No internet service,No internet service,Month-to-month,Yes,Bank transfer (automatic),25.85,868.57,Yes
2762-TKQMK,Male,0,No,No,54,Yes,Yes,Fiber optic,No,No,No,Yes,Yes,No,Month-to-month,No,Electronic check,91.29,4768.47,Yes
1296-JMOVE,Male,0,Yes,No,2,Yes,No,DSL,Yes,Yes,Yes,No,No,Yes,Month-to-month,No,Credit card (automatic),78.43,155.79,No
6322-AUGFN,Female,0,Yes,No,65,Yes,Yes,DSL,No,Yes,No,No,No,Yes,One year,Yes,Credit card (automatic),77.3,4779.78,No
3765-GWKVD,Female,0,No,No,43,Yes,No,Fiber optic,No,No,No,Yes,No,Yes,Two year,Yes,Electronic check,82.89,3594.36,No
3134-HBYTZ,Female,1,No,No,6,No,No phone service,DSL,No,Yes,No,Yes,No,Yes,Month-to-month,No,Credit card (automatic),65.19,390.1,No
6351-JWKCO,Female,1,Yes,Yes,20,Yes,Yes,No,No internet service,No internet service,No internet service,No internet service,No internet service,No internet service,Month-to-month,Yes,Mailed check,31.92,612.52,Yes
9033-QFKBY,Male,0,No,No,2,Yes,No,No,No internet service,No internet service,No internet service,No internet service,No internet service,No internet service,Month-to-month,Yes,Electronic check,23.75,47.87,Yes
7315-YDPSJ,Male,0,Yes,No,59,No,No phone service,Fiber optic,Yes,Yes,Yes,Yes,Yes,Yes,Month-to-month,No,Mailed check,101.33,6084.54,No
4746-UBCDV,Female,0,Yes,No,56,Yes,No,Fiber optic,No,Yes,Yes,Yes,No,Yes,Two year,No,Credit card (automatic),95.54,5498.48,No
3736-QMVGV,Female,0,No,No,31,Yes,Yes,No,No internet service,No internet service,No internet service,No internet service,No internet service,No internet service,Two year,Yes,Electronic check,31.65,1012.19,No
9697-WJOCH,Female,0,No,No,27,Yes,No,Fiber optic,No,Yes,Yes,No,No,Yes,Month-to-month,No,Bank transfer (automatic),93.18,2548.47,No
6300-UUJAF,Male,0,Yes,No,28,Yes,Yes,DSL,No,No,No,No,No,Yes,Month-to-month,Yes,Bank transfer (automatic),69.18,1913.91,Yes
1986-OYONM,Female,0,Yes,No,1,Yes,Yes,DSL,Yes,Yes,No,Yes,No,No,Month-to-month,Yes,Mailed check,77.9,74.71,No
1956-IDADA,Female,0,Yes,Yes,19,No,No phone service,DSL,No,No,Yes,No,No,No,Two year,No,Mailed check,49.92,970.88,No
6091-HBJIW,Female,0,No,No,3,Yes,Yes,No,No internet service,No internet service,No internet service,No internet service,No internet service,No internet service,Month-to-month,Yes,Mailed check,32.39,94.8,Yes
2967-YSNSC,Female,0,No,Yes,6,Yes,No,DSL,No,Yes,No,Yes,No,No,Month-to-month,Yes,Electronic check,58.09,348.05,No
3908-IDZLL,Female,0,Yes,No,72,Yes,No,Fiber optic,No,Yes,Yes,No,Yes,No,Month-to-month,No,Electronic check,90.43,6690.58,No
7026-NHXJG,Male,0,No,No,11,Yes,Yes,DSL,No,No,No,No,No,No,Month-to-month,Yes,Electronic check,56.9,628.56,Yes
2079-DQUNP,Female,0,Yes,Yes,30,Yes,No,No,No internet service,No internet service,No internet service,No internet service,No internet service,No internet service,Two year,Yes,Mailed check,22.44,700.69,No
6236-YKZBA,Male,0,No,No,70,Yes,No,Fiber optic,No,No,No,No,No,No,Two year,Yes,Credit card (automatic),73.38,5390.37,No
2509-VUKPS,Male,0,No,No,23,Yes,No,DSL,Yes,No,No,Yes,No,No,Two year,Yes,Mailed check,57.46,1271.71,No
3693-IGYBK,Female,0,No,No,35,Yes,No,No,No internet service,No internet service,No internet service,No internet service,No internet service,No internet service,Two year,Yes,Mailed check,25.38,901.52,No
5172-FRBHK,Male,0,No,No,5,Yes,Yes,No,No internet service,No internet service,No internet service,No internet service,No internet service,No internet service,Month-to-month,Yes,Credit card (automatic),34.97,167.28,Yes
7265-IGZBW,Male,0,No,No,13,Yes,No,DSL,Yes,No,Yes,Yes,Yes,Yes,Month-to-month,No,Mailed check,81.01,1010.32,No
1183-LXWNM,Male,1,Yes,No,33,Yes,Yes,No,No internet service,No internet service,No internet service,No internet service,No internet service,No internet service,Two year,Yes,Electronic check,36.18,1184.49,No
8102-HHGMN,Female,0,No,No,19,Yes,Yes,No,No internet service,No internet service,No internet service,No internet service,No internet service,No internet service,Month-to-month,Yes,Electronic check,36.45,698.99,No
8523-ZCLWL,Male,1,Yes,Yes,1,Yes,No,Fiber optic,No,No,No,No,No,Yes,Month-to-month,Yes,Credit card (automatic),77.51,81.15,Yes
3402-DMFZN,Male,0,No,No,22,No,No phone service,Fiber optic,No,No,Yes,Yes,No,No,Month-to-month,Yes,Electronic check,74.72,1685.24,Yes
2543-PVPMT,Male,0,No,No,63,Yes,Yes,DSL,Yes,No,No,Yes,Yes,Yes,One year,Yes,Credit card (automatic),93.35,5804.35,No
1362-OMXBN,Female,0,No,No,3,Yes,No,Fiber optic,Yes,No,No,No,Yes,Yes,Two year,Yes,Bank transfer (automatic),98.95,288.72,Yes
6803-OWVOI,Male,0,Yes,Yes,1,No,No phone service,Fiber optic,No,Yes,Yes,Yes,No,No,One year,Yes,Electronic check,83.13,83.38,Yes
7476-MVOTJ,Female,0,No,No,3,Yes,No,Fiber optic,Yes,No,Yes,Yes,No,No,Month-to-month,Yes,Mailed check,81.57,252.64,No
8490-ABKNJ,Male,0,No,No,51,Yes,No,Fiber optic,No,Yes,Yes,No,Yes,Yes,Two year,Yes,Credit card (automatic),103.64,5034.47,No
6684-XBRXI,Female,0,Yes,Yes,61,Yes,No,DSL,Yes,Yes,Yes,Yes,Yes,No,One year,No,Mailed check,83.44,4979.97,No
4777-JUWAA,Male,0,No,No,2,Yes,No,Fiber optic,No,No,No,Yes,No,No,Month-to-month,Yes,Electronic check,73.59,142.9,Yes
7852-FXKHG,Female,0,Yes,No,70,Yes,No,Fiber optic,Yes,No,No,Yes,Yes,No,One year,Yes,Electronic check,89.14,6315.72,No
4223-CLMBC,Female,1,Yes,No,45,Yes,Yes,No,No internet service,No internet service,No internet service,No internet service,No internet service,No internet service,Two year,Yes,Electronic check,34.2,1534.07,No
9604-HHVGS,Male,0,No,Yes,34,Yes,No,Fiber optic,Yes,No,No,No,No,Yes,Month-to-month,Yes,Credit card (automatic),87.37,2984.69,No
4083-QPLHT,Female,0,Yes,No,10,Yes,Yes,Fiber optic,No,Yes,No,No,Yes,No,Month-to-month,No,Bank transfer (automatic),98.72,978.37,Yes
1382-LULKG,Female,0,No,No,20,Yes,No,Fiber optic,Yes,No,Yes,No,Yes,Yes,Month-to-month,No,Electronic check,98.32,1955.05,Yes
1871-GWDRE,Male,0,No,No,71,Yes,No,No,No internet service,No internet service,No internet service,No internet service,No internet service,No internet service,Two year,No,Mailed check,28.89,2059.19,No
3809-RZSNX,Female,1,Yes,No,70,Yes,Yes,DSL,No,No,Yes,No,No,No,Two year,No,Credit card (automatic),68.92,4881.47,No
1823-AFUFZ,Female,0,No,No,45,Yes,Yes,No,No internet service,No internet service,No internet service,No internet service,No internet service,No internet service,One year,Yes,Mailed check,34.93,1574.8,No
9071-FMLCF,Male,1,Yes,Yes,40,Yes,Yes,No,No internet service,No internet service,No internet service,No internet service,No internet service,No internet service,Two year,Yes,Electronic check,37.54,1532.02,No
6462-QAWJY,Male,0,Yes,Yes,8,Yes,No,DSL,No,Yes,No,No,No,Yes,Month-to-month,No,Electronic check,64.33,492.01,No
4763-XDHTI,Female,0,No,No,71,Yes,No,No,No internet service,No internet service,No internet service,No internet service,No internet service,No internet service,Month-to-month,No,Electronic check,26.88,1904.17,No
9569-FQSRF,Female,0,No,No,57,Yes,No,Fiber optic,No,No,Yes,No,No,Yes,One year,No,Electronic check,85.16,4842.73,Yes
3330-JNYTJ,Female,0,Yes,Yes,20,Yes,No,Fiber optic,No,No,No,No,No,Yes,One year,No,Mailed check,81.75,1567.41,Yes
3615-NNNYD,Female,1,Yes,No,63,Yes,Yes,No,No internet service,No internet service,No internet service,No internet service,No internet service,No internet service,One year,No,Mailed check,31.75,2011.99,No
1058-ZGUQP,Male,0,Yes,Yes,8,Yes,Yes,Fiber optic,No,Yes,Yes,Yes,Yes,Yes,Month-to-month,Yes,Bank transfer (automatic),112.11,931.1,Yes
7707-FXVYO,Male,0,No,No,8,Yes,No,DSL,No,No,No,No,No,No,Month-to-month,Yes,Credit card (automatic),47.3,388.25,Yes
6955-KHIZB,Female,0,Yes,No,61,Yes,Yes,Fiber optic,No,No,Yes,No,No,Yes,Month-to-month,No,Electronic check,98.27,5832.6,No
5775-ADDET,Female,0,Yes,Yes,38,No,No phone service,DSL,No,No,Yes,Yes,No,Yes,Two year,Yes,Electronic check,66.4,2414.55,No
9762-IMWNS,Male,1,No,No,38,Yes,No,No,No internet service,No internet service,No internet service,No internet service,No internet service,No internet service,Two year,Yes,Electronic check,24.99,988.37,No
7578-LOWNK,Female,1,Yes,Yes,40,Yes,No,DSL,Yes,Yes,No,No,Yes,Yes,Two year,No,Mailed check,76.62,3197.6,No
7941-VUAZC,Female,0,Yes,Yes,3,Yes,No,Fiber optic,No,No,No,No,No,Yes,Month-to-month,Yes,Credit card (automatic),80.42,232.8,Yes
8409-UTRRJ,Female,0,Yes,No,18,Yes,No,No,No internet service,No internet service,No internet service,No internet service,No internet service,No internet service,Month-to-month,Yes,Electronic check,22.4,415.58,No
8723-TPXPU,Male,1,No,No,40,Yes,Yes,No,No internet service,No internet service,No internet service,No internet service,No internet service,No internet service,Two year,Yes,Electronic check,32.93,1256.8,No
8713-YCFPF,Male,0,No,No,10,Yes,Yes,DSL,No,No,No,Yes,No,No,Month-to-month,Yes,Electronic check,68.75,688.86,Yes
5975-OLIHR,Female,0,Yes,No,32,Yes,Yes,DSL,Yes,No,No,No,No,No,Month-to-month,No,Bank transfer (automatic),66.81,2155.71,No
5583-JQAMZ,Female,0,No,No,38,Yes,No,No,No internet service,No internet service,No internet service,No internet service,No internet service,No internet service,Month-to-month,No,Mailed check,21.85,839.33,No
7977-YVPNP,Male,0,No,No,71,Yes,No,No,No internet service,No internet service,No internet service,No internet service,No internet service,No internet service,Month-to-month,No,Bank transfer (automatic),27.3,2019.19,No
7493-KPQZD,Female,0,Yes,No,10,Yes,No,Fiber optic,No,Yes,No,Yes,No,Yes,Month-to-month,Yes,Bank transfer (automatic),90.93,937.49,Yes
2728-QZSVG,Male,0,No,Yes,26,Yes,Yes,DSL,No,No,No,No,Yes,Yes,Month-to-month,Yes,Bank transfer (automatic),78.46,2019.48,Yes
9592-PTZPS,Male,0,Yes,No,72,Yes,No,DSL,Yes,No,Yes,No,No,Yes,Month-to-month,Yes,Bank transfer (automatic),69.35,4996.55,No
8000-YSMXK,Male,0,No,No,6,Yes,No,Fiber optic,No,No,Yes,Yes,No,Yes,Month-to-month,Yes,Electronic check,88.48,536.99,Yes
2672-UFCTF,Male,0,Yes,No,60,No,No phone service,DSL,No,Yes,Yes,No,Yes,No,Two year,No,Mailed check,65.95,4110.16,No
7724-TLSOL,Female,0,Yes,No,6,Yes,No,Fiber optic,Yes,No,No,No,Yes,Yes,Month-to-month,Yes,Electronic check,94.17,543.46,Yes
4081-GZBDU,Female,0,No,Yes,66,Yes,Yes,No,No internet service,No internet service,No internet service,No internet service,No internet service,No internet service,One year,Yes,Credit card (automatic),33.99,2174.86,No
6112-LYYAW,Male,0,No,No,31,No,No phone service,DSL,Yes,No,Yes,No,Yes,Yes,Month-to-month,Yes,Bank transfer (automatic),78.08,2331.23,Yes
6239-RHSCI,Female,0,Yes,Yes,72,Yes,No,DSL,Yes,No,No,Yes,No,No,One year,No,Bank transfer (automatic),56.86,3960.72,No
5753-JIFAE,Female,0,Yes,No,5,Yes,No,Fiber optic,No,Yes,Yes,No,Yes,No,Month-to-month,No,Electronic check,90.02,459.35,Yes
7213-PXHWV,Male,0,No,No,51,Yes,No,DSL,Yes,Yes,No,Yes,No,No,Two year,No,Credit card (automatic),63.66,3212.79,No
9741-RSXOZ,Female,0,Yes,No,52,Yes,No,Fiber optic,No,No,No,No,No,Yes,Two year,No,Electronic check,76.15,4031.88,No
2848-FRYDK,Female,0,No,Yes,54,Yes,Yes,Fiber optic,Yes,No,No,No,Yes,No,One year,Yes,Electronic check,92.9,4960.8,No
3779-KJWIX,Female,0,Yes,Yes,3,Yes,Yes,No,No internet service,No internet service,No internet service,No internet service,No internet service,No internet service,One year,No,Credit card (automatic),34.9,107.48,Yes
8699-UNUMD,Female,0,No,No,13,No,No phone service,DSL,No,No,No,Yes,No,No,Month-to-month,Yes,Electronic check,51.12,676.96,No
5942-RDSTZ,Male,0,Yes,No,17,Yes,Yes,No,No internet service,No internet service,No internet service,No internet service,No internet service,No internet service,Month-to-month,No,Electronic check,37.47,611.42,No
1542-BNEUB,Male,0,Yes,No,16,Yes,Yes,Fiber optic,No,No,Yes,No,No,Yes,Month-to-month,Yes,Electronic check,97.68,1527.9,Yes
3892-TFKWD,Female,1,No,No,50,No,No phone service,Fiber optic,Yes,No,No,No,Yes,Yes,Month-to-month,No,Electronic check,91.49,4546.49,No
8380-UEWYX,Female,0,Yes,No,2,No,No phone service,DSL,No,Yes,No,Yes,No,Yes,Month-to-month,No,Electronic check,65.01,131.52,Yes
7893-FESZS,Male,0,No,Yes,55,Yes,No,No,No internet service,No internet service,No internet service,No internet service,No internet service,No internet service,Two year,No,Electronic check,24.76,1371.84,No
5461-QBNVU,Male,0,Yes,Yes,35,Yes,No,DSL,No,Yes,No,Yes,Yes,Yes,Month-to-month,No,Bank transfer (automatic),83.04,2884.45,Yes
7532-ZUAAC,Female,1,Yes,Yes,5,No,No phone service,Fiber optic,No,Yes,No,Yes,No,No,Month-to-month,Yes,Bank transfer (automatic),78.18,376.99,Yes
5715-GSVCJ,Male,1,No,No,9,Yes,No,No,No internet service,No internet service,No internet service,No internet service,No internet service,No internet service,Month-to-month,Yes,Bank transfer (automatic),22.4,200.76,No
9020-ZSYRS,Male,0,Yes,Yes,3,No,No phone service,No,No internet service,No internet service,No internet service,No internet service,No internet service,No internet service,Month-to-month,Yes,Bank transfer (automatic),19.53,61.39,Yes
8002-RTNOZ,Male,0,Yes,No,28,Yes,Yes,DSL,No,Yes,No,No,No,No,Two year,No,Mailed check,67.41,1864.76,No
3470-HSRMM,Male,0,Yes,No,42,Yes,Yes,No,No internet service,No internet service,No internet service,No internet service,No internet service,No internet service,Month-to-month,Yes,Bank transfer (automatic),36.17,1580.73,Yes
7971-PPJNM,Male,0,Yes,No,41,Yes,No,Fiber optic,No,No,Yes,No,No,No,Two year,No,Electronic check,73.77,3013.48,No
9475-RQWKO,Female,1,Yes,Yes,72,Yes,Yes,DSL,Yes,No,No,No,No,No,Two year,Yes,Mailed check,64.41,4416.6,No
9561-NDLTW,Male,0,Yes,Yes,13,Yes,Yes,Fiber optic,No,Yes,Yes,No,No,No,One year,Yes,Credit card (automatic),93.69,1255.08,Yes
4980-XFLVD,Female,0,Yes,Yes,58,Yes,Yes,Fiber optic,Yes,Yes,Yes,No,No,Yes,Two year,No,Electronic check,107.19,6184.97,No
1938-KNCNK,Female,1,No,No,54,Yes,No,Fiber optic,Yes,No,No,Yes,No,Yes,One year,Yes,Bank transfer (automatic),90.88,5116.58,No
6556-UUQVE,Female,0,Yes,Yes,2,Yes,No,Fiber optic,No,No,No,Yes,No,Yes,Month-to-month,No,Electronic check,88.88,180.99,Yes
9447-LXISL,Female,0,No,Yes,71,Yes,Yes,Fiber optic,Yes,Yes,No,No,No,No,One year,Yes,Electronic check,92.25,6834.87,No
6973-CCRFA,Female,0,No,No,71,Yes,No,Fiber optic,No,No,No,Yes,No,No,One year,Yes,Bank transfer (automatic),72.74,5348.21,No
4517-XWIWC,Male,0,Yes,No,22,No,No phone service,No,No internet service,No internet service,No internet service,No internet service,No internet service,No internet service,One year,No,Electronic check,18.25,387.39,No
8592-JLOOD,Male,0,Yes,No,23,Yes,Yes,DSL,No,No,No,Yes,Yes,Yes,Two year,Yes,Electronic check,87.15,2067.39,No
9827-VWPIH,Male,0,Yes,Yes,63,Yes,No,Fiber optic,No,No,Yes,Yes,Yes,No,Two year,No,Mailed check,86.56,5543.7,No
3446-QOJDV,Male,0,No,No,31,Yes,No,Fiber optic,No,No,Yes,No,Yes,Yes,Two year,No,Bank transfer (automatic),98.86,2984.38,No
2855-XDRQG,Male,0,No,No,62,No,No phone service,DSL,No,Yes,Yes,No,No,No,Two year,No,Credit card (automatic),56.6,3613.67,No
2563-ZJODW,Female,0,No,No,1,Yes,Yes,DSL,No,Yes,Yes,Yes,No,No,Month-to-month,Yes,Electronic check,72.2,71.04,Yes
4261-WVUVK,Male,0,No,No,10,Yes,Yes,Fiber optic,Yes,No,Yes,Yes,No,Yes,Month-to-month,Yes,Mailed check,108.64,1036.55,No
4985-VCORL,Female,0,Yes,No,2,Yes,No,DSL,No,No,No,No,No,No,Month-to-month,Yes,Mailed check,53.56,102.91,Yes
1222-KWIGV,Female,0,No,No,27,Yes,No,DSL,No,No,No,Yes,No,No,Month-to-month,Yes,Electronic check,51.15,1353.39,Yes
1933-SXDCT,Male,1,Yes,No,67,Yes,No,DSL,No,Yes,No,No,No,No,Two year,Yes,Credit card (automatic),53.75,3542.76,No
4334-WTQSB,Female,0,No,No,39,No,No phone service,DSL,No,No,Yes,No,Yes,Yes,One year,Yes,Mailed check,66.76,2638.33,No
1857-PSZWK,Female,0,Yes,Yes,34,Yes,Yes,No,No internet service,No internet service,No internet service,No internet service,No internet service,No internet service,Two year,Yes,Mailed check,32.12,1101.67,No
5992-OYOAT,Male,0,Yes,Yes,19,Yes,Yes,Fiber optic,Yes,Yes,No,No,Yes,No,Month-to-month,Yes,Electronic check,102.02,2012.92,Yes
3916-WLTEC,Female,0,No,No,2,Yes,No,DSL,Yes,Yes,No,Yes,Yes,No,Month-to-month,Yes,Mailed check,72.7,144.02,Yes
9973-GVGWI,Female,1,No,No,58,Yes,No,No,No internet service,No internet service,No internet service,No internet service,No internet service,No internet service,One year,Yes,Credit card (automatic),23.02,1345.68,No
3656-GMXBT,Male,1,No,No,39,Yes,No,Fiber optic,No,No,Yes,Yes,No,No,Two year,No,Electronic check,76.55,3063.73,No
1650-NBWEE,Female,1,Yes,No,71,Yes,No,Fiber optic,Yes,Yes,No,No,No,Yes,One year,No,Credit card (automatic),90.5,6683.18,No
6869-VXRAW,Female,0,No,No,25,Yes,Yes,No,No internet service,No internet service,No internet service,No internet service,No internet service,No internet service,Month-to-month,Yes,Mailed check,34.45,842.35,Yes
2264-XZRDO,Male,0,No,No,22,Yes,No,Fiber optic,Yes,No,No,No,No,No,One year,No,Mailed check,77.72,1788.13,No
9383-CHRJY,Female,0,Yes,No,72,Yes,Yes,Fiber optic,No,No,Yes,Yes,Yes,Yes,Month-to-month,Yes,Mailed check,113.43,8355.84,No
4925-PBERC,Female,0,Yes,Yes,3,Yes,No,DSL,Yes,Yes,No,No,Yes,Yes,Month-to-month,Yes,Electronic check,77.06,233.19,No
3060-HBTAE,Female,1,No,No,10,Yes,Yes,Fiber optic,No,Yes,Yes,No,Yes,Yes,Month-to-month,Yes,Bank transfer (automatic),112.29,1122.92,Yes
9027-AEJJN,Female,1,No,No,31,Yes,Yes,No,No internet service,No internet service,No internet service,No internet service,No internet service,No internet service,Two year,No,Credit card (automatic),31.25,998.61,No
2291-AXGQZ,Female,0,No,No,34,Yes,Yes,DSL,Yes,No,Yes,No,No,Yes,One year,Yes,Electronic check,81.99,2760.31,No
7115-DICEA,Male,0,No,No,37,Yes,Yes,DSL,Yes,Yes,No,No,Yes,Yes,One year,No,Credit card (automatic),88.31,3120.96,No
5751-LVCKX,Female,0,Yes,Yes,8,Yes,Yes,Fiber optic,No,No,No,Yes,No,Yes,Month-to-month,Yes,Electronic check,96.9,760.22,Yes
1602-RZZHL,Female,0,No,No,71,Yes,No,No,No internet service,No internet service,No internet service,No internet service,No internet service,No internet service,Two year,Yes,Bank transfer (automatic),27.86,1938.43,No
2744-OTTIC,Male,0,Yes,No,53,Yes,No,No,No internet service,No internet service,No internet service,No internet service,No internet service,No internet service,Month-to-month,Yes,Bank transfer (automatic),27.14,1416.39,No
8207-NHNWG,Female,1,Yes,Yes,11,Yes,No,DSL,No,No,No,No,No,No,One year,No,Bank transfer (automatic),47.62,507.14,No
9137-WERHN,Female,1,No,No,13,Yes,No,No,No internet service,No internet service,No internet service,No internet service,No internet service,No internet service,Month-to-month,No,Bank transfer (automatic),23.42,289.43,Yes
5350-HGESC,Male,0,No,No,69,No,No phone service,Fiber optic,No,No,Yes,Yes,No,No,Two year,No,Credit card (automatic),73.95,5124.99,No
8200-IQJRS,Female,0,Yes,Yes,20,Yes,Yes,Fiber optic,No,Yes,No,No,Yes,Yes,Month-to-month,No,Electronic check,103.21,2125.35,Yes
2713-EPGSE,Female,0,No,No,38,Yes,No,DSL,No,Yes,Yes,No,No,No,One year,Yes,Bank transfer (automatic),59.63,2258.57,No
6189-VLJSH,Female,0,No,No,3,Yes,Yes,Fiber optic,No,No,Yes,No,Yes,No,Month-to-month,Yes,Mailed check,95.32,275.37,Yes
7226-ADLBL,Male,0,No,No,10,Yes,No,Fiber optic,No,No,Yes,No,No,No,Month-to-month,No,Bank transfer (automatic),72.08,685.11,Yes
1244-GTZVN,Female,0,Yes,Yes,23,Yes,Yes,DSL,No,Yes,Yes,Yes,Yes,Yes,One year,Yes,Bank transfer (automatic),91.15,2002.8,No
5135-FAAWH,Female,1,Yes,Yes,48,Yes,No,Fiber optic,Yes,Yes,No,Yes,Yes,No,One year,Yes,Electronic check,94.19,4698.94,No
5857-YRTVN,Female,0,No,No,12,Yes,Yes,Fiber optic,No,Yes,No,Yes,No,No,One year,No,Electronic check,93.15,1141.84,No
8220-CPJOD,Female,0,No,No,71,Yes,No,Fiber optic,No,No,No,Yes,Yes,Yes,Two year,No,Electronic check,97.56,6690.67,No
5560-HIIHP,Female,0,Yes,Yes,8,Yes,No,No,No internet service,No internet service,No internet service,No internet service,No internet service,No internet service,Month-to-month,No,Electronic check,28.29,221.79,Yes
6673-NFHSJ,Male,1,No,No,60,Yes,Yes,Fiber optic,Yes,No,No,No,Yes,No,One year,Yes,Mailed check,95.68,5815.14,No
9255-LVIJU,Female,0,No,No,19,Yes,Yes,Fiber optic,No,No,No,Yes,Yes,Yes,Month-to-month,No,Electronic check,106.79,1972.85,Yes
9933-ICPYX,Male,1,No,No,65,Yes,No,DSL,No,No,No,Yes,Yes,No,Two year,Yes,Mailed check,66.21,4159.77,No
2762-INIDD,Male,0,Yes,No,70,Yes,No,Fiber optic,Yes,No,Yes,Yes,No,Yes,One year,Yes,Credit card (automatic),94.84,6588.17,No
3283-ODYCN,Male,0,No,No,6,Yes,No,No,No internet service,No internet service,No internet service,No internet service,No internet service,No internet service,Month-to-month,Yes,Bank transfer (automatic),22.88,143.96,Yes
1392-AATSC,Female,1,Yes,Yes,31,Yes,No,DSL,No,No,No,No,No,Yes,One year,No,Bank transfer (automatic),56.73,1729.53,No
9463-YGBFI,Male,0,Yes,Yes,4,Yes,Yes,DSL,No,No,No,No,Yes,No,Month-to-month,Yes,Mailed check,72.1,285.24,Yes
1431-OBCTR,Male,0,No,No,53,Yes,No,Fiber optic,No,No,Yes,No,No,No,Two year,No,Bank transfer (automatic),77.92,3965.16,No
9867-JEIXC,Male,0,Yes,Yes,65,Yes,No,DSL,No,Yes,Yes,No,Yes,No,One year,Yes,Electronic check,68.36,4437.43,No
2040-XBNCE,Female,0,No,No,21,Yes,No,Fiber optic,No,Yes,Yes,No,No,Yes,Month-to-month,Yes,Mailed check,92.07,1983.46,No
4742-PBQJG,Female,1,Yes,No,22,Yes,Yes,Fiber optic,No,Yes,Yes,Yes,Yes,No,Month-to-month,Yes,Mailed check,107.89,2364.43,Yes
3824-CWLTX,Male,0,No,Yes,7,Yes,No,No,No internet service,No internet service,No internet service,No internet service,No internet service,No internet service,Month-to-month,Yes,Bank transfer (automatic),28.54,208.54,Yes
2385-ROQJC,Female,0,Yes,No,14,Yes,Yes,Fiber optic,No,No,No,No,Yes,Yes,Month-to-month,No,Mailed check,97.35,1392.17,Yes
5048-OTZVG,Male,1,No,No,16,Yes,Yes,Fiber optic,No,Yes,No,No,Yes,No,One year,Yes,Mailed check,93.3,1489.91,No
4621-ZXARN,Male,0,No,No,4,Yes,Yes,DSL,No,Yes,No,No,No,No,Month-to-month,No,Electronic check,64.39,254.54,No
5692-KGIDY,Male,0,Yes,No,15,Yes,No,DSL,Yes,Yes,Yes,Yes,No,Yes,Month-to-month,Yes,Credit card (automatic),76.88,1174.79,No
6722-VEYCL,Male,0,Yes,No,70,Yes,No,Fiber optic,Yes,No,Yes,No,Yes,Yes,Month-to-month,Yes,Mailed check,97.69,6533.58,No
9319-VXTXR,Female,0,No,No,16,Yes,No,No,No internet service,No internet service,No internet service,No internet service,No internet service,No internet service,Two year,Yes,Electronic check,21.4,357.73,No
8624-JUZBK,Male,0,No,No,12,Yes,No,Fiber optic,Yes,No,Yes,No,No,Yes,Month-to-month,No,Mailed check,91.81,1113.37,Yes
2386-OSHPU,Female,0,No,No,21,Yes,No,DSL,Yes,No,Yes,No,No,Yes,One year,Yes,Electronic check,70.51,1511.53,No
8662-MVNGA,Female,0,No,No,71,Yes,Yes,Fiber optic,No,Yes,No,No,Yes,Yes,Two year,No,Credit card (automatic),105.74,7840.24,No
5072-MREMD,Male,1,Yes,Yes,58,Yes,No,DSL,No,No,No,No,No,No,Two year,No,Bank transfer (automatic),52.13,3103.76,No
5412-LYDYP,Male,0,No,No,7,Yes,No,Fiber optic,Yes,Yes,No,Yes,No,Yes,Two year,Yes,Bank transfer (automatic),91.66,611.16,No
2321-EYFHX,Female,0,No,No,57,Yes,Yes,DSL,No,Yes,Yes,No,Yes,No,One year,No,Mailed check,76.87,4347.79,No
7360-QXXGM,Male,0,Yes,No,58,Yes,No,No,No internet service,No internet service,No internet service,No internet service,No internet service,No internet service,One year,Yes,Electronic check,21.2,1183.97,No
5977-BWUHN,Male,0,No,No,71,Yes,Yes,Fiber optic,No,Yes,Yes,Yes,Yes,Yes,Two year,Yes,Mailed check,112.16,7828.95,No
9302-HIKBM,Male,0,No,No,70,No,No phone service,Fiber optic,Yes,No,No,No,Yes,Yes,One year,Yes,Credit card (automatic),89.54,6539.43,No
7957-IMCUN,Female,0,No,No,3,Yes,Yes,No,No internet service,No internet service,No internet service,No internet service,No internet service,No internet service,Month-to-month,Yes,Bank transfer (automatic),32.56,95.92,No
8216-EHJFU,Female,0,Yes,Yes,27,Yes,No,No,No internet service,No internet service,No internet service,No internet service,No internet service,No internet service,Month-to-month,Yes,Mailed check,27.03,704.47,No
5363-AVLEY,Male,0,Yes,No,53,Yes,No,DSL,No,Yes,No,Yes,No,No,Month-to-month,Yes,Credit card (automatic),60.37,3345.31,No
2553-ZFFLC,Male,1,No,No,72,Yes,No,Fiber optic,No,No,Yes,No,No,Yes,Two year,Yes,Mailed check,88.11,6168.45,No
2013-XDCFD,Male,0,Yes,Yes,2,Yes,Yes,Fiber optic,No,Yes,Yes,No,No,Yes,Month-to-month,No,Credit card (automatic),100.42,202.04,Yes
8909-ZKOEC,Male,0,No,No,19,Yes,No,Fiber optic,No,Yes,No,No,Yes,No,Month-to-month,Yes,Mailed check,87.43,1608.66,Yes
9316-XGJIB,Male,0,Yes,Yes,31,Yes,No,DSL,No,Yes,Yes,No,No,No,Month-to-month,Yes,Electronic check,63.01,2001.55,No
4909-PDFEP,Female,0,No,No,23,Yes,No,DSL,No,Yes,Yes,No,No,No,Month-to-month,Yes,Bank transfer (automatic),61.76,1398.23,Yes
4351-IPPOX,Male,0,Yes,Yes,27,Yes,Yes,No,No internet service,No internet service,No internet service,No internet service,No internet service,No internet service,Month-to-month,Yes,Bank transfer (automatic),36.61,995.25,Yes
5027-RQSDP,Male,0,No,No,19,Yes,Yes,Fiber optic,No,Yes,No,Yes,Yes,No,Two year,No,Bank transfer (automatic),97.85,1881.21,No
9226-FLOFM,Male,0,Yes,No,72,Yes,No,Fiber optic,Yes,No,No,No,Yes,No,Two year,Yes,Bank transfer (automatic),84.71,5934.96,No
2251-OJUVP,Male,0,Yes,No,62,Yes,No,Fiber optic,No,No,Yes,No,No,Yes,One year,Yes,Credit card (automatic),82.38,5117.36,No
3046-IVAEI,Female,0,Yes,No,56,Yes,Yes,No,No internet service,No internet service,No internet service,No internet service,No internet service,No internet service,Two year,Yes,Electronic check,32.24,1846.71,No
8735-KRZEM,Male,0,No,No,23,Yes,Yes,Fiber optic,No,Yes,No,Yes,Yes,Yes,Two year,No,Bank transfer (automatic),107.69,2505.95,No
2144-OFXBH,Male,0,No,No,69,Yes,Yes,Fiber optic,No,Yes,Yes,Yes,Yes,No,One year,No,Credit card (automatic),103.09,7045.91,No
7412-YUUPZ,Male,0,Yes,No,2,Yes,No,DSL,No,Yes,Yes,Yes,Yes,Yes,Month-to-month,Yes,Mailed check,87.16,167.92,Yes
4271-FYORU,Male,0,Yes,No,4,Yes,Yes,Fiber optic,Yes,Yes,Yes,Yes,No,No,One year,Yes,Mailed check,103.43,432.3,Yes
4293-PHBSA,Female,0,No,Yes,71,Yes,No,No,No internet service,No internet service,No internet service,No internet service,No internet service,No internet service,Two year,Yes,Electronic check,21.66,1598.79,No
5492-GVKGM,Male,0,No,No,39,Yes,No,DSL,No,No,No,No,No,Yes,One year,Yes,Bank transfer (automatic),59.77,2381.02,No
8345-ICHXS,Male,0,Yes,No,5,Yes,No,Fiber optic,No,No,Yes,No,No,No,Month-to-month,Yes,Credit card (automatic),78.05,400.54,Yes
1351-WDFQR,Male,0,Yes,No,71,Yes,No,DSL,No,No,No,Yes,Yes,Yes,Two year,Yes,Electronic check,74.23,5471.49,No
8776-OPWGZ,Female,0,Yes,No,72,Yes,No,Fiber optic,Yes,No,No,Yes,No,No,Two year,No,Credit card (automatic),83.12,6082.6,No
5073-DDMZI,Female,0,Yes,Yes,69,Yes,Yes,DSL,No,Yes,Yes,No,No,No,Month-to-month,Yes,Electronic check,69.52,4881.56,No
8849-OEYQE,Female,0,Yes,No,9,Yes,Yes,No,No internet service,No internet service,No internet service,No internet service,No internet service,No internet service,Month-to-month,Yes,Electronic check,36.28,316.87,Yes
4051-KKGLP,Male,0,No,Yes,12,Yes,No,No,No internet service,No internet service,No internet service,No internet service,No internet service,No internet service,Month-to-month,Yes,Bank transfer (automatic),27.53,336.69,Yes
9315-TXSLT,Female,1,No,No,22,Yes,Yes,DSL,No,Yes,Yes,Yes,No,No,Month-to-month,Yes,Bank transfer (automatic),77.49,1761.37,No
3875-XNRPF,Male,1,Yes,No,40,Yes,No,No,No internet service,No internet service,No internet service,No internet service,No internet service,No internet service,Two year,Yes,Bank transfer (automatic),24.98,1042.17,No
1848-AHVHX,Female,0,No,No,72,Yes,Yes,Fiber optic,No,Yes,Yes,Yes,Yes,Yes,Two year,No,Mailed check,111.9,8145.88,No
5102-MSQZY,Female,0,No,Yes,71,Yes,Yes,No,No internet service,No internet service,No internet service,No internet service,No internet service,No internet service,Two year,Yes,Mailed check,35.21,2568.78,No
2785-GXBYW,Female,0,No,No,70,No,No phone service,DSL,No,Yes,No,No,No,No,One year,Yes,Electronic check,49.36,3410.19,No
3096-JFGRB,Male,0,No,No,2,Yes,Yes,No,No internet service,No internet service,No internet service,No internet service,No internet service,No internet service,Month-to-month,No,Mailed check,36.08,73.76,Yes
8637-QOGHU,Male,0,No,No,58,Yes,No,DSL,No,Yes,Yes,No,Yes,Yes,One year,Yes,Bank transfer (automatic),79.21,4730.39,No
7091-YWRBS,Male,0,No,No,69,Yes,Yes,Fiber optic,Yes,Yes,No,No,No,No,Two year,Yes,Credit card (automatic),93.94,6380.93,No
8452-NYSJE,Male,0,No,Yes,16,Yes,No,DSL,No,Yes,No,Yes,Yes,Yes,Month-to-month,Yes,Bank transfer (automatic),79.05,1214.76,Yes
6951-YYAQQ,Female,0,Yes,No,8,Yes,No,Fiber optic,No,No,No,Yes,Yes,Yes,Month-to-month,Yes,Credit card (automatic),91.26,714.92,Yes
5494-LUUWM,Male,0,Yes,No,57,Yes,Yes,DSL,No,Yes,No,No,No,Yes,Two year,Yes,Bank transfer (automatic),77.51,4546.88,No
9162-CAHVH,Female,1,No,No,2,Yes,Yes,Fiber optic,No,Yes,No,No,No,Yes,Month-to-month,No,Electronic check,98.77,205.86,Yes
6506-WTWUH,Female,0,No,No,71,No,No phone service,Fiber optic,No,No,No,Yes,Yes,No,Two year,No,Credit card (automatic),80.02,5564.0,No
9393-TYUZI,Male,0,Yes,No,4,Yes,Yes,DSL,No,No,No,No,No,No,One year,Yes,Bank transfer (automatic),58.07,242.5,No
5238-PTMLJ,Male,0,No,No,28,Yes,No,Fiber optic,Yes,Yes,Yes,No,No,Yes,Month-to-month,No,Electronic check,91.89,2570.23,Yes
3343-QAYKH,Female,0,Yes,Yes,72,Yes,No,DSL,Yes,Yes,Yes,Yes,Yes,Yes,Two year,Yes,Mailed check,93.59,7070.66,No
8340-MPVTM,Female,1,Yes,Yes,72,No,No phone service,DSL,No,No,No,No,No,No,Two year,Yes,Credit card (automatic),43.51,3162.54,No
5928-ORTCO,Male,0,No,No,59,Yes,Yes,DSL,No,No,Yes,No,Yes,Yes,Two year,Yes,Bank transfer (automatic),82.83,4719.74,No
5323-QNSIU,Male,0,No,No,65,Yes,No,No,No internet service,No internet service,No internet service,No internet service,No internet service,No internet service,Two year,No,Credit card (automatic),28.22,1879.55,No
8147-POJDW,Female,0,No,Yes,72,Yes,No,No,No internet service,No internet service,No internet service,No internet service,No internet service,No internet service,Month-to-month,Yes,Electronic check,25.0,1770.86,No
5865-PFFMG,Female,0,Yes,No,71,Yes,No,DSL,Yes,Yes,No,No,No,Yes,Month-to-month,Yes,Credit card (automatic),71.78,5142.45,No
8428-RIPGY,Female,0,No,No,45,Yes,Yes,Fiber optic,No,No,No,No,No,No,Two year,Yes,Electronic check,76.86,3376.66,No
2374-LPXQU,Female,0,No,No,56,Yes,No,Fiber optic,Yes,No,No,No,Yes,Yes,One year,No,Bank transfer (automatic),93.18,5333.68,No
3620-IPQIF,Female,0,Yes,Yes,42,Yes,No,No,No internet service,No internet service,No internet service,No internet service,No internet service,No internet service,Two year,No,Bank transfer (automatic),21.21,854.02,No
1117-QXFSY,Male,0,Yes,No,33,No,No phone service,Fiber optic,Yes,No,No,No,Yes,No,One year,Yes,Credit card (automatic),80.99,2688.87,No
9306-DUVYK,Female,0,Yes,Yes,69,Yes,Yes,Fiber optic,Yes,Yes,No,Yes,Yes,Yes,One year,Yes,Bank transfer (automatic),118.14,7828.1,No
6383-RKVJZ,Female,0,No,No,56,Yes,No,Fiber optic,Yes,Yes,No,No,No,No,Two year,Yes,Mailed check,83.17,4849.49,No
7231-ICSTE,Male,0,No,No,67,Yes,Yes,DSL,No,Yes,No,Yes,No,No,One year,Yes,Credit card (automatic),73.09,4728.73,No
5492-YXDFR,Female,0,No,Yes,3,Yes,No,Fiber optic,Yes,No,No,No,Yes,No,Month-to-month,No,Mailed check,84.06,248.82,Yes
9906-OJJIY,Male,0,No,No,40,No,No phone service,Fiber optic,No,Yes,No,No,No,No,Two year,No,Mailed check,68.96,2689.36,No
2550-RGZKH,Male,1,No,No,16,No,No phone service,Fiber optic,No,Yes,Yes,No,No,Yes,Month-to-month,No,Bank transfer (automatic),88.97,1454.86,Yes
7003-QMEET,Female,0,No,No,33,Yes,No,Fiber optic,No,Yes,Yes,No,No,No,Month-to-month,No,Credit card (automatic),81.87,2584.15,Yes
9431-UMIKK,Male,0,Yes,No,44,Yes,Yes,DSL,No,No,Yes,No,Yes,No,One year,No,Electronic check,72.07,3074.51,No
9333-FPITP,Male,0,Yes,No,66,Yes,No,Fiber optic,No,No,No,No,No,Yes,One year,No,Mailed check,76.94,5153.03,No
3808-OSBLE,Male,0,Yes,Yes,1,No,No phone service,Fiber optic,Yes,No,Yes,No,No,Yes,Month-to-month,Yes,Electronic check,86.59,84.25,Yes
5261-VMNUG,Male,0,No,No,5,Yes,No,No,No internet service,No internet service,No internet service,No internet service,No internet service,No internet service,Month-to-month,No,Electronic check,28.54,145.63,No
9525-EZJXQ,Female,0,Yes,No,70,No,No phone service,Fiber optic,No,Yes,No,No,Yes,No,Month-to-month,Yes,Mailed check,82.62,5590.67,No
7239-BCRQB,Male,0,Yes,No,72,Yes,No,DSL,Yes,No,Yes,Yes,Yes,No,Two year,No,Credit card (automatic),75.73,5537.9,No
2341-YGDRR,Male,0,Yes,No,2,Yes,Yes,Fiber optic,Yes,No,No,No,No,No,Month-to-month,No,Electronic check,82.24,163.96,Yes
5516-OHYEX,Male,0,No,No,16,Yes,Yes,Fiber optic,No,Yes,No,No,Yes,No,Two year,Yes,Electronic check,91.81,1399.09,No
3587-ICOPR,Female,0,No,No,1,Yes,No,Fiber optic,Yes,No,No,No,Yes,No,Month-to-month,Yes,Bank transfer (automatic),88.22,89.2,Yes
4421-YUOBY,Female,1,No,Yes,58,Yes,Yes,Fiber optic,No,No,No,Yes,No,No,Two year,Yes,Mailed check,87.95,5111.49,No
4665-GEPKV,Female,0,No,No,51,Yes,No,DSL,Yes,Yes,Yes,No,Yes,Yes,Two year,Yes,Bank transfer (automatic),82.46,4128.0,No
4411-SADCH,Female,0,No,No,39,Yes,Yes,Fiber optic,No,Yes,No,Yes,Yes,No,Two year,No,Electronic check,102.88,4133.2,No
5942-CTSOS,Male,0,Yes,No,52,Yes,Yes,No,No internet service,No internet service,No internet service,No internet service,No internet service,No internet service,Month-to-month,Yes,Bank transfer (automatic),36.6,1890.5,No
3157-GIHIG,Female,0,Yes,No,36,Yes,No,Fiber optic,No,Yes,Yes,No,Yes,Yes,Two year,Yes,Credit card (automatic),103.33,3735.1,Yes
9787-BLAXT,Male,0,Yes,No,9,Yes,No,DSL,No,No,No,No,No,No,Month-to-month,Yes,Mailed check,51.42,483.81,Yes
9964-VHJFO,Male,0,Yes,No,57,Yes,No,DSL,No,No,No,No,No,No,Two year,No,Credit card (automatic),52.91,3069.24,No
2281-IPYON,Female,0,No,No,60,Yes,No,DSL,No,No,No,Yes,Yes,Yes,Two year,No,Credit card (automatic),77.56,4443.22,No
9229-KSYSR,Male,0,Yes,Yes,67,Yes,Yes,Fiber optic,No,Yes,No,No,Yes,Yes,Month-to-month,Yes,Mailed check,102.79,7116.21,No
6166-RVRJV,Male,0,No,No,71,Yes,Yes,Fiber optic,No,Yes,Yes,No,Yes,No,Month-to-month,Yes,Electronic check,97.22,6676.58,No
8006-KKAQO,Male,0,Yes,No,57,Yes,Yes,Fiber optic,No,No,No,No,No,No,Month-to-month,No,Credit card (automatic),79.63,4616.31,Yes
4337-KBXUY,Female,0,Yes,Yes,2,Yes,No,Fiber optic,No,No,No,No,No,No,Month-to-month,No,Credit card (automatic),67.7,140.3,Yes
4873-ZEJCM,Male,0,No,No,1,Yes,No,DSL,No,Yes,No,No,No,Yes,Month-to-month,Yes,Bank transfer (automatic),62.96,65.42,No
5155-WPCZR,Female,0,Yes,Yes,56,Yes,No,No,No internet service,No internet service,No internet service,No internet service,No internet service,No internet service,Two year,Yes,Mailed check,26.18,1415.84,No
3735-LYGRO,Male,0,No,No,2,Yes,Yes,DSL,No,No,No,No,Yes,No,Month-to-month,No,Electronic check,67.69,135.04,Yes
2335-VDCCV,Female,0,Yes,Yes,15,No,No phone service,No,No internet service,No internet service,No internet service,No internet service,No internet service,No internet service,One year,Yes,Electronic check,21.06,313.92,Yes
3542-GWBLS,Female,0,Yes,Yes,3,Yes,No,Fiber optic,No,Yes,No,No,No,No,Month-to-month,Yes,Bank transfer (automatic),73.87,221.07,Yes
2902-WNHLM,Female,0,No,Yes,72,Yes,No,Fiber optic,No,Yes,No,No,Yes,No,One year,Yes,Bank transfer (automatic),82.33,5703.09,No
2283-IXSNV,Female,0,No,No,15,Yes,No,DSL,No,No,No,Yes,No,Yes,One year,Yes,Electronic check,67.92,1038.01,No
1293-AHHYF,Female,0,Yes,No,2,Yes,No,Fiber optic,No,Yes,No,No,Yes,Yes,Month-to-month,Yes,Electronic check,94.44,190.76,No
1258-WNZXU,Male,0,No,No,71,Yes,Yes,DSL,Yes,Yes,No,No,Yes,Yes,Two year,Yes,Credit card (automatic),87.19,6369.85,No
9728-BCZXV,Female,0,No,No,43,Yes,Yes,Fiber optic,No,No,Yes,No,No,Yes,Month-to-month,Yes,Bank transfer (automatic),91.31,4095.51,No
8546-JGRKA,Male,0,Yes,Yes,1,Yes,Yes,DSL,Yes,Yes,Yes,No,No,No,Month-to-month,No,Electronic check,77.97,76.75,No
4656-SSQRK,Female,0,Yes,Yes,65,Yes,No,DSL,Yes,Yes,Yes,Yes,Yes,No,Two year,Yes,Electronic check,76.84,5094.22,No
8455-OVWBJ,Female,0,No,No,4,No,No phone service,Fiber optic,No,No,No,No,No,No,Month-to-month,No,Bank transfer (automatic),63.98,257.08,Yes
1713-RQUMA,Female,0,No,No,62,Yes,Yes,DSL,No,Yes,No,No,Yes,Yes,One year,Yes,Electronic check,88.11,5705.37,No
8073-MXIGP,Male,0,Yes,Yes,43,Yes,No,Fiber optic,No,Yes,No,No,No,Yes,Two year,Yes,Mailed check,86.81,3840.67,Yes
1987-ZEHYN,Female,0,Yes,Yes,6,Yes,Yes,DSL,No,Yes,Yes,Yes,No,Yes,Month-to-month,Yes,Bank transfer (automatic),87.28,508.86,Yes
3048-NRSSJ,Male,0,Yes,Yes,57,Yes,No,DSL,No,No,No,Yes,Yes,No,One year,Yes,Electronic check,65.47,3657.97,No
9419-PJIPT,Female,0,Yes,No,27,No,No phone service,Fiber optic,No,No,Yes,No,No,No,Two year,Yes,Electronic check,67.72,1828.92,No
2473-LFJYW,Male,0,Yes,Yes,47,Yes,No,DSL,No,No,Yes,No,No,Yes,One year,Yes,Mailed check,68.34,3125.85,No
8570-USYYV,Female,0,No,No,68,Yes,No,No,No internet service,No internet service,No internet service,No internet service,No internet service,No internet service,Two year,No,Credit card (automatic),22.9,1541.07,No
2232-YHEEI,Female,0,No,No,11,Yes,No,DSL,Yes,No,Yes,No,Yes,No,One year,Yes,Electronic check,67.8,745.94,No
1104-LYWKM,Male,0,No,No,19,Yes,No,DSL,No,No,No,Yes,No,Yes,Two year,No,Mailed check,67.81,1345.0,No
2103-TCIHJ,Female,0,Yes,No,72,Yes,Yes,Fiber optic,No,Yes,No,No,No,Yes,One year,Yes,Bank transfer (automatic),92.99,6409.17,No
3358-MBCTP,Male,0,Yes,Yes,33,Yes,No,No,No internet service,No internet service,No internet service,No internet service,No internet service,No internet service,Month-to-month,No,Mailed check,28.76,978.96,Yes
8126-MIUIH,Female,0,Yes,No,38,Yes,No,Fiber optic,No,No,Yes,No,Yes,No,Two year,No,Bank transfer (automatic),86.53,3278.3,No
3930-GKKDT,Female,1,No,Yes,13,Yes,No,No,No internet service,No internet service,No internet service,No internet service,No internet service,No internet service,Month-to-month,Yes,Electronic check,23.87,322.18,No
7905-SEGUH,Male,0,Yes,Yes,23,No,No phone service,No,No internet service,No internet service,No internet service,No internet service,No internet service,No internet service,One year,Yes,Mailed check,18.25,400.76,No
5652-VKDQE,Female,1,Yes,No,32,Yes,No,DSL,No,No,No,No,Yes,Yes,Month-to-month,No,Electronic check,67.96,2188.56,Yes
5143-GCVYD,Female,1,Yes,No,11,Yes,No,Fiber optic,No,No,No,No,No,Yes,Month-to-month,Yes,Credit card (automatic),80.44,898.09,Yes
8951-BOMMP,Male,0,No,No,9,Yes,Yes,Fiber optic,No,No,Yes,No,Yes,Yes,One year,No,Mailed check,103.24,968.59,Yes
6550-OHSWN,Female,1,No,No,43,Yes,Yes,DSL,Yes,No,No,No,Yes,No,Month-to-month,No,Electronic check,71.27,3080.02,No
7610-FLSIR,Female,0,Yes,Yes,6,Yes,Yes,DSL,Yes,No,No,No,Yes,Yes,Month-to-month,No,Electronic check,82.69,512.72,Yes
2872-SLDPY,Male,0,No,No,38,Yes,Yes,Fiber optic,Yes,Yes,No,No,No,Yes,Two year,No,Electronic check,100.39,3996.55,No
2678-KDMGS,Male,0,No,No,53,Yes,Yes,DSL,No,No,No,Yes,No,No,Two year,Yes,Bank transfer (automatic),67.21,3496.97,No
9644-OLJVQ,Female,0,Yes,Yes,7,Yes,Yes,Fiber optic,No,No,No,Yes,Yes,No,Month-to-month,No,Electronic check,96.75,710.63,Yes
3030-STSRZ,Male,0,Yes,Yes,57,Yes,No,Fiber optic,No,No,No,No,No,Yes,One year,No,Credit card (automatic),78.5,4329.46,No
6831-LOSPN,Male,0,No,No,19,Yes,Yes,No,No internet service,No internet service,No internet service,No internet service,No internet service,No internet service,One year,Yes,Credit card (automatic),32.68,632.41,No
3749-CMLSB,Male,0,Yes,No,72,Yes,Yes,DSL,No,No,Yes,Yes,No,Yes,Month-to-month,Yes,Mailed check,81.74,5974.46,No
1711-BWYGS,Female,0,No,No,72,Yes,No,Fiber optic,Yes,Yes,No,No,Yes,Yes,Two year,No,Mailed check,98.79,6850.0,No
1078-UUZEM,Female,0,Yes,Yes,61,Yes,No,No,No internet service,No internet service,No internet service,No internet service,No internet service,No internet service,One year,No,Mailed check,27.18,1589.9,No
9751-PNOTI,Male,0,No,No,17,No,No phone service,Fiber optic,No,No,Yes,Yes,Yes,Yes,Month-to-month,No,Electronic check,92.96,1596.47,Yes
3910-FYCRE,Female,0,Yes,Yes,71,Yes,Yes,No,No internet service,No internet service,No internet service,No internet service,No internet service,No internet service,Month-to-month,Yes,Credit card (automatic),37.59,2646.81,No
9066-ZYAHQ,Female,0,No,No,72,Yes,No,DSL,No,No,No,No,No,Yes,Two year,Yes,Credit card (automatic),62.42,4307.26,No
8842-BKICR,Female,1,No,No,28,Yes,No,Fiber optic,No,No,No,No,No,Yes,One year,Yes,Mailed check,78.14,2243.07,Yes
1125-LYQMT,Female,0,Yes,Yes,44,Yes,Yes,DSL,No,No,No,Yes,Yes,No,Two year,Yes,Credit card (automatic),74.48,3148.34,No
1206-TJUEO,Female,0,Yes,No,1,Yes,Yes,No,No internet service,No internet service,No internet service,No internet service,No internet service,No internet service,Month-to-month,Yes,Bank transfer (automatic),31.38,32.36,Yes
5075-LOGDU,Male,0,Yes,No,1,No,No phone service,No,No internet service,No internet service,No internet service,No internet service,No internet service,No internet service,Month-to-month,Yes,Credit card (automatic),18.25,17.52,Yes
5571-JEVGP,Male,1,No,Yes,32,Yes,Yes,DSL,No,No,No,No,No,Yes,Month-to-month,Yes,Mailed check,69.72,2278.83,No
8537-BLQUU,Male,0,No,No,44,Yes,No,Fiber optic,No,Yes,No,No,Yes,No,Month-to-month,Yes,Electronic check,83.36,3803.57,No
4964-RKGSY,Female,0,Yes,Yes,15,Yes,No,DSL,No,No,Yes,Yes,No,Yes,Month-to-month,Yes,Mailed check,68.79,1068.41,No
5191-BIFFR,Female,1,No,Yes,3,No,No phone service,No,No internet service,No internet service,No internet service,No internet service,No internet service,No internet service,Month-to-month,Yes,Mailed check,18.44,56.7,Yes
2600-ZUZRW,Male,0,No,No,60,Yes,No,No,No internet service,No internet service,No internet service,No internet service,No internet service,No internet service,Two year,Yes,Bank transfer (automatic),22.15,1287.59,No
3721-GIYLE,Male,0,Yes,Yes,23,Yes,No,No,No internet service,No internet service,No internet service,No internet service,No internet service,No internet service,One year,No,Credit card (automatic),21.17,485.63,Yes
8244-ITXSP,Female,0,No,No,48,Yes,No,Fiber optic,Yes,Yes,No,No,No,Yes,Two year,Yes,Electronic check,88.74,4197.45,No
1683-DLQZI,Male,0,Yes,No,48,Yes,No,DSL,No,Yes,Yes,Yes,No,Yes,Two year,Yes,Bank transfer (automatic),71.66,3425.07,No
5987-ONILE,Male,1,No,No,37,Yes,Yes,Fiber optic,No,No,Yes,No,No,Yes,One year,No,Mailed check,95.86,3634.11,No
6688-AMHRV,Male,0,Yes,No,6,Yes,No,No,No internet service,No internet service,No internet service,No internet service,No internet service,No internet service,Month-to-month,Yes,Mailed check,22.34,138.83,Yes
4849-MBCSF,Female,1,No,Yes,44,Yes,No,DSL,No,No,No,No,Yes,No,Two year,No,Electronic check,56.59,2529.12,Yes
1036-SEUND,Male,0,No,No,16,Yes,No,DSL,No,No,No,Yes,No,Yes,Month-to-month,Yes,Electronic check,62.23,947.28,No
1907-LVFDO,Female,0,No,No,63,Yes,No,Fiber optic,No,No,No,No,No,No,One year,Yes,Electronic check,66.12,4010.13,No
7789-DRIQM,Male,0,Yes,No,7,Yes,Yes,Fiber optic,No,No,Yes,No,Yes,No,Month-to-month,No,Electronic check,93.9,646.85,Yes
1830-GUFXA,Female,0,No,No,13,Yes,No,Fiber optic,No,Yes,Yes,No,Yes,Yes,One year,Yes,Electronic check,102.78,1390.69,Yes
2624-NOMJN,Male,0,No,No,26,No,No phone service,Fiber optic,No,No,No,Yes,Yes,Yes,Two year,Yes,Credit card (automatic),88.69,2330.14,No
6905-USDMR,Male,0,No,No,56,Yes,Yes,Fiber optic,No,No,No,No,No,No,Two year,No,Mailed check,83.17,4798.49,No
9001-HDJGD,Male,0,Yes,Yes,0,Yes,Yes,Fiber optic,No,No,Yes,No,No,No,One year,Yes,Credit card (automatic),86.47, ,No
5208-UKASH,Male,1,No,No,17,Yes,Yes,Fiber optic,No,No,Yes,No,No,Yes,Month-to-month,Yes,Bank transfer (automatic),95.52,1617.26,Yes
2955-KIFXB,Female,0,No,No,33,Yes,No,Fiber optic,No,Yes,Yes,Yes,Yes,Yes,Month-to-month,Yes,Electronic check,104.02,3580.91,Yes
9240-TAVRO,Male,0,No,No,9,Yes,Yes,DSL,Yes,No,Yes,Yes,No,Yes,Month-to-month,No,Mailed check,88.05,774.83,Yes
1711-NOUVE,Female,0,Yes,No,59,No,No phone service,DSL,No,No,Yes,No,Yes,No,One year,No,Bank transfer (automatic),56.15,3433.03,No
9302-GYVRV,Male,0,Yes,Yes,7,Yes,Yes,No,No internet service,No internet service,No internet service,No internet service,No internet service,No internet service,Month-to-month,No,Bank transfer (automatic),36.31,245.86,No
5852-TTBYG,Male,0,Yes,Yes,63,Yes,Yes,No,No internet service,No internet service,No internet service,No internet service,No internet service,No internet service,Two year,No,Bank transfer (automatic),35.66,2297.24,No
4832-YYRNK,Female,0,Yes,Yes,71,Yes,Yes,Fiber optic,No,Yes,No,No,No,Yes,Two year,Yes,Credit card (automatic),93.33,6748.53,No
7368-AIMAM,Male,1,Yes,No,72,Yes,No,DSL,No,Yes,Yes,Yes,No,Yes,Month-to-month,No,Bank transfer (automatic),71.54,4950.98,Yes
7861-OJXIL,Male,1,No,No,67,Yes,No,DSL,No,No,No,No,No,No,One year,Yes,Electronic check,48.02,3327.08,No
7609-RFRKG,Male,0,No,No,8,Yes,No,No,No internet service,No internet service,No internet service,No internet service,No internet service,No internet service,Month-to-month,Yes,Electronic check,21.6,178.46,Yes
7323-QWSBN,Female,1,Yes,No,23,Yes,No,Fiber optic,No,No,Yes,No,Yes,No,Month-to-month,Yes,Bank transfer (automatic),88.46,2109.23,Yes
7161-GOVKS,Female,0,No,No,2,Yes,Yes,DSL,Yes,No,No,No,No,No,Month-to-month,No,Bank transfer (automatic),61.08,119.23,Yes
4760-CMNXR,Male,0,No,No,5,Yes,No,DSL,No,No,No,No,No,Yes,Month-to-month,No,Electronic check,59.36,286.21,No
7180-KTYXD,Female,0,No,No,2,Yes,No,DSL,Yes,No,Yes,No,No,No,Month-to-month,Yes,Electronic check,61.86,123.23,Yes
5176-ZYGNX,Female,0,No,No,47,Yes,Yes,DSL,No,Yes,No,No,Yes,No,One year,Yes,Mailed check,73.48,3577.36,No
9764-DNEQL,Female,1,No,No,35,Yes,No,No,No internet service,No internet service,No internet service,No internet service,No internet service,No internet service,Month-to-month,No,Mailed check,23.2,836.31,No
3850-QURKD,Male,0,Yes,No,70,Yes,Yes,No,No internet service,No internet service,No internet service,No internet service,No internet service,No internet service,One year,Yes,Credit card (automatic),38.9,2774.65,Yes
7396-LYQJP,Female,0,No,No,28,Yes,No,DSL,Yes,No,No,Yes,Yes,Yes,Month-to-month,No,Credit card (automatic),76.55,2247.29,Yes
6880-XYPTP,Male,0,Yes,No,47,Yes,No,DSL,Yes,No,Yes,No,No,No,One year,Yes,Mailed check,61.01,2910.27,No
2970-FFCGS,Male,0,No,No,22,Yes,No,Fiber optic,No,No,No,No,No,No,One year,Yes,Bank transfer (automatic),70.83,1620.52,Yes
6141-RQPJD,Male,0,No,No,64,Yes,Yes,Fiber optic,No,No,No,No,No,No,Two year,Yes,Electronic check,77.84,4959.69,No
6659-BBPYW,Female,0,Yes,No,71,Yes,No,DSL,No,Yes,Yes,No,No,Yes,One year,No,Mailed check,72.48,5296.31,No
7051-ZOAFN,Female,1,No,No,25,Yes,Yes,No,No internet service,No internet service,No internet service,No internet service,No internet service,No internet service,Month-to-month,Yes,Credit card (automatic),34.58,880.52,No
2059-OMRTE,Female,0,Yes,No,2,Yes,Yes,No,No internet service,No internet service,No internet service,No internet service,No internet service,No internet service,Month-to-month,Yes,Electronic check,36.13,68.99,Yes
2757-MADHS,Female,0,Yes,Yes,5,Yes,Yes,DSL,No,No,No,Yes,No,No,Month-to-month,No,Credit card (automatic),62.62,309.12,No
7862-WRHKE,Female,0,Yes,No,54,Yes,No,Fiber optic,No,Yes,No,No,Yes,Yes,Two year,Yes,Electronic check,91.2,5083.92,No
1494-AGUTT,Female,0,No,No,16,Yes,Yes,Fiber optic,No,Yes,Yes,No,Yes,No,Two year,Yes,Electronic check,97.16,1535.54,No
8162-XSGRH,Male,0,Yes,No,60,Yes,Yes,DSL,No,Yes,No,Yes,No,Yes,Month-to-month,No,Electronic check,77.78,4570.25,No
3768-HZAPQ,Male,1,No,No,57,Yes,No,Fiber optic,No,No,No,No,Yes,Yes,Two year,Yes,Bank transfer (automatic),91.87,4988.63,Yes
2958-FITAH,Male,0,No,No,52,Yes,Yes,Fiber optic,No,No,No,No,Yes,No,Two year,Yes,Electronic check,90.12,4524.5,No
7121-LWGRS,Male,0,No,Yes,63,Yes,No,Fiber optic,No,No,Yes,Yes,No,Yes,Two year,Yes,Electronic check,89.08,5419.84,No
8472-SDPZM,Female,0,No,No,58,Yes,No,DSL,Yes,Yes,Yes,No,Yes,Yes,Two year,Yes,Bank transfer (automatic),87.04,5265.69,No
5690-QKUSR,Female,1,No,No,46,Yes,No,Fiber optic,No,No,No,Yes,No,Yes,Two year,No,Credit card (automatic),81.56,3614.0,No
4607-LKQDO,Female,0,Yes,Yes,1,Yes,No,Fiber optic,No,No,Yes,No,No,No,One year,No,Electronic check,72.05,71.97,Yes
1921-UIXGP,Male,0,Yes,No,34,Yes,Yes,Fiber optic,No,No,No,Yes,Yes,Yes,One year,Yes,Credit card (automatic),107.96,3771.95,Yes
2668-TUHZN,Female,1,No,No,42,Yes,No,No,No internet service,No internet service,No internet service,No internet service,No internet service,No internet service,Month-to-month,No,Electronic check,23.9,1003.06,No
2785-NCPOG,Male,0,No,No,71,Yes,Yes,Fiber optic,Yes,Yes,Yes,No,No,No,Two year,Yes,Electronic check,93.15,6555.89,No
2310-BJMRW,Female,1,Yes,No,48,Yes,No,No,No internet service,No internet service,No internet service,No internet service,No internet service,No internet service,Two year,Yes,Mailed check,23.62,1179.66,No
3828-HUEFO,Male,1,No,Yes,40,Yes,No,No,No internet service,No internet service,No internet service,No internet service,No internet service,No internet service,One year,Yes,Credit card (automatic),22.22,924.16,No
3588-BKUBT,Female,0,Yes,Yes,36,No,No phone service,Fiber optic,Yes,No,Yes,No,Yes,No,Two year,No,Bank transfer (automatic),84.27,3138.1,No
5562-QXDZX,Female,0,No,No,3,Yes,No,Fiber optic,No,No,No,No,No,No,Month-to-month,Yes,Credit card (automatic),72.72,217.91,Yes
6631-VTEBE,Female,0,No,No,24,Yes,Yes,Fiber optic,No,No,No,Yes,Yes,No,Month-to-month,Yes,Bank transfer (automatic),96.23,2325.43,No
6083-QNEWQ,Male,1,No,No,3,Yes,No,No,No internet service,No internet service,No internet service,No internet service,No internet service,No internet service,One year,Yes,Bank transfer (automatic),25.96,75.4,No
3829-ZYOBX,Male,0,No,No,2,Yes,No,Fiber optic,No,Yes,No,No,Yes,No,Month-to-month,Yes,Electronic check,81.39,168.57,Yes
1181-QNANI,Male,0,No,No,16,Yes,Yes,DSL,No,Yes,Yes,No,No,No,Month-to-month,No,Mailed check,73.24,1134.85,No
1256-YZKTE,Male,0,No,No,47,No,No phone service,DSL,No,Yes,No,Yes,Yes,Yes,Month-to-month,No,Mailed check,78.07,3550.54,No
2958-XREUY,Female,0,No,No,68,Yes,No,No,No internet service,No internet service,No internet service,No internet service,No internet service,No internet service,Month-to-month,Yes,Credit card (automatic),27.92,1987.66,No
1303-WFTWN,Female,0,Yes,No,63,Yes,No,DSL,Yes,No,Yes,Yes,Yes,Yes,Two year,Yes,Credit card (automatic),84.9,5270.73,No
2566-DQECD,Male,0,Yes,Yes,13,Yes,Yes,No,No internet service,No internet service,No internet service,No internet service,No internet service,No internet service,Month-to-month,Yes,Credit card (automatic),32.87,446.99,Yes
7981-GWVJK,Female,0,No,Yes,1,Yes,Yes,No,No internet service,No internet service,No internet service,No internet service,No internet service,No internet service,Month-to-month,Yes,Credit card (automatic),34.16,35.66,Yes
1938-QZWNF,Female,0,Yes,Yes,22,Yes,Yes,Fiber optic,No,No,No,Yes,No,Yes,Two year,No,Credit card (automatic),94.08,2153.34,No
7030-ZPSIV,Male,0,Yes,No,15,Yes,Yes,No,No internet service,No internet service,No internet service,No internet service,No internet service,No internet service,Month-to-month,No,Electronic check,36.92,576.52,Yes
5537-DBGJP,Male,0,No,No,20,No,No phone service,DSL,No,No,Yes,No,Yes,Yes,Month-to-month,Yes,Electronic check,71.44,1443.51,Yes
2857-UNTUV,Female,0,No,No,38,Yes,No,No,No internet service,No internet service,No internet service,No internet service,No internet service,No internet service,Month-to-month,No,Electronic check,27.75,1006.52,No
6669-CPJGV,Female,0,Yes,No,1,Yes,No,Fiber optic,No,No,Yes,No,No,No,Month-to-month,Yes,Electronic check,74.48,77.26,Yes
6254-OJLLS,Female,0,Yes,No,20,Yes,Yes,No,No internet service,No internet service,No internet service,No internet service,No internet service,No internet service,One year,Yes,Electronic check,38.32,802.94,No
3849-TJZSZ,Male,0,No,No,38,Yes,No,DSL,No,No,Yes,No,Yes,No,Two year,Yes,Mailed check,66.97,2620.35,No
7382-OYTID,Male,0,No,No,25,Yes,No,DSL,Yes,No,Yes,No,No,No,Month-to-month,No,Mailed check,62.6,1588.54,No
4722-JVYQD,Female,0,No,No,49,Yes,Yes,DSL,No,No,No,No,Yes,No,Two year,No,Mailed check,67.91,3229.56,No
3413-YOIBQ,Male,1,Yes,No,6,No,No phone service,Fiber optic,No,Yes,No,No,No,No,Month-to-month,No,Electronic check,73.67,461.38,Yes
5999-SCECO,Male,0,No,Yes,4,Yes,No,DSL,Yes,No,Yes,No,No,Yes,Month-to-month,Yes,Mailed check,72.1,275.7,Yes
6220-IWIOI,Female,0,No,No,14,Yes,No,DSL,Yes,Yes,No,No,Yes,Yes,One year,No,Electronic check,78.43,1087.86,Yes
9366-XOAOB,Female,0,No,No,3,Yes,No,DSL,No,No,No,No,No,No,Month-to-month,Yes,Bank transfer (automatic),49.04,145.11,Yes
6507-OTATO,Female,0,Yes,Yes,9,Yes,No,Fiber optic,No,No,Yes,No,No,Yes,Month-to-month,Yes,Credit card (automatic),85.85,799.99,Yes
8194-JKTNN,Male,0,Yes,Yes,2,Yes,Yes,Fiber optic,Yes,No,Yes,No,No,No,Month-to-month,Yes,Credit card (automatic),86.81,166.83,Yes
2925-LTRNB,Male,0,No,No,22,Yes,Yes,Fiber optic,Yes,Yes,No,Yes,Yes,Yes,One year,No,Credit card (automatic),117.28,2493.25,No
8443-FHZZG,Female,0,No,No,53,Yes,Yes,Fiber optic,No,No,No,Yes,No,No,One year,No,Electronic check,84.7,4386.31,No
2677-SECYR,Female,0,No,Yes,13,Yes,No,No,No internet service,No internet service,No internet service,No internet service,No internet service,No internet service,Two year,No,Bank transfer (automatic),27.09,348.71,No
6674-TUUUS,Female,0,No,No,0,Yes,Yes,No,No internet service,No internet service,No internet service,No internet service,No internet service,No internet service,Month-to-month,No,Electronic check,33.44, ,Yes
3981-HRQZJ,Female,0,No,No,38,Yes,No,Fiber optic,No,No,No,No,No,No,Month-to-month,No,Mailed check,72.94,2792.26,No
8262-HMWTD,Female,0,Yes,No,52,Yes,No,Fiber optic,No,Yes,No,No,Yes,No,One year,No,Credit card (automatic),86.2,4649.32,No
3274-ZOXQY,Female,0,No,No,21,Yes,No,Fiber optic,No,No,No,Yes,Yes,Yes,Two year,Yes,Electronic check,94.56,1971.82,No
7241-FVSLY,Male,0,No,No,13,Yes,Yes,DSL,Yes,Yes,Yes,No,Yes,No,Month-to-month,Yes,Credit card (automatic),84.38,1071.61,Yes
9664-AWVIY,Female,0,No,No,31,Yes,No,Fiber optic,No,Yes,Yes,No,Yes,Yes,Month-to-month,Yes,Bank transfer (automatic),97.27,2886.33,Yes
4660-SPKZE,Female,0,No,Yes,3,Yes,No,Fiber optic,Yes,No,Yes,No,No,No,Month-to-month,Yes,Electronic check,76.97,226.34,Yes
2713-AELQY,Male,0,No,Yes,47,Yes,No,Fiber optic,No,No,No,Yes,No,Yes,Two year,Yes,Electronic check,81.05,3783.91,No
1901-MAWWZ,Female,0,Yes,Yes,55,Yes,No,Fiber optic,No,No,No,No,Yes,Yes,Month-to-month,Yes,Electronic check,89.9,5053.81,Yes
6097-HSJKN,Male,0,Yes,No,53,Yes,Yes,Fiber optic,Yes,No,No,No,Yes,Yes,Two year,Yes,Electronic check,108.67,5672.77,No
4909-BVMLO,Female,0,No,No,16,Yes,No,DSL,Yes,No,No,No,No,No,Two year,Yes,Electronic check,51.42,845.23,No
7387-NPWIO,Male,0,No,No,66,Yes,Yes,No,No internet service,No internet service,No internet service,No internet service,No internet service,No internet service,One year,No,Electronic check,38.96,2528.33,No
6200-BSGRM,Male,1,Yes,Yes,71,Yes,Yes,No,No internet service,No internet service,No internet service,No internet service,No internet service,No internet service,One year,Yes,Bank transfer (automatic),38.62,2605.94,No
2585-HDBFV,Female,1,Yes,Yes,13,Yes,Yes,Fiber optic,No,No,Yes,Yes,No,Yes,One year,No,Bank transfer (automatic),103.75,1299.85,No
9078-PNHRJ,Male,0,No,No,11,Yes,Yes,DSL,Yes,Yes,No,No,Yes,No,Month-to-month,No,Bank transfer (automatic),79.62,850.7,Yes
2518-FTIVT,Female,0,Yes,No,53,Yes,No,Fiber optic,No,No,No,No,No,Yes,Month-to-month,Yes,Bank transfer (automatic),79.79,4173.0,No
7540-NRAUP,Male,0,Yes,No,53,Yes,No,Fiber optic,No,No,Yes,No,Yes,No,Month-to-month,No,Electronic check,86.84,4395.39,Yes
6858-QPHRO,Female,0,No,No,33,No,No phone service,No,No internet service,No internet service,No internet service,No internet service,No internet service,No internet service,Two year,Yes,Electronic check,19.16,653.29,No
9162-BCDNW,Female,0,Yes,Yes,70,Yes,No,DSL,No,Yes,No,No,Yes,No,Two year,Yes,Bank transfer (automatic),61.33,4178.58,No
4742-DMIIW,Female,0,No,No,4,Yes,No,Fiber optic,No,No,Yes,Yes,Yes,Yes,One year,Yes,Bank transfer (automatic),99.95,410.49,Yes
3480-ODOQK,Female,0,Yes,No,30,Yes,No,Fiber optic,Yes,No,No,Yes,No,Yes,Month-to-month,No,Electronic check,91.15,2766.75,No
7386-EHNXC,Female,0,No,Yes,1,Yes,No,DSL,No,No,No,No,Yes,Yes,Month-to-month,Yes,Electronic check,70.09,72.7,Yes
3496-JKOZC,Male,0,No,No,2,Yes,No,DSL,No,No,No,Yes,No,Yes,Month-to-month,Yes,Mailed check,63.89,126.45,No
3941-BLZUP,Male,1,Yes,No,2,No,No phone service,Fiber optic,No,Yes,Yes,No,No,No,One year,No,Electronic check,78.56,159.78,Yes
7686-TYLAW,Male,0,No,No,31,Yes,Yes,No,No internet service,No internet service,No internet service,No internet service,No internet service,No internet service,Month-to-month,No,Electronic check,38.74,1185.44,No
1660-LKBRI,Female,1,Yes,Yes,41,Yes,Yes,No,No internet service,No internet service,No internet service,No internet service,No internet service,No internet service,Two year,Yes,Credit card (automatic),32.56,1369.81,No
1049-PISVE,Female,0,No,No,1,No,No phone service,Fiber optic,No,Yes,No,No,Yes,Yes,Month-to-month,Yes,Electronic check,93.51,92.69,Yes
1551-YGXHR,Male,0,No,No,46,Yes,No,Fiber optic,Yes,Yes,No,Yes,No,No,Month-to-month,Yes,Electronic check,81.55,3910.09,Yes
4315-NONXE,Male,1,No,No,31,No,No phone service,Fiber optic,No,No,No,Yes,No,No,Two year,No,Credit card (automatic),73.61,2383.43,Yes
2845-MGGDO,Male,1,Yes,Yes,8,Yes,Yes,Fiber optic,No,No,Yes,Yes,No,Yes,One year,Yes,Electronic check,103.27,864.06,Yes
7157-XYRYE,Male,0,Yes,No,1,Yes,Yes,DSL,No,No,No,Yes,Yes,No,One year,No,Bank transfer (automatic),77.89,79.48,No
1931-IGSSF,Female,0,No,Yes,4,Yes,No,Fiber optic,No,Yes,No,No,Yes,Yes,Month-to-month,No,Credit card (automatic),95.08,370.36,Yes
8173-KCDJS,Female,0,Yes,Yes,43,No,No phone service,DSL,No,No,Yes,Yes,Yes,No,Two year,No,Mailed check,64.17,2850.8,No
8543-KNVPN,Female,0,No,No,49,Yes,No,No,No internet service,No internet service,No internet service,No internet service,No internet service,No internet service,Two year,Yes,Mailed check,22.81,1084.16,No
6794-GRCOB,Male,0,Yes,Yes,47,Yes,Yes,No,No internet service,No internet service,No internet service,No internet service,No internet service,No internet service,Two year,No,Electronic check,31.22,1503.28,No
7211-DMPYN,Female,0,Yes,No,4,No,No phone service,Fiber optic,Yes,No,Yes,Yes,Yes,Yes,Month-to-month,Yes,Mailed check,101.1,423.46,No
3693-IUMYU,Male,0,Yes,No,70,Yes,Yes,DSL,Yes,No,Yes,Yes,Yes,Yes,One year,Yes,Mailed check,91.9,6360.96,No
3113-DMFGV,Male,0,No,No,23,Yes,Yes,Fiber optic,Yes,Yes,No,No,Yes,Yes,Two year,Yes,Electronic check,112.97,2472.61,No
8727-UDPVL,Female,0,No,No,59,Yes,Yes,No,No internet service,No internet service,No internet service,No internet service,No internet service,No internet service,Two year,No,Electronic check,37.38,2276.25,No
6434-RIZCD,Male,1,Yes,Yes,5,Yes,No,No,No internet service,No internet service,No internet service,No internet service,No internet service,No internet service,Month-to-month,Yes,Mailed check,26.29,135.91,Yes
1493-TCGBG,Male,0,Yes,Yes,29,Yes,No,No,No internet service,No internet service,No internet service,No internet service,No internet service,No internet service,Two year,Yes,Mailed check,26.24,739.37,No
7321-YOGJU,Male,0,Yes,No,34,No,No phone service,Fiber optic,No,Yes,Yes,Yes,No,No,Month-to-month,Yes,Electronic check,82.35,2807.84,No
2459-OTDBM,Female,1,Yes,Yes,59,Yes,Yes,No,No internet service,No internet service,No internet service,No internet service,No internet service,No internet service,Two year,Yes,Credit card (automatic),33.58,1963.89,No
5154-RUJML,Female,0,No,No,45,Yes,No,DSL,No,No,No,No,Yes,Yes,Two year,No,Credit card (automatic),68.02,2910.85,No
1079-SJFPJ,Female,0,No,Yes,22,Yes,Yes,DSL,Yes,Yes,Yes,No,Yes,Yes,Two year,Yes,Credit card (automatic),93.41,2105.92,No
9166-MGOQW,Female,0,No,Yes,12,Yes,No,Fiber optic,No,No,Yes,Yes,No,No,Month-to-month,Yes,Electronic check,83.06,979.04,Yes
6723-SPQVS,Male,0,No,No,72,Yes,Yes,DSL,Yes,No,Yes,No,No,Yes,Two year,No,Mailed check,76.9,5783.0,No
7450-ORZKY,Male,0,No,No,12,Yes,No,DSL,No,Yes,No,No,Yes,Yes,Two year,Yes,Bank transfer (automatic),76.3,945.25,No
9553-IQADD,Male,0,No,Yes,3,Yes,Yes,Fiber optic,Yes,No,No,No,Yes,Yes,Two year,No,Electronic check,108.7,336.07,No
9095-DMSEW,Female,0,No,No,14,Yes,No,Fiber optic,Yes,No,Yes,No,No,Yes,Two year,Yes,Electronic check,92.93,1333.53,No
1182-JLSPQ,Male,0,No,No,16,Yes,No,DSL,Yes,No,Yes,No,No,No,One year,No,Electronic check,57.88,928.56,Yes
8636-EZCNO,Female,0,Yes,No,3,Yes,No,DSL,Yes,Yes,No,Yes,Yes,Yes,Month-to-month,Yes,Mailed check,86.51,251.72,No
4667-GKHGS,Male,0,No,No,53,Yes,No,No,No internet service,No internet service,No internet service,No internet service,No internet service,No internet service,Two year,No,Electronic check,24.74,1315.4,No
4072-CMYQY,Female,0,No,No,45,Yes,Yes,DSL,No,Yes,Yes,Yes,No,No,One year,Yes,Electronic check,75.54,3272.45,No
4653-QPQYT,Female,0,No,Yes,15,Yes,No,No,No internet service,No internet service,No internet service,No internet service,No internet service,No internet service,One year,Yes,Credit card (automatic),26.18,410.64,No
1409-OGDLA,Male,0,No,Yes,72,Yes,Yes,Fiber optic,Yes,No,Yes,Yes,Yes,Yes,Month-to-month,No,Credit card (automatic),116.49,8084.6,No
1775-OVTZJ,Female,0,Yes,No,48,Yes,Yes,Fiber optic,No,Yes,Yes,No,Yes,No,Two year,Yes,Bank transfer (automatic),98.17,4489.41,Yes
7066-VAMKG,Male,0,Yes,No,53,Yes,Yes,DSL,No,Yes,No,No,Yes,No,Two year,Yes,Electronic check,77.0,3882.76,No
6156-KTWMK,Male,0,No,No,38,Yes,No,DSL,No,No,Yes,Yes,Yes,No,Two year,No,Electronic check,73.23,2872.09,No
2195-PUOGJ,Male,0,No,No,37,Yes,No,Fiber optic,Yes,Yes,No,No,Yes,Yes,One year,Yes,Credit card (automatic),98.73,3620.92,No
4504-DWOKZ,Female,0,No,No,1,No,No phone service,DSL,No,Yes,Yes,Yes,No,Yes,Month-to-month,No,Credit card (automatic),68.92,66.64,Yes
6543-EBLBZ,Male,1,Yes,No,59,Yes,No,DSL,Yes,Yes,No,Yes,Yes,No,One year,Yes,Mailed check,71.63,4340.79,No
9047-GJYPQ,Male,0,Yes,No,70,Yes,No,No,No internet service,No internet service,No internet service,No internet service,No internet service,No internet service,Two year,Yes,Bank transfer (automatic),26.95,1891.04,No
4695-NCQUN,Female,0,Yes,No,3,Yes,Yes,DSL,No,No,Yes,No,No,No,Month-to-month,Yes,Bank transfer (automatic),63.72,192.66,No
8546-BWRVZ,Male,0,No,No,61,Yes,Yes,Fiber optic,Yes,No,No,No,No,Yes,Two year,No,Credit card (automatic),95.66,5868.54,No
1432-PDJVO,Male,0,No,No,36,Yes,No,Fiber optic,No,Yes,No,No,Yes,Yes,Two year,Yes,Electronic check,94.05,3519.97,No
6422-HGBMW,Female,0,No,No,13,Yes,No,DSL,No,No,No,Yes,Yes,Yes,Two year,Yes,Bank transfer (automatic),75.22,963.0,No
7303-PLFMG,Male,0,No,No,70,Yes,Yes,Fiber optic,Yes,No,No,No,No,No,Two year,No,Credit card (automatic),87.21,6378.8,No
7346-BFZZZ,Male,0,No,No,1,Yes,Yes,Fiber optic,No,No,Yes,No,No,No,Month-to-month,No,Electronic check,82.59,79.56,Yes
5714-CIJBG,Female,0,Yes,No,12,No,No phone service,Fiber optic,No,Yes,Yes,No,No,No,Month-to-month,Yes,Electronic check,71.14,861.67,Yes
5260-JELAX,Male,0,Yes,No,70,Yes,Yes,Fiber optic,No,Yes,No,Yes,Yes,Yes,Month-to-month,Yes,Electronic check,110.77,7925.31,No
2266-ZSWND,Male,0,No,No,30,Yes,No,DSL,Yes,No,No,No,No,Yes,Month-to-month,No,Electronic check,63.96,1945.46,Yes
6386-KXVXF,Male,1,Yes,Yes,42,Yes,Yes,Fiber optic,No,No,No,No,Yes,Yes,One year,Yes,Electronic check,100.62,4407.88,Yes
1481-IZBUI,Female,0,No,No,57,Yes,Yes,DSL,No,Yes,No,Yes,Yes,No,Two year,No,Electronic check,83.1,4600.05,No
7701-FNDUH,Male,0,No,No,4,Yes,No,Fiber optic,No,Yes,Yes,No,Yes,No,Month-to-month,Yes,Bank transfer (automatic),88.43,362.69,Yes
4748-VFUCO,Male,1,Yes,No,8,Yes,No,Fiber optic,No,Yes,No,No,Yes,No,Month-to-month,Yes,Electronic check,88.76,706.59,Yes
7264-OFBXX,Male,0,Yes,Yes,72,Yes,No,DSL,No,No,No,Yes,Yes,Yes,One year,No,Electronic check,75.15,5290.11,No
2555-RDXEE,Male,0,Yes,No,9,Yes,No,Fiber optic,No,No,No,Yes,No,No,Month-to-month,No,Mailed check,76.86,660.58,Yes
8669-SRLWA,Female,0,No,No,36,Yes,No,Fiber optic,No,No,No,No,No,Yes,Month-to-month,No,Electronic check,82.77,2876.7,Yes
5384-QKJSN,Male,0,Yes,Yes,14,Yes,No,DSL,Yes,No,Yes,No,Yes,No,One year,No,Electronic check,68.62,937.44,Yes
7074-CJTBX,Female,0,Yes,Yes,66,Yes,No,DSL,Yes,Yes,Yes,No,No,No,Month-to-month,Yes,Electronic check,61.12,4082.06,No
6103-HFDKQ,Male,0,No,Yes,71,Yes,Yes,No,No internet service,No internet service,No internet service,No internet service,No internet service,No internet service,Two year,Yes,Credit card (automatic),33.3,2472.59,No
3233-FLOWS,Male,0,Yes,No,3,Yes,Yes,Fiber optic,No,No,Yes,No,No,Yes,Month-to-month,Yes,Electronic check,94.28,276.99,Yes
7228-LWYAO,Male,0,Yes,No,43,Yes,No,Fiber optic,No,Yes,No,Yes,No,No,Month-to-month,No,Bank transfer (automatic),82.49,3400.48,No
5610-WVYNM,Male,0,Yes,Yes,63,Yes,Yes,No,No internet service,No internet service,No internet service,No internet service,No internet service,No internet service,Two year,No,Bank transfer (automatic),34.83,2163.35,No
9107-BMATG,Male,0,Yes,No,64,No,No phone service,Fiber optic,Yes,No,No,No,Yes,Yes,Two year,No,Bank transfer (automatic),89.43,6007.21,No
9479-XKPHZ,Female,0,No,No,26,Yes,Yes,No,No internet service,No internet service,No internet service,No internet service,No internet service,No internet service,Month-to-month,Yes,Bank transfer (automatic),37.54,1003.67,Yes
2008-KDYTA,Female,0,No,No,9,Yes,No,Fiber optic,No,No,No,No,No,Yes,Month-to-month,No,Mailed check,82.61,718.08,Yes
1079-AIUGK,Male,0,Yes,Yes,21,Yes,Yes,DSL,No,Yes,No,No,Yes,No,One year,No,Bank transfer (automatic),77.45,1574.95,No
4465-XHOUY,Female,0,No,No,57,Yes,Yes,Fiber optic,No,Yes,Yes,No,No,No,One year,No,Electronic check,91.38,5258.29,Yes
2002-AIEZQ,Female,0,Yes,No,72,Yes,No,DSL,Yes,No,Yes,No,Yes,Yes,Two year,Yes,Mailed check,76.24,5321.41,No
3977-DBRMS,Male,0,No,No,38,Yes,Yes,Fiber optic,No,Yes,Yes,No,Yes,No,Two year,No,Credit card (automatic),98.83,3942.17,No
2902-LIKEX,Male,0,No,No,7,Yes,No,No,No internet service,No internet service,No internet service,No internet service,No internet service,No internet service,Month-to-month,Yes,Bank transfer (automatic),25.38,183.16,No
8058-WWYFA,Female,0,No,No,1,No,No phone service,Fiber optic,No,Yes,No,Yes,No,No,Month-to-month,Yes,Electronic check,73.36,69.84,Yes
9133-LUCNU,Male,0,Yes,Yes,71,Yes,No,Fiber optic,No,No,Yes,No,No,No,One year,Yes,Credit card (automatic),74.37,5168.99,No
2686-ZEVFY,Female,0,Yes,No,30,Yes,Yes,No,No internet service,No internet service,No internet service,No internet service,No internet service,No internet service,Two year,No,Mailed check,31.86,934.21,No
4276-OWLZD,Female,0,No,No,54,Yes,Yes,DSL,No,No,No,No,Yes,No,Month-to-month,No,Mailed check,66.23,3690.74,No
7716-HCVVZ,Male,0,Yes,Yes,49,No,No phone service,No,No internet service,No internet service,No internet service,No internet service,No internet service,No internet service,One year,No,Mailed check,20.52,995.94,No
1594-YYLMA,Female,0,No,No,70,No,No phone service,Fiber optic,No,No,No,Yes,Yes,No,One year,Yes,Mailed check,81.82,5619.3,No
9983-OSAVB,Male,1,Yes,Yes,11,Yes,Yes,Fiber optic,No,No,No,No,Yes,No,Month-to-month,Yes,Mailed check,90.31,1011.19,Yes
6156-SCKBV,Male,0,Yes,Yes,26,Yes,No,Fiber optic,No,No,No,Yes,No,Yes,Month-to-month,Yes,Electronic check,83.78,2250.74,No
6688-XTKKG,Male,0,No,No,70,Yes,Yes,DSL,No,No,No,No,No,Yes,Two year,Yes,Electronic check,73.61,5389.99,No
5664-VBHJI,Male,0,No,No,41,Yes,No,Fiber optic,No,No,Yes,No,No,No,Month-to-month,Yes,Mailed check,72.77,3092.52,No
9016-SAOMU,Female,0,No,No,2,Yes,No,Fiber optic,No,No,Yes,No,No,Yes,Month-to-month,Yes,Electronic check,85.15,173.88,Yes
6882-PNGSW,Male,0,Yes,No,7,Yes,Yes,DSL,No,Yes,No,No,No,Yes,One year,Yes,Credit card (automatic),73.1,505.17,No
1841-QLYAK,Female,0,Yes,No,9,Yes,Yes,DSL,No,No,Yes,No,Yes,Yes,Month-to-month,Yes,Credit card (automatic),88.57,798.92,Yes
2695-EILIR,Male,0,No,No,72,Yes,Yes,Fiber optic,No,No,No,Yes,No,Yes,Two year,No,Electronic check,91.11,6595.32,No
2948-HGBBD,Male,0,No,No,9,Yes,Yes,Fiber optic,No,No,No,Yes,No,No,Month-to-month,Yes,Electronic check,88.04,795.17,Yes
8118-DMWYE,Male,0,No,No,68,No,No phone service,Fiber optic,No,Yes,Yes,No,Yes,No,Two year,Yes,Bank transfer (automatic),85.46,6084.54,No
2047-DKQXJ,Male,0,No,No,2,Yes,No,Fiber optic,No,Yes,Yes,No,No,Yes,Month-to-month,No,Electronic check,93.48,192.11,Yes
5392-UYJXW,Male,0,Yes,Yes,6,Yes,Yes,DSL,Yes,Yes,No,Yes,No,Yes,One year,Yes,Credit card (automatic),87.24,500.56,No
6560-WJDKV,Female,0,No,No,68,Yes,No,No,No internet service,No internet service,No internet service,No internet service,No internet service,No internet service,One year,Yes,Mailed check,26.32,1807.8,No
2591-HBHMM,Male,0,No,No,70,Yes,No,Fiber optic,No,No,Yes,No,Yes,No,Two year,Yes,Electronic check,87.0,6224.43,No
1725-XFCVA,Female,0,No,No,6,Yes,No,No,No internet service,No internet service,No internet service,No internet service,No internet service,No internet service,Month-to-month,No,Credit card (automatic),27.64,163.39,Yes
6412-RTNBW,Male,0,Yes,No,9,Yes,Yes,Fiber optic,No,Yes,Yes,Yes,Yes,No,One year,Yes,Bank transfer (automatic),103.4,896.98,Yes
5206-YUZRP,Female,0,No,No,35,Yes,Yes,Fiber optic,No,No,No,Yes,Yes,Yes,One year,Yes,Electronic check,106.71,3655.69,No
3434-UTEXH,Female,0,No,No,2,Yes,No,DSL,No,No,Yes,Yes,Yes,Yes,Month-to-month,Yes,Credit card (automatic),77.05,149.1,No
5013-XOPDS,Male,0,No,No,71,Yes,No,No,No internet service,No internet service,No internet service,No internet service,No internet service,No internet service,Two year,Yes,Credit card (automatic),27.49,1967.97,No
4178-MXZML,Female,0,Yes,No,19,Yes,No,No,No internet service,No internet service,No internet service,No internet service,No internet service,No internet service,Two year,No,Credit card (automatic),28.56,538.56,No
2277-DKEIE,Male,0,Yes,No,31,Yes,No,Fiber optic,No,No,Yes,No,No,Yes,One year,Yes,Credit card (automatic),85.89,2794.61,No
4839-WKMZB,Female,0,No,No,3,Yes,No,No,No internet service,No internet service,No internet service,No internet service,No internet service,No internet service,Month-to-month,Yes,Electronic check,27.98,87.81,Yes
7764-KYCHC,Female,0,No,No,1,Yes,No,DSL,No,Yes,No,No,No,No,Month-to-month,No,Electronic check,58.94,60.87,Yes
1587-ZPUXZ,Female,1,Yes,Yes,29,Yes,Yes,Fiber optic,No,No,No,No,Yes,No,Month-to-month,Yes,Electronic check,87.29,2562.6,No
5364-NFFAN,Female,0,Yes,Yes,3,Yes,Yes,Fiber optic,No,No,No,No,Yes,No,Month-to-month,No,Electronic check,88.08,255.1,Yes
8824-YXMKP,Female,0,No,No,46,Yes,No,No,No internet service,No internet service,No internet service,No internet service,No internet service,No internet service,Month-to-month,Yes,Electronic check,24.89,1126.18,No
6456-VNBTU,Female,0,No,No,61,Yes,Yes,DSL,No,No,Yes,Yes,No,Yes,Two year,Yes,Electronic check,82.56,4994.65,No
8343-WONLC,Male,0,Yes,Yes,1,Yes,Yes,Fiber optic,Yes,No,Yes,No,No,No,One year,Yes,Bank transfer (automatic),92.57,94.8,Yes
5895-AUPLF,Female,0,Yes,No,44,Yes,Yes,DSL,No,Yes,No,Yes,No,No,Two year,No,Electronic check,72.34,3254.83,No
2043-BCOWS,Male,0,No,No,63,Yes,No,DSL,No,No,No,No,Yes,No,One year,No,Mailed check,63.47,4102.95,No
1114-RMVCU,Female,0,Yes,No,26,Yes,No,DSL,Yes,Yes,No,No,No,Yes,One year,Yes,Bank transfer (automatic),73.25,1987.76,No
3047-XVMQN,Female,0,Yes,Yes,71,Yes,Yes,No,No internet service,No internet service,No internet service,No internet service,No internet service,No internet service,Two year,No,Electronic check,34.71,2442.75,No
6864-CGFHI,Female,0,No,No,3,Yes,Yes,No,No internet service,No internet service,No internet service,No internet service,No internet service,No internet service,Month-to-month,Yes,Credit card (automatic),37.86,109.36,Yes
7842-IDGQK,Female,1,Yes,No,16,Yes,Yes,DSL,No,No,No,No,No,Yes,One year,No,Credit card (automatic),68.64,1138.55,Yes
4747-MQMYZ,Female,0,Yes,Yes,9,Yes,No,DSL,Yes,Yes,No,No,No,Yes,One year,No,Bank transfer (automatic),72.62,685.9,No
5523-DDROS,Male,1,Yes,No,72,Yes,Yes,Fiber optic,No,No,Yes,Yes,No,Yes,Month-to-month,No,Credit card (automatic),103.46,7595.0,Yes
6435-SUPVQ,Male,0,No,No,13,Yes,No,Fiber optic,Yes,Yes,No,No,No,Yes,Two year,Yes,Electronic check,90.11,1144.25,No
3519-TTWED,Female,0,Yes,Yes,21,Yes,Yes,No,No internet service,No internet service,No internet service,No internet service,No internet service,No internet service,Month-to-month,No,Electronic check,31.58,658.9,No
4288-ODRKI,Male,1,Yes,No,66,Yes,Yes,DSL,Yes,Yes,No,Yes,No,Yes,Month-to-month,No,Electronic check,84.86,5546.35,No
3506-BNLQL,Female,0,Yes,No,71,Yes,No,No,No internet service,No internet service,No internet service,No internet service,No internet service,No internet service,Month-to-month,No,Mailed check,23.12,1661.42,No
7037-XLURM,Male,1,Yes,Yes,71,Yes,No,Fiber optic,Yes,Yes,Yes,Yes,Yes,No,Two year,No,Bank transfer (automatic),100.46,7302.47,No
9168-FOWXM,Male,0,No,Yes,38,Yes,Yes,DSL,No,Yes,Yes,No,Yes,Yes,Two year,Yes,Credit card (automatic),90.61,3391.41,No
9434-HEDXF,Female,1,No,No,49,Yes,Yes,DSL,No,No,Yes,No,No,Yes,Two year,No,Credit card (automatic),74.41,3792.32,No
4936-GIAPR,Male,0,No,No,18,Yes,Yes,DSL,No,No,Yes,Yes,Yes,Yes,One year,No,Bank transfer (automatic),91.56,1652.11,Yes
9632-MRPPY,Male,0,Yes,Yes,43,Yes,No,DSL,No,Yes,No,Yes,Yes,No,Month-to-month,Yes,Electronic check,69.89,3099.1,No
3531-IESVC,Male,0,Yes,Yes,14,Yes,No,No,No internet service,No internet service,No internet service,No internet service,No internet service,No internet service,Month-to-month,Yes,Mailed check,27.12,394.0,No
2540-YXFAJ,Male,0,Yes,No,57,Yes,No,No,No internet service,No internet service,No internet service,No internet service,No internet service,No internet service,Month-to-month,No,Bank transfer (automatic),21.95,1296.01,No
9956-FIJOI,Male,0,Yes,No,14,Yes,Yes,No,No internet service,No internet service,No internet service,No internet service,No internet service,No internet service,One year,Yes,Credit card (automatic),37.12,525.2,No
5275-PCFUW,Male,1,Yes,No,69,Yes,No,DSL,No,No,No,Yes,No,Yes,Two year,No,Credit card (automatic),65.58,4401.29,No
9493-VMUAS,Female,0,Yes,No,4,No,No phone service,Fiber optic,No,Yes,Yes,No,Yes,No,Month-to-month,Yes,Electronic check,81.67,331.11,Yes
7457-EPMGZ,Female,0,No,No,40,Yes,Yes,No,No internet service,No internet service,No internet service,No internet service,No internet service,No internet service,Month-to-month,Yes,Credit card (automatic),32.98,1339.52,No
6963-LJYAE,Male,0,No,No,34,Yes,Yes,Fiber optic,Yes,No,No,No,Yes,Yes,One year,Yes,Electronic check,102.3,3440.68,Yes
5094-CYKRJ,Male,0,No,No,11,Yes,Yes,DSL,No,Yes,No,No,No,Yes,Month-to-month,No,Bank transfer (automatic),77.85,862.23,Yes
9759-QTUJT,Female,0,Yes,No,1,Yes,Yes,DSL,No,No,No,No,Yes,No,Month-to-month,Yes,Bank transfer (automatic),72.0,72.33,No
4597-CMBQU,Female,0,No,No,4,Yes,No,Fiber optic,No,Yes,No,Yes,Yes,No,One year,Yes,Electronic check,88.69,337.19,Yes
6978-EBOKX,Male,0,Yes,Yes,72,Yes,No,Fiber optic,No,Yes,Yes,No,No,Yes,Two year,Yes,Electronic check,93.15,6790.04,No
3073-YXUFK,Male,0,Yes,Yes,71,Yes,Yes,No,No internet service,No internet service,No internet service,No internet service,No internet service,No internet service,Month-to-month,No,Electronic check,37.33,2540.46,No
3363-AUQIW,Male,0,Yes,No,3,Yes,No,Fiber optic,No,Yes,Yes,No,Yes,Yes,Month-to-month,No,Electronic check,96.6,285.85,Yes
5089-TCIOM,Male,0,Yes,No,20,Yes,No,DSL,No,Yes,No,No,No,Yes,Two year,Yes,Credit card (automatic),68.73,1369.03,No
6474-SIQWR,Female,1,Yes,Yes,28,Yes,No,DSL,No,Yes,No,No,No,No,Two year,No,Electronic check,58.49,1677.44,No
3422-MZNGT,Female,0,Yes,Yes,30,Yes,No,No,No internet service,No internet service,No internet service,No internet service,No internet service,No internet service,Two year,No,Bank transfer (automatic),25.33,736.02,No
7386-OQRRK,Female,0,Yes,No,14,No,No phone service,Fiber optic,No,No,Yes,Yes,No,Yes,Month-to-month,Yes,Electronic check,86.4,1262.97,Yes
4810-GNTQU,Female,0,No,No,70,Yes,Yes,DSL,No,Yes,No,Yes,Yes,Yes,Two year,Yes,Mailed check,90.23,6040.65,No
8087-ITEKB,Male,0,Yes,No,70,Yes,No,No,No internet service,No internet service,No internet service,No internet service,No internet service,No internet service,Two year,Yes,Electronic check,24.45,1635.61,No
7260-EKWKM,Female,1,Yes,Yes,1,Yes,No,Fiber optic,No,No,No,Yes,No,No,Month-to-month,No,Credit card (automatic),72.54,69.98,Yes
8302-UMGKJ,Male,1,No,Yes,48,Yes,No,DSL,No,No,No,No,No,No,Month-to-month,Yes,Credit card (automatic),51.93,2407.82,No
6311-MYLSN,Male,1,Yes,Yes,2,Yes,No,Fiber optic,Yes,No,Yes,No,No,No,One year,Yes,Electronic check,76.94,155.2,No
9384-CUNDS,Female,0,No,No,42,Yes,Yes,Fiber optic,No,No,No,No,No,No,One year,No,Mailed check,81.7,3530.13,No
3996-LTRBW,Male,0,Yes,Yes,68,Yes,No,DSL,No,Yes,Yes,Yes,No,No,Two year,No,Mailed check,66.39,4610.95,No
7642-RCTFP,Male,0,No,No,48,Yes,No,Fiber optic,No,No,Yes,No,No,No,One year,No,Mailed check,78.89,3667.45,No
7850-SOEKV,Female,0,No,No,29,No,No phone service,Fiber optic,No,No,No,No,Yes,Yes,Month-to-month,No,Electronic check,82.83,2494.61,Yes
5313-ETJSR,Male,0,No,No,71,No,No phone service,Fiber optic,No,No,No,No,Yes,No,Two year,No,Mailed check,75.84,5205.74,No
1942-HPNOT,Female,0,Yes,Yes,57,Yes,No,DSL,Yes,No,Yes,Yes,No,Yes,Month-to-month,Yes,Electronic check,72.5,4173.35,No
6952-FSTAH,Male,0,Yes,No,10,Yes,No,Fiber optic,Yes,Yes,No,Yes,Yes,Yes,Month-to-month,Yes,Mailed check,106.31,1065.28,Yes
3536-JSOPK,Female,0,No,No,21,Yes,Yes,Fiber optic,No,No,No,No,No,No,Month-to-month,Yes,Mailed check,80.12,1700.82,Yes
5958-MZNZP,Male,0,No,No,58,Yes,No,No,No internet service,No internet service,No internet service,No internet service,No internet service,No internet service,Two year,Yes,Credit card (automatic),23.74,1340.85,No
7196-BDAOY,Female,0,No,No,1,Yes,No,Fiber optic,Yes,No,No,No,No,No,Month-to-month,Yes,Bank transfer (automatic),76.19,76.7,Yes
8631-UQKQS,Male,0,No,No,2,Yes,Yes,DSL,Yes,No,No,No,No,Yes,Two year,Yes,Electronic check,75.55,149.16,No
6529-BAOBT,Female,0,No,No,67,Yes,Yes,DSL,Yes,Yes,Yes,No,No,Yes,Two year,No,Credit card (automatic),87.01,5935.55,No
2141-RORBJ,Female,1,Yes,No,1,Yes,No,DSL,Yes,Yes,No,Yes,No,Yes,Month-to-month,Yes,Electronic check,71.27,70.79,Yes
4381-QJXQP,Male,0,No,No,50,Yes,No,Fiber optic,Yes,Yes,Yes,No,No,No,Two year,Yes,Electronic check,87.7,4181.12,No
4282-OSPWH,Male,0,No,No,15,Yes,No,DSL,No,Yes,No,No,Yes,No,Two year,No,Electronic check,68.59,1018.66,No
6204-VYDRE,Male,0,No,Yes,64,Yes,Yes,Fiber optic,No,Yes,Yes,No,No,No,Month-to-month,No,Bank transfer (automatic),87.32,5344.33,No
9405-OKVBY,Female,0,No,Yes,66,Yes,Yes,DSL,No,Yes,Yes,Yes,Yes,No,Two year,Yes,Electronic check,82.79,5593.25,No
8737-HQYXC,Female,1,No,No,71,Yes,No,Fiber optic,No,No,Yes,No,No,No,One year,Yes,Mailed check,75.05,5189.68,No
7476-TQRCW,Male,0,No,No,3,Yes,Yes,Fiber optic,No,No,Yes,No,No,Yes,Month-to-month,Yes,Credit card (automatic),96.64,280.75,Yes
8051-EEDWY,Female,1,Yes,No,24,Yes,No,Fiber optic,No,No,No,No,Yes,Yes,Month-to-month,No,Mailed check,89.7,2223.38,No
1097-HSIZD,Female,0,Yes,No,40,Yes,No,No,No internet service,No internet service,No internet service,No internet service,No internet service,No internet service,One year,Yes,Electronic check,24.69,993.53,No
4736-IWILR,Male,0,No,No,70,Yes,No,Fiber optic,No,Yes,No,No,No,Yes,Month-to-month,No,Bank transfer (automatic),88.99,6478.44,No
6285-LKPTQ,Male,0,No,No,11,Yes,No,DSL,Yes,Yes,No,Yes,No,Yes,Month-to-month,Yes,Bank transfer (automatic),73.83,798.88,Yes
3205-NZSMN,Female,0,No,No,2,Yes,No,Fiber optic,Yes,Yes,Yes,No,No,Yes,Two year,Yes,Credit card (automatic),95.77,186.56,No
9210-LHHUM,Female,0,Yes,No,7,Yes,No,No,No internet service,No internet service,No internet service,No internet service,No internet service,No internet service,One year,Yes,Electronic check,27.57,188.5,No
4155-FUBFC,Male,0,Yes,No,32,Yes,Yes,Fiber optic,No,Yes,Yes,Yes,Yes,Yes,Month-to-month,No,Electronic check,112.49,3779.12,Yes
1529-QFGFY,Male,0,Yes,No,51,Yes,No,No,No internet service,No internet service,No internet service,No internet service,No internet service,No internet service,One year,No,Electronic check,28.64,1507.25,No
8131-HDMGG,Male,0,Yes,No,52,Yes,Yes,No,No internet service,No internet service,No internet service,No internet service,No internet service,No internet service,Two year,Yes,Mailed check,32.5,1730.39,No
9808-UPTKL,Female,0,Yes,No,2,Yes,No,No,No internet service,No internet service,No internet service,No internet service,No internet service,No internet service,Month-to-month,No,Credit card (automatic),25.19,48.73,Yes
6273-WRPRH,Female,1,Yes,Yes,58,Yes,Yes,No,No internet service,No internet service,No internet service,No internet service,No internet service,No internet service,Two year,Yes,Bank transfer (automatic),35.55,1967.35,No
1116-ZLKWG,Male,0,Yes,No,49,No,No phone service,Fiber optic,No,Yes,No,No,Yes,No,Month-to-month,Yes,Electronic check,80.88,3905.55,Yes
5718-UALZX,Male,0,No,No,23,Yes,Yes,Fiber optic,No,Yes,No,No,Yes,No,Month-to-month,No,Mailed check,92.0,2211.25,Yes
3422-MXFUO,Male,0,No,No,39,Yes,No,Fiber optic,No,No,Yes,Yes,Yes,Yes,Month-to-month,Yes,Bank transfer (automatic),96.76,3709.25,Yes
2312-FXSPH,Female,1,Yes,No,59,Yes,Yes,Fiber optic,No,No,No,No,No,No,Two year,Yes,Mailed check,77.76,4679.66,No
7984-BHZKU,Male,0,Yes,No,11,Yes,No,DSL,No,Yes,Yes,Yes,Yes,No,Month-to-month,Yes,Electronic check,76.31,832.46,Yes
3365-AJRVH,Female,0,No,No,71,Yes,Yes,DSL,Yes,Yes,No,Yes,Yes,No,Month-to-month,Yes,Bank transfer (automatic),81.26,5511.78,Yes
8616-HSKLL,Female,1,No,Yes,3,Yes,No,No,No internet service,No internet service,No internet service,No internet service,No internet service,No internet service,Month-to-month,No,Bank transfer (automatic),26.21,76.66,No
8727-YYSCL,Female,0,Yes,No,70,Yes,No,Fiber optic,No,Yes,Yes,No,No,Yes,One year,No,Credit card (automatic),88.07,6415.59,No
2493-AOCUT,Female,0,Yes,No,56,Yes,No,Fiber optic,No,No,No,No,No,No,Month-to-month,Yes,Credit card (automatic),66.85,3919.16,No
2607-PSRFN,Male,0,Yes,Yes,49,Yes,No,Fiber optic,No,Yes,Yes,No,No,Yes,One year,No,Credit card (automatic),89.03,4176.29,No
4859-WDUUA,Female,0,Yes,Yes,2,Yes,No,DSL,No,No,No,No,No,No,Month-to-month,No,Credit card (automatic),49.72,98.56,No
8141-ZLWUJ,Female,0,Yes,Yes,70,Yes,No,Fiber optic,Yes,No,Yes,Yes,No,No,One year,Yes,Bank transfer (automatic),83.08,5705.4,No
9378-GHCVB,Female,0,Yes,No,13,Yes,Yes,No,No internet service,No internet service,No internet service,No internet service,No internet service,No internet service,One year,Yes,Mailed check,37.49,469.03,No
6783-IWIJB,Male,0,No,No,57,Yes,Yes,Fiber optic,No,Yes,No,No,Yes,Yes,Two year,Yes,Electronic check,104.66,5715.0,No
2317-XQQKW,Male,0,Yes,No,69,Yes,No,Fiber optic,No,Yes,No,No,Yes,Yes,Month-to-month,Yes,Mailed check,93.77,6664.19,No
6909-OYYCX,Female,0,No,No,10,Yes,No,DSL,No,No,No,No,No,No,Month-to-month,Yes,Mailed check,53.53,560.75,No
6192-TJIAX,Female,0,Yes,No,70,Yes,No,Fiber optic,No,Yes,No,No,Yes,Yes,Two year,Yes,Credit card (automatic),92.92,6449.1,No
8004-OWEVC,Female,1,No,No,44,Yes,No,Fiber optic,No,Yes,No,Yes,No,No,Month-to-month,Yes,Mailed check,77.93,3362.42,No
7031-HBQIL,Female,0,No,No,49,Yes,Yes,Fiber optic,Yes,Yes,No,Yes,No,Yes,Two year,Yes,Bank transfer (automatic),108.6,5410.62,No
1557-AADLO,Female,0,No,No,70,No,No phone service,DSL,No,Yes,No,No,No,Yes,Two year,No,Bank transfer (automatic),61.88,4292.75,No
1057-ISLWE,Male,0,Yes,No,35,Yes,No,No,No internet service,No internet service,No internet service,No internet service,No internet service,No internet service,Month-to-month,No,Credit card (automatic),21.69,770.88,No
3993-IUGID,Female,0,Yes,Yes,26,Yes,Yes,Fiber optic,No,No,Yes,Yes,No,Yes,Month-to-month,No,Mailed check,100.65,2696.78,Yes
5077-NJAFI,Female,1,Yes,Yes,46,Yes,Yes,No,No internet service,No internet service,No internet service,No internet service,No internet service,No internet service,Month-to-month,No,Credit card (automatic),35.21,1600.45,No
6856-MXIVJ,Female,0,No,No,38,Yes,Yes,DSL,Yes,Yes,No,No,Yes,Yes,Two year,No,Bank transfer (automatic),88.16,3182.82,No
1951-DUEWG,Female,0,Yes,Yes,2,No,No phone service,No,No internet service,No internet service,No internet service,No internet service,No internet service,No internet service,Month-to-month,No,Electronic check,23.39,47.14,No
4695-YTKVT,Male,1,No,No,6,Yes,Yes,Fiber optic,No,No,No,No,Yes,Yes,Month-to-month,Yes,Mailed check,101.03,622.07,Yes
7754-LSGSD,Male,0,Yes,No,1,Yes,No,DSL,No,No,No,No,No,Yes,Month-to-month,No,Electronic check,60.95,61.22,Yes
6381-VXHQE,Female,0,Yes,Yes,3,Yes,Yes,No,No internet service,No internet service,No internet service,No internet service,No internet service,No internet service,Month-to-month,Yes,Electronic check,38.88,115.85,Yes
4195-PMIZK,Male,0,No,No,55,Yes,No,DSL,Yes,No,No,Yes,No,No,Two year,No,Mailed check,62.17,3565.3,No
7603-ICFUU,Female,0,Yes,Yes,1,Yes,Yes,No,No internet service,No internet service,No internet service,No internet service,No internet service,No internet service,Month-to-month,Yes,Credit card (automatic),34.6,36.12,Yes
8017-JLRZU,Female,0,Yes,No,14,Yes,Yes,Fiber optic,Yes,No,Yes,No,No,No,Month-to-month,Yes,Bank transfer (automatic),90.22,1290.99,Yes
8670-NBART,Male,0,No,No,27,Yes,Yes,DSL,No,Yes,No,Yes,No,Yes,Month-to-month,No,Credit card (automatic),79.5,2167.85,Yes
9990-QWNDE,Female,0,No,No,71,Yes,Yes,DSL,No,Yes,No,No,Yes,No,Month-to-month,Yes,Electronic check,78.41,5392.31,No
3324-HAFZM,Male,1,Yes,Yes,16,Yes,No,DSL,No,No,Yes,Yes,Yes,Yes,Month-to-month,Yes,Bank transfer (automatic),83.69,1305.56,No
6755-LMZKK,Female,0,Yes,No,60,Yes,Yes,Fiber optic,No,No,Yes,Yes,No,Yes,Two year,No,Mailed check,103.1,6451.62,No
9429-TCCIF,Male,0,No,No,23,Yes,Yes,Fiber optic,No,Yes,Yes,No,Yes,Yes,Month-to-month,No,Mailed check,106.01,2515.33,Yes
1511-ZYWPQ,Female,0,No,No,3,Yes,No,DSL,Yes,No,No,No,Yes,Yes,Month-to-month,Yes,Credit card (automatic),78.21,244.66,Yes
6825-NPGUU,Female,0,Yes,Yes,3,Yes,Yes,DSL,Yes,Yes,No,No,No,Yes,Month-to-month,Yes,Mailed check,76.94,236.01,Yes
4773-LYFMZ,Male,0,No,No,25,No,No phone service,Fiber optic,Yes,No,No,No,Yes,Yes,Month-to-month,Yes,Mailed check,90.14,2322.53,Yes
8782-NMUEI,Female,1,No,No,2,Yes,No,DSL,Yes,Yes,No,Yes,No,Yes,Month-to-month,Yes,Electronic check,71.59,147.27,No
2117-RMKUU,Female,0,Yes,Yes,40,Yes,No,Fiber optic,Yes,No,No,Yes,Yes,No,Month-to-month,No,Bank transfer (automatic),89.04,3725.25,Yes
7402-NZOMU,Female,0,Yes,No,31,No,No phone service,Fiber optic,No,Yes,No,No,Yes,No,One year,No,Bank transfer (automatic),76.25,2406.44,Yes
6954-XWHVY,Female,0,No,No,53,Yes,Yes,Fiber optic,No,No,No,No,Yes,Yes,Two year,Yes,Electronic check,102.44,5377.62,No
2302-OMNNE,Male,0,Yes,Yes,6,Yes,Yes,DSL,Yes,No,Yes,Yes,No,Yes,Month-to-month,Yes,Credit card (automatic),85.89,492.58,Yes
5369-MTTUR,Female,1,Yes,Yes,42,Yes,Yes,DSL,Yes,Yes,No,No,No,Yes,Month-to-month,No,Credit card (automatic),76.51,3249.31,Yes
1373-RWULZ,Male,1,Yes,Yes,5,Yes,No,Fiber optic,No,No,No,No,No,No,Month-to-month,No,Bank transfer (automatic),69.25,358.64,Yes
7298-GDJJY,Female,0,Yes,No,54,Yes,No,No,No internet service,No internet service,No internet service,No internet service,No internet service,No internet service,One year,Yes,Mailed check,27.67,1448.75,No
5837-QJACH,Male,0,Yes,Yes,14,Yes,No,Fiber optic,No,Yes,Yes,No,Yes,Yes,One year,Yes,Credit card (automatic),100.8,1422.86,Yes
4359-MONHK,Male,0,No,No,44,Yes,No,No,No internet service,No internet service,No internet service,No internet service,No internet service,No internet service,One year,No,Mailed check,25.65,1081.5,No
4832-CTGRL,Male,0,No,No,69,Yes,No,DSL,Yes,No,Yes,Yes,Yes,Yes,One year,No,Electronic check,84.69,5906.45,No
3272-UAOPV,Male,1,Yes,Yes,31,Yes,No,DSL,No,Yes,No,No,Yes,Yes,Month-to-month,Yes,Bank transfer (automatic),74.8,2432.82,Yes
4271-OKHLC,Female,0,Yes,Yes,7,Yes,Yes,Fiber optic,No,Yes,No,No,No,Yes,Month-to-month,No,Bank transfer (automatic),98.16,672.25,No
7594-TVQKO,Male,0,No,No,70,Yes,No,Fiber optic,Yes,Yes,No,Yes,No,No,Month-to-month,Yes,Electronic check,85.79,5825.58,No
1565-UCLCK,Female,0,No,No,19,Yes,Yes,No,No internet service,No internet service,No internet service,No internet service,No internet service,No internet service,Two year,Yes,Electronic check,38.25,744.52,No
8372-YQGXC,Male,0,No,No,55,Yes,Yes,Fiber optic,Yes,No,No,No,No,No,One year,No,Electronic check,87.32,4827.54,Yes
9636-HAADG,Female,0,No,No,15,Yes,Yes,DSL,No,No,Yes,No,Yes,Yes,Two year,No,Bank transfer (automatic),87.2,1307.13,No
9307-NPQXT,Female,0,No,No,14,Yes,Yes,Fiber optic,No,No,Yes,No,Yes,Yes,Month-to-month,Yes,Electronic check,107.48,1540.79,No
7371-OVBOH,Male,0,Yes,Yes,47,Yes,No,Fiber optic,No,Yes,No,Yes,Yes,No,Two year,Yes,Bank transfer (automatic),92.95,4409.26,No
1881-IGFXN,Male,0,Yes,Yes,4,Yes,Yes,Fiber optic,No,No,No,No,No,No,Month-to-month,No,Electronic check,76.8,320.36,Yes
4606-SRSKC,Male,0,Yes,No,68,Yes,No,DSL,No,No,Yes,No,Yes,Yes,Month-to-month,No,Mailed check,72.7,4886.83,No
4683-QITBX,Male,0,No,No,21,Yes,Yes,No,No internet service,No internet service,No internet service,No internet service,No internet service,No internet service,Month-to-month,No,Bank transfer (automatic),34.13,702.43,Yes
9768-GWSXO,Male,0,No,No,1,Yes,No,Fiber optic,No,No,No,No,No,Yes,Month-to-month,Yes,Bank transfer (automatic),79.54,81.22,Yes
1849-NIEWD,Male,1,No,No,14,Yes,Yes,Fiber optic,No,No,No,No,Yes,No,Month-to-month,No,Bank transfer (automatic),86.44,1250.22,No
7324-NTYDH,Male,1,No,Yes,60,Yes,No,Fiber optic,No,Yes,No,No,No,Yes,One year,No,Bank transfer (automatic),84.08,4881.17,No
4199-TXFHA,Female,0,Yes,No,67,Yes,No,Fiber optic,No,No,Yes,No,No,No,Two year,Yes,Electronic check,75.3,5227.27,No
9062-QTDMR,Male,1,No,No,39,Yes,No,Fiber optic,No,Yes,No,Yes,No,Yes,Two year,Yes,Mailed check,93.2,3653.51,No
7396-MQCTK,Female,0,Yes,No,13,Yes,No,DSL,No,No,Yes,No,No,No,Month-to-month,No,Credit card (automatic),53.64,704.42,No
4268-GCDYO,Female,0,No,No,35,Yes,No,Fiber optic,No,No,No,No,Yes,Yes,Month-to-month,No,Mailed check,92.05,3212.47,No
8999-TQFDA,Male,0,Yes,No,65,No,No phone service,DSL,Yes,No,Yes,No,No,No,One year,No,Electronic check,58.12,3677.72,No
3954-OBMVP,Male,0,Yes,Yes,15,Yes,Yes,Fiber optic,No,No,No,Yes,No,Yes,One year,Yes,Electronic check,93.28,1451.61,Yes
6900-VMTTB,Male,0,No,No,21,Yes,Yes,No,No internet service,No internet service,No internet service,No internet service,No internet service,No internet service,Month-to-month,Yes,Credit card (automatic),35.28,774.14,Yes
5997-YAQHS,Male,1,No,No,36,No,No phone service,Fiber optic,Yes,Yes,No,No,No,No,Month-to-month,Yes,Credit card (automatic),76.31,2784.18,Yes
2544-KWRKQ,Female,0,No,No,70,Yes,No,Fiber optic,No,Yes,Yes,No,Yes,Yes,One year,Yes,Bank transfer (automatic),100.42,6839.25,No
2417-QCRSN,Male,0,Yes,Yes,41,Yes,No,DSL,No,No,No,No,No,No,One year,No,Electronic check,48.19,2043.58,No
3083-TTFAR,Male,0,No,No,7,Yes,No,No,No internet service,No internet service,No internet service,No internet service,No internet service,No internet service,Month-to-month,Yes,Electronic check,24.59,168.34,Yes
8264-JTCFG,Male,1,No,No,2,Yes,Yes,Fiber optic,No,No,Yes,No,Yes,No,Month-to-month,Yes,Electronic check,91.12,175.62,Yes
3961-NRBVC,Female,1,No,No,3,Yes,No,Fiber optic,Yes,No,Yes,No,Yes,No,Month-to-month,No,Electronic check,93.14,278.79,Yes
5646-BALJH,Female,0,No,No,71,Yes,No,Fiber optic,No,No,No,No,Yes,No,Month-to-month,Yes,Mailed check,79.92,5807.09,No
7356-ZRMUU,Female,0,No,No,64,Yes,No,DSL,No,Yes,No,No,Yes,Yes,Month-to-month,Yes,Electronic check,75.28,4715.28,No
7107-HOTDB,Female,0,Yes,No,58,Yes,Yes,DSL,Yes,No,No,Yes,No,No,One year,Yes,Electronic check,73.61,4081.55,No
9676-UHWIO,Male,0,Yes,No,32,Yes,No,DSL,Yes,No,Yes,No,Yes,Yes,Two year,Yes,Mailed check,82.42,2752.29,No
1145-OWCSO,Male,0,No,No,50,Yes,No,Fiber optic,Yes,No,Yes,No,Yes,Yes,Month-to-month,Yes,Electronic check,99.51,4775.31,Yes
3198-USPSD,Male,0,No,No,3,Yes,Yes,DSL,No,No,Yes,No,Yes,No,One year,Yes,Bank transfer (automatic),72.48,210.57,No
7353-KISTJ,Female,0,Yes,No,45,Yes,No,Fiber optic,No,No,No,No,No,No,Two year,Yes,Electronic check,70.7,3279.53,No
6707-UZYFC,Female,1,Yes,No,63,Yes,No,No,No internet service,No internet service,No internet service,No internet service,No internet service,No internet service,One year,Yes,Electronic check,27.05,1728.15,No
4110-FNWED,Male,0,No,No,2,Yes,No,DSL,No,Yes,Yes,No,Yes,Yes,One year,Yes,Electronic check,79.67,155.81,No
8342-CGFOO,Male,0,Yes,No,13,Yes,Yes,DSL,Yes,No,No,Yes,No,Yes,Month-to-month,No,Credit card (automatic),78.79,1057.77,No
1114-FWALR,Male,0,Yes,No,3,Yes,Yes,Fiber optic,No,No,Yes,No,No,Yes,Month-to-month,Yes,Electronic check,97.37,289.59,Yes
3804-UDTUV,Female,0,No,No,11,Yes,No,Fiber optic,No,No,No,Yes,No,No,Month-to-month,Yes,Bank transfer (automatic),71.09,743.77,Yes
5356-SJIYV,Female,0,Yes,No,59,Yes,Yes,Fiber optic,No,Yes,No,No,Yes,No,Two year,Yes,Electronic check,91.59,5289.2,No
6829-RTOVI,Male,0,Yes,Yes,16,Yes,Yes,DSL,No,Yes,Yes,No,No,No,One year,No,Bank transfer (automatic),71.36,1138.37,No
7583-EGDEX,Male,0,Yes,No,51,No,No phone service,DSL,Yes,No,Yes,No,No,Yes,Two year,No,Mailed check,61.73,3177.02,No
7790-VZRST,Male,1,Yes,Yes,59,No,No phone service,Fiber optic,No,No,No,No,Yes,No,Month-to-month,Yes,Bank transfer (automatic),76.14,4612.49,Yes
8034-NLPAM,Female,0,Yes,Yes,63,Yes,Yes,No,No internet service,No internet service,No internet service,No internet service,No internet service,No internet service,Month-to-month,Yes,Mailed check,32.13,1954.27,No
1669-MBDFZ,Female,0,No,No,68,Yes,No,DSL,Yes,Yes,No,Yes,No,Yes,Month-to-month,Yes,Electronic check,77.1,5387.05,No
7037-PLKTS,Male,1,No,No,42,Yes,No,No,No internet service,No internet service,No internet service,No internet service,No internet service,No internet service,One year,No,Electronic check,23.5,985.5,No
7038-YHCRQ,Male,0,Yes,No,12,Yes,Yes,DSL,No,Yes,Yes,Yes,Yes,Yes,Month-to-month,Yes,Electronic check,93.76,1072.99,Yes
1490-PMBTL,Male,0,Yes,No,4,Yes,No,No,No internet service,No internet service,No internet service,No internet service,No internet service,No internet service,One year,No,Mailed check,21.65,86.33,Yes
6684-OXIIA,Male,0,No,No,32,Yes,No,DSL,No,No,Yes,No,No,Yes,One year,Yes,Mailed check,61.41,1917.57,No
4061-WNXGV,Female,1,Yes,No,3,Yes,Yes,DSL,No,No,No,No,No,Yes,Month-to-month,No,Mailed check,70.59,206.23,Yes
1434-GWKEQ,Male,0,No,No,70,Yes,Yes,No,No internet service,No internet service,No internet service,No internet service,No internet service,No internet service,One year,Yes,Bank transfer (automatic),32.92,2267.19,No
4539-LOXLZ,Female,0,Yes,Yes,26,Yes,No,Fiber optic,No,No,No,Yes,No,Yes,One year,Yes,Electronic check,81.41,2132.14,No
7563-CMWIU,Male,0,No,No,68,No,No phone service,Fiber optic,No,No,No,Yes,No,No,Month-to-month,Yes,Credit card (automatic),68.37,4691.74,No
2447-CLZIC,Female,0,No,No,53,Yes,Yes,Fiber optic,Yes,No,No,No,No,Yes,One year,Yes,Credit card (automatic),98.81,5460.68,No
7950-KHYNB,Male,1,No,No,67,Yes,No,Fiber optic,No,No,No,Yes,Yes,No,Two year,No,Bank transfer (automatic),81.14,5659.96,No
1028-BPGME,Male,0,Yes,Yes,69,Yes,Yes,No,No internet service,No internet service,No internet service,No internet service,No internet service,No internet service,Two year,No,Credit card (automatic),37.88,2632.78,No
2482-CIFWP,Female,0,No,No,2,Yes,No,DSL,No,Yes,Yes,Yes,Yes,No,Month-to-month,No,Electronic check,78.15,150.11,Yes
4089-LTVUS,Female,0,Yes,Yes,55,Yes,Yes,No,No internet service,No internet service,No internet service,No internet service,No internet service,No internet service,Month-to-month,No,Mailed check,33.57,1773.23,No
1572-ZGYGS,Female,0,No,No,9,Yes,No,No,No internet service,No internet service,No internet service,No internet service,No internet service,No internet service,Month-to-month,Yes,Electronic check,25.52,219.83,Yes
5604-IDHJO,Female,0,No,No,72,Yes,No,Fiber optic,No,Yes,No,Yes,Yes,Yes,One year,Yes,Bank transfer (automatic),97.13,6991.86,No
1662-HBOWV,Female,0,Yes,No,60,Yes,No,Fiber optic,No,Yes,Yes,No,No,No,Two year,No,Credit card (automatic),81.13,4852.43,No
9584-ZTMYR,Male,0,No,No,1,Yes,Yes,No,No internet service,No internet service,No internet service,No internet service,No internet service,No internet service,Month-to-month,No,Electronic check,38.66,37.83,Yes
2934-YQCJY,Female,1,Yes,Yes,71,Yes,No,DSL,No,No,No,No,No,No,One year,Yes,Electronic check,48.75,3571.52,No
1955-ZAZDG,Female,1,Yes,Yes,13,Yes,No,Fiber optic,No,No,Yes,No,Yes,Yes,Month-to-month,No,Credit card (automatic),95.22,1197.87,No
3602-OFKBX,Female,0,Yes,Yes,23,Yes,No,DSL,Yes,Yes,Yes,Yes,No,No,Month-to-month,No,Mailed check,68.44,1630.72,No
9073-VAVZX,Female,0,Yes,Yes,44,Yes,No,DSL,No,No,Yes,No,No,No,Month-to-month,No,Electronic check,54.62,2284.5,Yes
6435-DNZXX,Female,0,No,No,70,Yes,No,No,No internet service,No internet service,No internet service,No internet service,No internet service,No internet service,One year,No,Electronic check,24.5,1741.14,No
3939-JFQRE,Female,0,Yes,No,71,Yes,Yes,DSL,Yes,Yes,No,Yes,Yes,Yes,One year,No,Bank transfer (automatic),96.76,7108.65,No
6176-SLRQX,Male,0,No,No,39,No,No phone service,DSL,Yes,Yes,No,Yes,Yes,Yes,One year,Yes,Mailed check,82.44,3325.07,No
7813-YZBNV,Female,1,No,No,15,Yes,No,Fiber optic,Yes,Yes,Yes,No,No,No,Month-to-month,Yes,Credit card (automatic),87.87,1316.76,Yes
1723-BBVXW,Female,1,Yes,No,12,Yes,Yes,Fiber optic,Yes,Yes,No,Yes,Yes,No,Month-to-month,Yes,Mailed check,102.86,1211.76,Yes
5027-WHQUZ,Male,0,Yes,Yes,19,Yes,No,DSL,Yes,Yes,No,No,Yes,Yes,Month-to-month,No,Bank transfer (automatic),77.98,1471.7,No
1299-SOPLT,Female,0,Yes,No,6,Yes,Yes,Fiber optic,No,Yes,No,No,Yes,No,Month-to-month,Yes,Mailed check,98.9,598.13,Yes
2037-SPZDE,Male,1,No,No,50,Yes,Yes,DSL,No,Yes,No,Yes,Yes,No,Two year,No,Credit card (automatic),82.88,4348.21,No
9083-USRWE,Male,0,No,No,35,No,No phone service,DSL,No,Yes,Yes,No,Yes,Yes,Month-to-month,Yes,Electronic check,74.97,2746.23,No
7627-QPCYJ,Female,0,Yes,No,59,Yes,No,Fiber optic,No,Yes,No,No,Yes,Yes,Month-to-month,Yes,Mailed check,98.89,6033.49,Yes
9105-GQGXS,Female,0,Yes,Yes,2,Yes,Yes,DSL,Yes,No,No,No,Yes,Yes,One year,Yes,Credit card (automatic),82.14,167.97,No
5464-OFNNY,Male,1,No,No,22,Yes,Yes,Fiber optic,No,No,No,No,Yes,No,Month-to-month,No,Electronic check,93.9,1965.87,No
6047-HUPDF,Female,0,No,No,9,Yes,No,DSL,Yes,No,Yes,Yes,No,No,Month-to-month,No,Bank transfer (automatic),63.03,558.3,No
2250-QRRXX,Female,1,No,No,36,Yes,Yes,Fiber optic,No,Yes,No,No,No,Yes,One year,Yes,Electronic check,98.44,3421.01,No
3437-TIKVO,Female,1,No,No,29,Yes,No,DSL,Yes,No,No,Yes,Yes,No,Month-to-month,Yes,Bank transfer (automatic),69.72,2120.76,No
7661-AGASH,Female,0,No,No,27,Yes,Yes,DSL,No,Yes,No,No,No,Yes,Month-to-month,Yes,Bank transfer (automatic),74.75,2025.39,Yes
7778-GYNTH,Female,1,No,No,15,Yes,No,Fiber optic,No,No,No,No,Yes,Yes,Month-to-month,No,Mailed check,86.89,1289.99,No
6546-KAZNA,Female,1,No,No,55,Yes,Yes,Fiber optic,Yes,Yes,No,No,No,No,Month-to-month,Yes,Credit card (automatic),93.2,4956.78,No
1691-ZLVFL,Female,0,No,No,30,Yes,Yes,Fiber optic,Yes,No,No,No,Yes,Yes,Two year,No,Electronic check,107.78,3337.02,No
4266-JZUZV,Male,0,No,Yes,7,Yes,No,Fiber optic,Yes,Yes,No,Yes,Yes,No,Month-to-month,No,Mailed check,95.58,701.71,No
1025-DJPTB,Male,0,Yes,No,37,Yes,No,Fiber optic,Yes,No,No,Yes,Yes,No,Two year,Yes,Electronic check,88.2,3291.35,No
3803-AYZKW,Male,0,Yes,Yes,42,Yes,Yes,Fiber optic,No,No,No,No,Yes,Yes,Month-to-month,Yes,Electronic check,100.61,4104.09,Yes
7214-MVBAR,Female,0,No,No,1,No,No phone service,DSL,No,Yes,No,Yes,No,Yes,One year,Yes,Mailed check,65.56,65.2,No
5468-AYIYX,Male,0,Yes,Yes,7,Yes,No,No,No internet service,No internet service,No internet service,No internet service,No internet service,No internet service,Month-to-month,No,Electronic check,24.42,179.22,Yes
2425-XBPAZ,Male,1,No,No,10,Yes,No,DSL,No,No,No,No,Yes,Yes,Month-to-month,Yes,Electronic check,67.23,692.26,Yes
8882-JWWBP,Female,1,No,No,10,Yes,Yes,No,No internet service,No internet service,No internet service,No internet service,No internet service,No internet service,Month-to-month,Yes,Mailed check,31.29,312.63,Yes
9775-XKQRU,Female,0,Yes,No,9,Yes,Yes,Fiber optic,Yes,No,Yes,No,Yes,Yes,Month-to-month,No,Electronic check,108.46,991.26,Yes
5675-NEBKI,Female,0,Yes,No,11,Yes,No,DSL,No,No,No,Yes,No,No,Month-to-month,No,Credit card (automatic),56.3,605.55,Yes
9633-AFSGX,Male,0,Yes,No,11,Yes,No,Fiber optic,No,Yes,No,Yes,No,No,Month-to-month,No,Credit card (automatic),82.46,904.84,No
8489-TKDOF,Male,0,Yes,No,69,Yes,No,No,No internet service,No internet service,No internet service,No internet service,No internet service,No internet service,One year,No,Credit card (automatic),26.05,1815.95,No
3941-BLYJR,Male,0,No,No,15,Yes,No,DSL,No,No,No,No,Yes,Yes,Month-to-month,No,Credit card (automatic),70.35,1092.1,Yes
9590-ZCWTM,Male,0,Yes,Yes,18,Yes,Yes,DSL,Yes,Yes,No,No,Yes,Yes,Month-to-month,No,Electronic check,92.76,1642.93,Yes
9619-JLKDS,Male,0,No,Yes,11,Yes,No,DSL,No,Yes,Yes,No,Yes,Yes,Month-to-month,Yes,Bank transfer (automatic),79.71,901.27,No
8908-BQXLL,Male,0,Yes,Yes,72,Yes,No,Fiber optic,No,No,Yes,Yes,Yes,Yes,Two year,Yes,Electronic check,99.5,7133.48,No
5394-GQYIU,Male,1,No,No,36,Yes,No,Fiber optic,No,No,No,No,No,Yes,One year,No,Electronic check,81.38,2882.28,No
8732-XXVKA,Female,0,Yes,No,44,Yes,Yes,DSL,Yes,No,Yes,Yes,Yes,No,Two year,Yes,Electronic check,83.98,3622.32,No
2314-FCICR,Male,0,No,No,56,Yes,Yes,Fiber optic,Yes,No,Yes,No,Yes,Yes,Two year,No,Electronic check,109.0,6285.11,No
9428-LCVGA,Male,0,Yes,Yes,16,Yes,Yes,DSL,No,Yes,No,No,Yes,No,Month-to-month,Yes,Mailed check,78.41,1203.75,No
5929-MMIQO,Female,0,Yes,No,72,Yes,Yes,Fiber optic,No,No,No,No,Yes,Yes,Two year,Yes,Electronic check,96.43,7077.59,No
1988-CTEAP,Female,0,No,No,4,Yes,Yes,Fiber optic,Yes,No,No,No,Yes,No,Month-to-month,Yes,Electronic check,95.83,390.91,Yes
2648-HDFHT,Female,0,No,No,28,Yes,Yes,DSL,Yes,No,No,Yes,Yes,No,Month-to-month,Yes,Mailed check,80.81,2176.45,Yes
4962-EBWPF,Male,0,Yes,Yes,4,Yes,Yes,No,No internet service,No internet service,No internet service,No internet service,No internet service,No internet service,Month-to-month,No,Bank transfer (automatic),37.1,142.74,Yes
4584-BKLGA,Female,0,Yes,No,61,Yes,No,Fiber optic,No,No,No,No,No,No,Two year,Yes,Credit card (automatic),70.94,4225.21,No
3068-ZFIPK,Female,0,No,No,3,Yes,No,DSL,Yes,Yes,Yes,No,Yes,No,Month-to-month,No,Mailed check,73.19,214.86,Yes
8361-FWSTN,Female,0,No,No,38,Yes,No,Fiber optic,No,Yes,Yes,No,No,No,Two year,Yes,Bank transfer (automatic),79.52,2968.45,No
4622-PNZPG,Male,0,Yes,No,3,Yes,No,DSL,No,Yes,No,No,No,No,Month-to-month,No,Credit card (automatic),54.3,167.83,Yes
3184-BBRQI,Male,0,Yes,No,27,Yes,No,Fiber optic,Yes,Yes,No,No,Yes,No,Month-to-month,Yes,Bank transfer (automatic),92.48,2565.22,Yes
2212-RTDAO,Female,0,Yes,Yes,12,No,No phone service,Fiber optic,No,Yes,No,Yes,No,Yes,Month-to-month,Yes,Electronic check,82.65,962.69,Yes
2990-IHYGJ,Female,0,Yes,No,70,Yes,Yes,DSL,No,No,Yes,Yes,No,Yes,Two year,Yes,Bank transfer (automatic),78.91,5482.27,No
4844-GLYNA,Female,0,Yes,No,2,Yes,Yes,Fiber optic,No,Yes,No,Yes,No,Yes,Month-to-month,Yes,Credit card (automatic),98.0,203.66,Yes
6601-IDLZK,Female,1,Yes,Yes,48,Yes,Yes,DSL,No,No,Yes,No,No,No,Month-to-month,Yes,Credit card (automatic),65.2,3105.51,No
6889-IJBSK,Female,1,Yes,No,52,Yes,Yes,No,No internet service,No internet service,No internet service,No internet service,No internet service,No internet service,Two year,Yes,Mailed check,32.12,1662.64,No
5157-JFMJR,Female,0,Yes,Yes,70,Yes,Yes,No,No internet service,No internet service,No internet service,No internet service,No internet service,No internet service,One year,Yes,Credit card (automatic),33.79,2349.13,No
4686-DKVWB,Female,0,Yes,No,69,Yes,No,Fiber optic,No,Yes,No,No,No,Yes,Two year,No,Electronic check,88.0,5831.25,No
3113-SPXME,Male,0,Yes,Yes,72,Yes,Yes,DSL,Yes,No,No,Yes,Yes,No,Month-to-month,Yes,Bank transfer (automatic),82.57,5821.19,No
4296-UYGWM,Male,1,Yes,Yes,10,No,No phone service,Fiber optic,No,Yes,No,No,Yes,Yes,Month-to-month,Yes,Bank transfer (automatic),93.44,900.59,No
2195-PNXOW,Female,1,Yes,No,12,Yes,Yes,Fiber optic,No,Yes,Yes,No,No,No,Month-to-month,Yes,Electronic check,88.65,1113.86,Yes
8905-JCKKU,Female,0,Yes,No,22,Yes,Yes,Fiber optic,Yes,No,No,No,Yes,No,Month-to-month,No,Bank transfer (automatic),98.38,2102.68,Yes
1877-XMYEI,Male,0,Yes,No,36,Yes,No,Fiber optic,Yes,No,No,No,No,No,One year,Yes,Credit card (automatic),74.57,2775.5,No
5000-JRCKR,Female,0,No,No,19,Yes,No,DSL,No,No,Yes,Yes,No,No,Month-to-month,No,Bank transfer (automatic),61.02,1188.77,Yes
8005-UZXTE,Female,0,Yes,Yes,56,Yes,Yes,Fiber optic,Yes,Yes,No,No,No,Yes,Two year,Yes,Bank transfer (automatic),99.22,5744.87,No
8283-AIJTB,Male,1,No,No,1,Yes,Yes,Fiber optic,Yes,Yes,No,No,Yes,No,Month-to-month,Yes,Bank transfer (automatic),97.12,93.26,Yes
8973-OLFAY,Male,0,Yes,Yes,1,Yes,Yes,No,No internet service,No internet service,No internet service,No internet service,No internet service,No internet service,Month-to-month,No,Electronic check,33.45,33.61,Yes
1246-JSDVE,Female,0,Yes,Yes,54,No,No phone service,Fiber optic,No,No,Yes,No,Yes,Yes,One year,Yes,Credit card (automatic),93.32,5287.99,No
7446-IOGTM,Female,1,No,No,69,Yes,Yes,DSL,No,No,Yes,No,Yes,Yes,One year,No,Bank transfer (automatic),84.07,6054.87,No
4044-AUQJL,Female,0,Yes,Yes,59,No,No phone service,Fiber optic,Yes,No,No,No,No,Yes,Month-to-month,Yes,Electronic check,78.6,4504.08,No
5497-THKCY,Male,0,Yes,Yes,3,Yes,No,Fiber optic,No,Yes,No,No,Yes,Yes,Month-to-month,No,Electronic check,98.88,310.96,Yes
1204-AVFKM,Female,0,Yes,Yes,71,Yes,No,No,No internet service,No internet service,No internet service,No internet service,No internet service,No internet service,One year,Yes,Bank transfer (automatic),23.88,1769.73,No
1875-DZLVA,Female,0,Yes,Yes,34,Yes,No,Fiber optic,Yes,No,No,No,Yes,Yes,One year,Yes,Bank transfer (automatic),96.9,3363.46,No
4672-BCZUY,Male,0,Yes,No,56,Yes,Yes,No,No internet service,No internet service,No internet service,No internet service,No internet service,No internet service,Month-to-month,Yes,Bank transfer (automatic),38.26,2207.25,No
7953-WTTDF,Male,0,No,No,7,Yes,Yes,DSL,No,Yes,No,Yes,Yes,Yes,Month-to-month,Yes,Mailed check,90.97,658.32,Yes
5744-RXUBZ,Female,0,Yes,Yes,37,Yes,No,Fiber optic,No,Yes,No,Yes,Yes,Yes,Two year,Yes,Credit card (automatic),97.03,3608.95,No
4344-GLPOU,Female,0,No,No,16,Yes,Yes,Fiber optic,No,No,Yes,No,Yes,Yes,Month-to-month,Yes,Credit card (automatic),108.67,1780.94,Yes
6630-EKELC,Male,0,Yes,No,72,Yes,Yes,DSL,Yes,No,No,No,No,No,Two year,Yes,Mailed check,61.06,4301.45,No
4739-SQPUX,Male,1,Yes,No,29,Yes,No,Fiber optic,No,No,No,No,Yes,No,Month-to-month,Yes,Credit card (automatic),79.26,2406.23,No
2055-INMXL,Male,0,No,No,57,Yes,Yes,No,No internet service,No internet service,No internet service,No internet service,No internet service,No internet service,Two year,Yes,Credit card (automatic),37.88,2133.35,No
6930-BWXQZ,Male,0,Yes,Yes,43,Yes,Yes,DSL,No,No,Yes,No,No,Yes,Month-to-month,No,Bank transfer (automatic),71.71,3201.48,No
3777-WRAQP,Female,0,No,Yes,2,Yes,No,No,No internet service,No internet service,No internet service,No internet service,No internet service,No internet service,Month-to-month,No,Mailed check,27.27,51.91,Yes
9006-IXALH,Female,0,Yes,Yes,37,Yes,No,Fiber optic,Yes,Yes,Yes,No,No,Yes,Month-to-month,No,Mailed check,94.27,3424.89,Yes
9322-VUBXL,Male,0,Yes,No,36,Yes,No,No,No internet service,No internet service,No internet service,No internet service,No internet service,No internet service,One year,No,Electronic check,26.3,939.01,No
9831-HZMRE,Female,0,Yes,Yes,54,Yes,No,Fiber optic,No,Yes,No,No,Yes,No,Two year,Yes,Electronic check,88.74,4660.08,No
6261-DHIBY,Female,0,Yes,No,16,Yes,Yes,No,No internet service,No internet service,No internet service,No internet service,No internet service,No internet service,Month-to-month,No,Mailed check,38.55,599.54,Yes
5834-KKJBT,Male,0,No,No,67,Yes,No,No,No internet service,No internet service,No internet service,No internet service,No internet service,No internet service,Two year,No,Bank transfer (automatic),21.61,1438.54,No
3513-AVBDM,Female,0,Yes,No,45,Yes,Yes,No,No internet service,No internet service,No internet service,No internet service,No internet service,No internet service,One year,Yes,Mailed check,37.37,1618.02,No
5188-ZIMZQ,Female,0,Yes,Yes,1,Yes,Yes,Fiber optic,Yes,No,No,No,Yes,No,Month-to-month,Yes,Bank transfer (automatic),96.11,94.98,Yes
5387-UCVRU,Male,1,Yes,Yes,53,Yes,No,Fiber optic,Yes,No,No,Yes,No,Yes,One year,Yes,Credit card (automatic),90.47,5010.53,No
4438-AFVQP,Male,0,Yes,Yes,70,No,No phone service,Fiber optic,Yes,No,No,No,Yes,No,One year,No,Mailed check,79.3,5671.07,No
3436-JTBLE,Male,0,No,No,51,Yes,Yes,Fiber optic,No,No,No,No,No,No,One year,Yes,Mailed check,80.86,4301.8,No
6449-SVMXK,Male,0,Yes,Yes,20,Yes,Yes,Fiber optic,No,No,Yes,Yes,Yes,Yes,Month-to-month,No,Electronic check,109.76,2301.43,Yes
3003-PGGTY,Male,1,No,Yes,42,Yes,Yes,Fiber optic,No,Yes,No,Yes,No,No,Two year,No,Mailed check,92.43,4016.24,No
3196-MUHNH,Female,0,Yes,Yes,5,Yes,Yes,DSL,No,No,No,Yes,Yes,Yes,Month-to-month,Yes,Bank transfer (automatic),86.54,451.55,Yes
5635-HNXPL,Male,0,Yes,Yes,43,Yes,No,DSL,No,No,Yes,Yes,Yes,No,Two year,Yes,Credit card (automatic),72.69,3222.23,No
4483-RZTDA,Female,0,No,No,32,Yes,No,DSL,No,Yes,Yes,No,No,Yes,Month-to-month,Yes,Electronic check,67.71,2182.47,Yes
8317-ALSVV,Male,0,No,No,1,Yes,No,DSL,No,No,No,Yes,No,Yes,Month-to-month,Yes,Mailed check,66.6,65.15,Yes
2404-FYOLY,Female,0,No,No,16,Yes,Yes,DSL,No,Yes,No,Yes,No,No,Month-to-month,Yes,Mailed check,69.55,1124.24,Yes
3424-UQJHG,Female,0,No,No,6,Yes,No,DSL,Yes,No,Yes,Yes,Yes,Yes,One year,Yes,Credit card (automatic),88.4,532.3,No
3247-UEGZM,Female,0,Yes,Yes,21,Yes,Yes,Fiber optic,Yes,No,No,No,Yes,Yes,Two year,Yes,Bank transfer (automatic),103.39,2072.56,No
4822-OUMIY,Male,0,Yes,Yes,10,No,No phone service,Fiber optic,No,No,No,No,No,Yes,Month-to-month,Yes,Electronic check,72.32,746.33,Yes
7125-CRUFK,Male,0,No,No,65,Yes,Yes,Fiber optic,No,Yes,No,No,Yes,Yes,Month-to-month,Yes,Electronic check,108.45,7182.15,Yes
8345-SHWFE,Female,0,Yes,Yes,52,Yes,Yes,No,No internet service,No internet service,No internet service,No internet service,No internet service,No internet service,Month-to-month,No,Credit card (automatic),38.22,1909.54,Yes
3350-EVPMV,Female,0,No,No,56,Yes,No,Fiber optic,No,Yes,No,No,Yes,No,Two year,Yes,Bank transfer (automatic),81.16,4324.02,No
3912-KALYI,Female,0,No,No,19,No,No phone service,DSL,Yes,Yes,Yes,No,No,No,Month-to-month,No,Credit card (automatic),63.69,1160.48,Yes
7116-CCSNP,Male,1,No,No,1,Yes,No,Fiber optic,No,Yes,No,No,Yes,No,Month-to-month,Yes,Bank transfer (automatic),85.68,89.73,Yes
1074-FRUJD,Female,0,No,No,8,Yes,Yes,Fiber optic,No,No,Yes,No,No,Yes,Month-to-month,Yes,Credit card (automatic),98.73,824.65,Yes
2925-TODYP,Female,0,No,No,57,No,No phone service,No,No internet service,No internet service,No internet service,No internet service,No internet service,No internet service,Two year,No,Bank transfer (automatic),19.73,1102.42,No
8656-MTQSQ,Female,0,Yes,Yes,43,Yes,Yes,Fiber optic,No,No,Yes,Yes,No,Yes,One year,Yes,Bank transfer (automatic),103.3,4619.26,No
2574-QMKFW,Male,0,No,No,36,No,No phone service,DSL,No,No,Yes,Yes,Yes,Yes,Two year,No,Mailed check,77.78,2778.7,No
3064-FJVRJ,Female,0,Yes,No,12,Yes,No,Fiber optic,No,Yes,No,No,Yes,Yes,Month-to-month,Yes,Bank transfer (automatic),91.76,1129.57,Yes
5644-NHLGF,Female,1,No,No,2,No,No phone service,Fiber optic,No,Yes,No,No,No,No,Month-to-month,Yes,Bank transfer (automatic),67.85,129.37,Yes
5300-DFFUL,Female,0,No,No,60,Yes,Yes,No,No internet service,No internet service,No internet service,No internet service,No internet service,No internet service,Month-to-month,No,Electronic check,32.37,1850.36,No
8891-MPMNC,Female,0,No,Yes,1,Yes,No,DSL,No,Yes,No,No,Yes,Yes,Month-to-month,No,Credit card (automatic),74.48,72.95,Yes
2059-CIXVQ,Male,0,No,No,2,Yes,Yes,No,No internet service,No internet service,No internet service,No internet service,No internet service,No internet service,One year,No,Electronic check,34.36,67.19,Yes
5175-KLSQX,Female,0,No,No,13,Yes,No,No,No internet service,No internet service,No internet service,No internet service,No internet service,No internet service,Month-to-month,Yes,Electronic check,24.44,312.39,Yes
9980-KWBHV,Male,0,Yes,No,40,Yes,No,No,No internet service,No internet service,No internet service,No internet service,No internet service,No internet service,Two year,Yes,Mailed check,26.99,1059.6,No
3808-SWJJK,Female,0,No,No,72,Yes,No,Fiber optic,No,Yes,No,No,No,No,Month-to-month,Yes,Bank transfer (automatic),76.37,5601.07,No
9681-CYUSU,Male,0,Yes,No,2,Yes,No,Fiber optic,Yes,No,No,No,Yes,Yes,One year,Yes,Bank transfer (automatic),95.63,199.26,No
8648-XOWJS,Male,0,No,Yes,29,Yes,Yes,No,No internet service,No internet service,No internet service,No internet service,No internet service,No internet service,Two year,Yes,Mailed check,34.41,948.2,No
2522-ZVSSO,Female,0,Yes,Yes,43,Yes,Yes,No,No internet service,No internet service,No internet service,No internet service,No internet service,No internet service,Month-to-month,Yes,Electronic check,32.67,1372.49,No
9540-MCFZL,Male,1,No,No,64,Yes,No,DSL,No,No,No,No,No,Yes,Month-to-month,Yes,Credit card (automatic),58.48,3588.21,No
2882-LDOYP,Female,0,Yes,Yes,51,Yes,No,DSL,Yes,No,Yes,No,Yes,Yes,Two year,Yes,Electronic check,77.58,4023.96,No
9009-INHKJ,Male,0,No,No,62,Yes,Yes,Fiber optic,No,No,No,No,No,No,Two year,No,Mailed check,82.77,4894.65,No
4591-AIBNM,Female,0,Yes,No,34,Yes,No,DSL,Yes,No,Yes,No,Yes,Yes,One year,Yes,Credit card (automatic),77.03,2538.01,No
8323-RQBHU,Female,0,No,No,25,Yes,No,Fiber optic,Yes,Yes,Yes,Yes,No,Yes,Month-to-month,Yes,Electronic check,97.51,2417.17,Yes
8050-QCWWE,Male,0,Yes,No,44,Yes,No,No,No internet service,No internet service,No internet service,No internet service,No internet service,No internet service,Two year,No,Bank transfer (automatic),24.88,1043.45,No
4201-QSHXT,Female,0,No,No,70,Yes,No,DSL,No,No,Yes,Yes,Yes,No,Two year,Yes,Credit card (automatic),72.5,5169.58,No
5859-MIOMA,Male,0,Yes,Yes,37,Yes,Yes,Fiber optic,Yes,No,Yes,No,No,No,Two year,Yes,Electronic check,93.23,3544.9,No
4843-VRZLB,Male,0,No,No,43,Yes,Yes,No,No internet service,No internet service,No internet service,No internet service,No internet service,No internet service,Two year,Yes,Mailed check,35.48,1591.97,No
8050-FVGGA,Male,0,Yes,No,17,Yes,Yes,Fiber optic,Yes,No,Yes,No,Yes,Yes,Month-to-month,Yes,Credit card (automatic),108.2,1881.59,Yes
9505-AKGJB,Female,0,Yes,No,42,Yes,Yes,DSL,Yes,No,Yes,Yes,No,Yes,Two year,Yes,Credit card (automatic),88.7,3831.46,No
1737-UDVRB,Male,0,No,No,45,Yes,No,DSL,No,No,Yes,Yes,Yes,No,Month-to-month,Yes,Electronic check,70.79,3341.94,No
2051-IEUQF,Male,1,No,No,57,Yes,No,Fiber optic,No,Yes,Yes,No,Yes,No,Month-to-month,Yes,Mailed check,87.07,4923.53,Yes
2048-MUBHU,Female,0,No,No,40,No,No phone service,DSL,No,No,No,Yes,No,No,Month-to-month,Yes,Credit card (automatic),51.46,2087.44,No
6060-DUHSN,Male,1,No,No,7,Yes,No,DSL,No,Yes,No,No,No,No,Month-to-month,No,Bank transfer (automatic),52.89,382.42,Yes
4087-ZFEAN,Male,0,Yes,No,41,Yes,Yes,Fiber optic,No,Yes,No,No,No,No,Month-to-month,Yes,Mailed check,84.23,3510.42,Yes
1422-LGSNI,Male,0,Yes,Yes,14,Yes,No,DSL,No,Yes,Yes,No,No,Yes,One year,Yes,Electronic check,67.66,947.5,Yes
6469-HHNGF,Male,0,Yes,Yes,2,No,No phone service,No,No internet service,No internet service,No internet service,No internet service,No internet service,No internet service,Month-to-month,No,Mailed check,18.25,35.39,No
6398-KWCIG,Male,0,Yes,Yes,64,Yes,No,No,No internet service,No internet service,No internet service,No internet service,No internet service,No internet service,Two year,Yes,Credit card (automatic),27.72,1757.55,No
8443-UHECB,Male,0,Yes,Yes,2,Yes,Yes,Fiber optic,No,No,Yes,No,Yes,Yes,One year,No,Mailed check,101.13,194.32,Yes
5221-HFDLL,Male,1,No,No,46,No,No phone service,DSL,Yes,Yes,Yes,No,Yes,No,Two year,No,Electronic check,71.18,3308.39,No
4577-GOAWU,Male,0,Yes,Yes,72,Yes,No,DSL,No,Yes,Yes,Yes,No,No,One year,No,Bank transfer (automatic),62.84,4710.07,No
7385-JRASP,Male,0,Yes,No,2,Yes,Yes,Fiber optic,Yes,Yes,No,Yes,Yes,Yes,Month-to-month,No,Mailed check,115.22,235.58,Yes
8934-UJSSO,Female,0,No,No,8,Yes,No,DSL,No,No,No,Yes,No,No,Two year,No,Bank transfer (automatic),58.2,475.58,No
5758-OQLKS,Female,0,Yes,Yes,58,No,No phone service,No,No internet service,No internet service,No internet service,No internet service,No internet service,No internet service,Two year,Yes,Credit card (automatic),22.49,1350.86,No
9754-VHBUA,Male,0,Yes,No,3,No,No phone service,No,No internet service,No internet service,No internet service,No internet service,No internet service,No internet service,Month-to-month,Yes,Credit card (automatic),18.25,56.82,Yes
5589-KBRGL,Female,0,Yes,Yes,65,Yes,No,Fiber optic,No,Yes,Yes,No,No,Yes,Two year,Yes,Mailed check,87.28,5771.93,No
5124-UKHKD,Female,0,No,No,1,Yes,Yes,Fiber optic,No,No,Yes,Yes,No,Yes,Month-to-month,No,Electronic check,101.68,97.17,Yes
1551-FPCHE,Female,0,Yes,No,70,Yes,No,DSL,No,No,Yes,Yes,Yes,Yes,Month-to-month,Yes,Electronic check,80.75,5475.32,Yes
8137-DYODM,Male,0,No,No,2,Yes,Yes,No,No internet service,No internet service,No internet service,No internet service,No internet service,No internet service,Month-to-month,Yes,Mailed check,31.67,64.52,Yes
8631-EOUZD,Female,1,No,No,70,Yes,Yes,Fiber optic,No,Yes,No,Yes,Yes,Yes,Two year,No,Electronic check,110.4,7799.94,No
2375-ZQUPM,Male,0,Yes,Yes,68,Yes,No,No,No internet service,No internet service,No internet service,No internet service,No internet service,No internet service,Month-to-month,Yes,Electronic check,23.33,1619.76,No
6931-QBJOS,Female,0,Yes,No,36,Yes,No,Fiber optic,No,No,Yes,No,Yes,Yes,Two year,Yes,Bank transfer (automatic),92.03,3369.85,No
2500-AERPZ,Male,0,No,No,60,Yes,No,Fiber optic,No,Yes,No,No,Yes,Yes,Two year,No,Electronic check,98.18,6017.72,No
3276-TCEZO,Male,0,No,No,2,Yes,No,No,No internet service,No internet service,No internet service,No internet service,No internet service,No internet service,One year,No,Credit card (automatic),27.24,53.64,No
5644-XICJS,Male,0,Yes,Yes,3,Yes,No,No,No internet service,No internet service,No internet service,No internet service,No internet service,No internet service,Month-to-month,No,Electronic check,22.89,71.89,Yes
2499-GZKXK,Female,0,Yes,Yes,19,Yes,Yes,Fiber optic,No,No,No,No,Yes,No,Month-to-month,No,Credit card (automatic),91.92,1789.06,No
5922-IPBFV,Female,0,Yes,Yes,36,Yes,Yes,DSL,Yes,Yes,No,No,No,No,One year,No,Mailed check,69.0,2517.27,No
6455-CMJRG,Male,0,Yes,Yes,68,Yes,Yes,Fiber optic,No,No,No,No,Yes,Yes,Two year,No,Bank transfer (automatic),99.53,6439.17,No
2924-YFUQQ,Male,0,No,No,36,Yes,Yes,Fiber optic,Yes,Yes,No,Yes,Yes,No,One year,Yes,Mailed check,107.04,3892.47,No
1540-SWCKW,Female,0,Yes,Yes,49,Yes,No,Fiber optic,Yes,No,No,No,Yes,Yes,Month-to-month,No,Electronic check,91.57,4637.28,No
6110-UJXPW,Female,1,Yes,No,51,Yes,Yes,Fiber optic,Yes,Yes,No,No,Yes,No,Two year,Yes,Bank transfer (automatic),98.58,5051.23,No
1958-YGQPB,Female,0,No,No,69,Yes,No,Fiber optic,No,No,No,Yes,No,No,Two year,Yes,Electronic check,77.19,5425.59,No
9715-SOYME,Female,0,Yes,Yes,59,Yes,No,Fiber optic,No,Yes,No,Yes,Yes,Yes,One year,No,Electronic check,100.84,5713.58,No
5218-VKMHA,Male,0,No,No,72,Yes,No,Fiber optic,No,Yes,Yes,No,No,Yes,Month-to-month,No,Mailed check,88.33,6555.51,No
8354-BPCXO,Male,0,No,No,1,Yes,No,DSL,No,Yes,Yes,No,No,No,Month-to-month,Yes,Electronic check,58.56,55.77,Yes
5036-UFEUH,Male,0,Yes,No,8,Yes,Yes,Fiber optic,No,No,No,No,No,No,Month-to-month,Yes,Bank transfer (automatic),83.11,675.51,Yes
8850-FDMTO,Male,1,Yes,Yes,71,Yes,No,No,No internet service,No internet service,No internet service,No internet service,No internet service,No internet service,One year,No,Electronic check,28.27,1994.92,No
6679-TOYUE,Female,0,Yes,No,61,Yes,Yes,DSL,No,No,No,No,No,No,One year,No,Mailed check,56.89,3306.58,No
7208-MVBVN,Male,1,No,No,11,Yes,No,Fiber optic,Yes,Yes,No,No,No,Yes,Month-to-month,No,Electronic check,86.71,968.97,Yes
7186-JMIPU,Male,0,No,No,72,Yes,No,DSL,No,Yes,No,No,Yes,No,One year,Yes,Bank transfer (automatic),67.15,4803.76,No
6223-IWEXT,Male,0,Yes,No,68,No,No phone service,Fiber optic,No,Yes,Yes,No,No,No,One year,No,Electronic check,76.59,5369.28,No
3136-UWFTQ,Male,0,No,Yes,2,Yes,No,Fiber optic,No,Yes,Yes,No,Yes,Yes,Month-to-month,Yes,Electronic check,101.77,203.8,Yes
9723-ZIPZF,Female,0,No,No,63,Yes,No,Fiber optic,No,No,Yes,Yes,Yes,No,Two year,Yes,Mailed check,89.83,5841.16,No
7132-LYRDJ,Male,0,Yes,No,60,Yes,No,Fiber optic,Yes,Yes,Yes,No,No,Yes,Two year,Yes,Electronic check,92.4,5622.83,No
3192-IDNCY,Male,0,Yes,Yes,8,Yes,Yes,DSL,No,Yes,Yes,No,Yes,Yes,Month-to-month,Yes,Electronic check,86.01,677.78,Yes
7458-REFQK,Female,1,No,No,50,Yes,Yes,Fiber optic,No,Yes,No,No,Yes,No,One year,Yes,Credit card (automatic),92.55,4399.44,No
8102-NKXDS,Male,0,Yes,Yes,72,Yes,No,DSL,Yes,No,No,Yes,Yes,Yes,Two year,Yes,Credit card (automatic),82.49,6129.11,No
4144-GDSVS,Male,0,No,No,50,Yes,No,DSL,No,No,Yes,Yes,Yes,Yes,Two year,No,Electronic check,76.42,3759.17,No
7617-PUGDA,Female,0,No,No,63,Yes,No,DSL,No,No,Yes,No,Yes,Yes,Two year,No,Bank transfer (automatic),73.29,4467.66,No
1612-PKEDF,Male,0,Yes,No,3,Yes,No,Fiber optic,No,Yes,Yes,No,No,Yes,Month-to-month,Yes,Electronic check,91.1,267.91,Yes
3137-YKGLJ,Female,0,No,No,55,No,No phone service,No,No internet service,No internet service,No internet service,No internet service,No internet service,No internet service,Two year,Yes,Electronic check,18.25,1012.4,Yes
6496-AQUMS,Female,0,Yes,Yes,7,No,No phone service,DSL,No,Yes,No,Yes,Yes,Yes,Month-to-month,No,Mailed check,78.9,551.89,Yes
2037-YBUYT,Male,0,No,No,2,Yes,Yes,Fiber optic,Yes,No,No,Yes,Yes,Yes,Month-to-month,Yes,Credit card (automatic),111.33,222.55,Yes
4359-COWTF,Male,0,Yes,Yes,37,Yes,No,No,No internet service,No internet service,No internet service,No internet service,No internet service,No internet service,Two year,Yes,Electronic check,24.73,905.27,No
2171-XCLSS,Female,0,No,No,57,Yes,Yes,DSL,No,No,No,Yes,Yes,Yes,One year,No,Electronic check,83.73,4982.27,No
9630-XNDRJ,Male,0,No,No,37,Yes,Yes,DSL,Yes,No,Yes,No,No,Yes,One year,Yes,Credit card (automatic),83.27,3080.53,Yes
2001-YPCJF,Female,0,Yes,No,71,Yes,Yes,No,No internet service,No internet service,No internet service,No internet service,No internet service,No internet service,One year,Yes,Electronic check,37.04,2681.7,No
4343-RRWZM,Male,0,Yes,Yes,52,Yes,No,DSL,No,No,No,No,No,No,Two year,Yes,Electronic check,52.72,2780.55,No
6585-UVGQG,Female,0,No,Yes,3,Yes,No,DSL,No,No,No,No,No,No,Month-to-month,Yes,Credit card (automatic),47.65,138.33,No
8167-WKRFA,Female,0,No,No,71,Yes,Yes,Fiber optic,No,No,Yes,No,No,Yes,Two year,No,Electronic check,98.79,6702.44,No
7589-RNJNM,Female,0,Yes,Yes,4,Yes,No,DSL,No,Yes,Yes,No,Yes,Yes,Month-to-month,No,Electronic check,76.08,314.16,Yes
5486-PWNEX,Male,0,No,No,58,Yes,Yes,No,No internet service,No internet service,No internet service,No internet service,No internet service,No internet service,One year,Yes,Electronic check,36.38,2068.5,No
3934-WZYME,Male,0,No,No,4,Yes,Yes,No,No internet service,No internet service,No internet service,No internet service,No internet service,No internet service,Month-to-month,No,Bank transfer (automatic),35.18,144.93,Yes
9592-WZUVZ,Male,0,Yes,Yes,72,Yes,Yes,Fiber optic,Yes,No,Yes,No,No,No,Two year,Yes,Electronic check,91.15,6679.76,No
5671-IYKVB,Female,0,No,No,16,No,No phone service,DSL,No,No,No,Yes,Yes,No,One year,Yes,Mailed check,62.7,1000.94,Yes
1191-SVHIQ,Male,0,Yes,No,32,Yes,Yes,DSL,Yes,No,Yes,No,No,No,One year,No,Bank transfer (automatic),67.53,2075.23,No
6090-QDURO,Female,1,No,No,29,No,No phone service,DSL,No,Yes,Yes,No,Yes,No,Month-to-month,No,Mailed check,65.36,1898.54,Yes
2242-UECUD,Male,0,Yes,No,3,Yes,No,DSL,No,No,Yes,Yes,Yes,No,Month-to-month,Yes,Bank transfer (automatic),73.95,221.58,Yes
8380-SUYCL,Male,1,Yes,No,31,Yes,No,No,No internet service,No internet service,No internet service,No internet service,No internet service,No internet service,Month-to-month,Yes,Electronic check,28.58,860.7,No
6904-QVZMQ,Male,1,Yes,Yes,4,Yes,Yes,Fiber optic,No,No,No,Yes,Yes,No,Two year,Yes,Credit card (automatic),91.43,373.57,No
6919-FZEME,Female,0,No,No,62,No,No phone service,No,No internet service,No internet service,No internet service,No internet service,No internet service,No internet service,Two year,Yes,Mailed check,22.18,1337.78,No
3722-WWIBV,Female,0,Yes,Yes,71,Yes,Yes,Fiber optic,No,Yes,Yes,No,No,Yes,Two year,No,Electronic check,103.03,7355.35,No
8501-EVWER,Male,0,Yes,Yes,62,Yes,No,Fiber optic,No,No,No,Yes,Yes,Yes,Two year,Yes,Mailed check,96.37,6017.06,No
7906-AUTMI,Female,0,No,Yes,25,Yes,Yes,No,No internet service,No internet service,No internet service,No internet service,No internet service,No internet service,Month-to-month,No,Bank transfer (automatic),32.12,843.15,No
8250-GFSYQ,Male,1,Yes,No,1,Yes,Yes,Fiber optic,Yes,No,Yes,Yes,No,Yes,Two year,Yes,Mailed check,103.08,107.33,No
8877-WOLUT,Female,0,Yes,Yes,1,Yes,No,Fiber optic,No,Yes,No,No,Yes,No,Month-to-month,Yes,Mailed check,82.46,83.28,Yes
2905-VIMCR,Female,0,No,No,31,Yes,Yes,Fiber optic,No,No,No,No,Yes,Yes,One year,No,Electronic check,100.17,3186.03,No
7409-HQZVA,Male,1,Yes,Yes,50,Yes,No,Fiber optic,No,No,Yes,No,No,Yes,Two year,No,Electronic check,83.59,4278.8,No
4405-UOXQR,Male,0,No,No,63,Yes,No,No,No internet service,No internet service,No internet service,No internet service,No internet service,No internet service,Two year,No,Electronic check,22.82,1405.22,No
9560-JHRFQ,Male,0,Yes,No,42,No,No phone service,DSL,No,No,Yes,No,Yes,Yes,Month-to-month,Yes,Mailed check,70.06,3076.1,No
4094-BCRUB,Male,0,No,Yes,72,Yes,No,DSL,No,No,No,No,No,Yes,One year,Yes,Bank transfer (automatic),59.76,4321.43,No
3078-RSRFO,Female,1,Yes,No,31,Yes,Yes,Fiber optic,Yes,No,Yes,No,No,Yes,One year,Yes,Electronic check,98.33,3027.24,Yes
1025-YJMSK,Female,0,No,No,43,Yes,No,No,No internet service,No internet service,No internet service,No internet service,No internet service,No internet service,Two year,Yes,Mailed check,22.48,1002.88,No
1703-WMQQP,Female,0,Yes,No,9,Yes,No,Fiber optic,No,Yes,Yes,No,No,Yes,Month-to-month,Yes,Mailed check,88.36,827.4,Yes
9550-PRCTT,Female,0,Yes,No,17,Yes,No,DSL,No,Yes,No,No,No,Yes,One year,Yes,Credit card (automatic),64.13,1142.71,No
5488-GLZYE,Male,0,Yes,Yes,51,Yes,No,DSL,No,No,Yes,No,Yes,Yes,Two year,No,Mailed check,72.34,3641.05,No
8037-BCKFN,Male,0,Yes,Yes,43,Yes,Yes,No,No internet service,No internet service,No internet service,No internet service,No internet service,No internet service,Two year,Yes,Electronic check,35.5,1565.89,No
7349-JMLAV,Female,0,Yes,No,19,Yes,Yes,DSL,No,No,Yes,No,No,Yes,Month-to-month,Yes,Mailed check,75.8,1430.79,No
6113-DBZUR,Female,0,No,No,3,Yes,Yes,Fiber optic,No,No,No,No,Yes,Yes,Month-to-month,No,Bank transfer (automatic),98.13,290.26,Yes
4888-QLJTF,Female,0,No,No,17,Yes,No,DSL,No,No,No,No,Yes,No,One year,Yes,Mailed check,58.01,987.61,Yes
2893-NLKSU,Female,0,Yes,No,1,Yes,Yes,DSL,No,No,No,No,Yes,No,Two year,No,Mailed check,69.78,69.43,No
4295-HZLJN,Male,0,Yes,Yes,41,Yes,No,DSL,Yes,No,No,Yes,No,Yes,Two year,No,Bank transfer (automatic),69.31,2794.46,No
8051-KPDBW,Male,0,No,No,16,No,No phone service,DSL,No,Yes,Yes,No,Yes,Yes,Month-to-month,Yes,Mailed check,72.15,1155.45,Yes
2098-RBGIJ,Female,0,No,No,20,Yes,Yes,Fiber optic,No,Yes,Yes,No,No,No,Month-to-month,No,Electronic check,93.28,1947.85,Yes
1436-WPRSL,Male,0,Yes,Yes,40,Yes,Yes,Fiber optic,Yes,No,No,Yes,Yes,No,Month-to-month,Yes,Mailed check,98.65,4104.46,No
8503-YJNFT,Female,0,Yes,Yes,41,Yes,Yes,DSL,Yes,No,No,No,Yes,Yes,Month-to-month,Yes,Mailed check,85.97,3437.31,Yes
1148-RKNBT,Male,0,Yes,Yes,41,Yes,Yes,Fiber optic,No,No,Yes,Yes,No,Yes,Two year,No,Mailed check,97.44,3831.96,No
7227-EZSFC,Male,0,Yes,Yes,31,Yes,Yes,Fiber optic,No,Yes,Yes,Yes,Yes,No,Month-to-month,Yes,Credit card (automatic),104.03,3254.49,No
8931-BHPGC,Male,0,Yes,No,31,Yes,Yes,DSL,No,No,No,Yes,No,Yes,Month-to-month,Yes,Mailed check,72.38,2347.39,No
5722-HIODY,Female,0,No,No,64,Yes,No,No,No internet service,No internet service,No internet service,No internet service,No internet service,No internet service,Two year,No,Mailed check,27.79,1712.67,No
6134-CFYHP,Female,1,No,No,29,Yes,No,Fiber optic,Yes,Yes,Yes,No,No,Yes,Month-to-month,Yes,Credit card (automatic),95.68,2875.75,Yes
6151-UCDML,Male,1,Yes,No,36,No,No phone service,Fiber optic,No,No,Yes,No,No,No,Month-to-month,No,Electronic check,69.67,2400.1,No
5761-OOXFC,Male,1,No,No,72,Yes,Yes,DSL,No,Yes,No,Yes,Yes,Yes,One year,No,Mailed check,86.97,6112.76,Yes
7782-GHCOP,Female,0,Yes,No,6,Yes,Yes,Fiber optic,Yes,No,No,No,No,No,Month-to-month,Yes,Mailed check,82.0,474.79,Yes
1450-ATMUE,Male,1,Yes,No,55,Yes,Yes,DSL,No,No,No,No,Yes,No,One year,Yes,Credit card (automatic),72.06,4158.71,No
7639-JIZCS,Male,0,Yes,No,29,Yes,Yes,Fiber optic,No,Yes,No,No,No,Yes,One year,No,Mailed check,94.57,2816.73,Yes
9582-IEPBC,Male,1,Yes,Yes,64,Yes,No,DSL,No,Yes,No,Yes,No,Yes,Month-to-month,No,Bank transfer (automatic),68.15,4383.42,No
3732-JPMDU,Male,0,No,No,22,Yes,No,Fiber optic,No,No,No,No,No,No,One year,Yes,Bank transfer (automatic),66.35,1475.66,No
8031-WKULE,Male,0,Yes,No,14,Yes,No,Fiber optic,No,No,Yes,No,Yes,Yes,Month-to-month,No,Electronic check,95.97,1330.49,No
2772-IDEKX,Male,0,No,No,8,Yes,No,DSL,No,Yes,Yes,No,No,Yes,Month-to-month,No,Bank transfer (automatic),71.23,545.47,Yes
9652-AEIYQ,Male,1,No,No,68,Yes,No,Fiber optic,Yes,No,No,No,No,No,One year,Yes,Bank transfer (automatic),72.93,4849.5,No
9191-JYGBQ,Male,0,Yes,Yes,54,Yes,Yes,DSL,Yes,Yes,Yes,Yes,Yes,No,One year,Yes,Mailed check,88.79,4660.44,No
9754-XXJOJ,Male,0,No,No,2,Yes,Yes,Fiber optic,No,No,No,No,Yes,Yes,Month-to-month,No,Credit card (automatic),97.11,203.29,Yes
8014-URNOJ,Female,0,No,No,54,Yes,No,No,No internet service,No internet service,No internet service,No internet service,No internet service,No internet service,One year,No,Electronic check,21.11,1128.41,No
2795-LRGTX,Male,0,No,No,1,Yes,Yes,No,No internet service,No internet service,No internet service,No internet service,No internet service,No internet service,Month-to-month,Yes,Credit card (automatic),34.51,35.64,Yes
9262-CALOK,Female,1,Yes,No,6,Yes,Yes,No,No internet service,No internet service,No internet service,No internet service,No internet service,No internet service,Month-to-month,Yes,Credit card (automatic),38.6,239.23,No
1561-YFSYD,Male,0,Yes,No,42,No,No phone service,Fiber optic,No,Yes,No,No,No,No,Two year,No,Mailed check,71.61,2949.36,No
3677-DQGBL,Female,0,No,No,28,Yes,Yes,No,No internet service,No internet service,No internet service,No internet service,No internet service,No internet service,Month-to-month,Yes,Mailed check,37.69,1062.54,Yes
3679-ZTJXO,Female,0,Yes,No,65,Yes,Yes,DSL,No,Yes,No,Yes,No,No,Two year,Yes,Credit card (automatic),73.32,4836.39,No
2861-VITAV,Male,0,Yes,Yes,43,Yes,No,DSL,No,Yes,No,No,Yes,Yes,Month-to-month,No,Mailed check,71.26,2946.39,No
7986-WTQUR,Female,1,No,No,72,Yes,No,DSL,Yes,No,Yes,No,No,Yes,Month-to-month,Yes,Mailed check,66.23,4685.99,No
3785-RPYLG,Male,0,Yes,No,67,Yes,Yes,Fiber optic,No,No,No,No,No,No,Two year,No,Mailed check,77.05,4916.57,No
5342-ICXEW,Male,0,Yes,Yes,17,No,No phone service,DSL,No,No,Yes,No,Yes,Yes,Month-to-month,No,Electronic check,70.5,1236.61,Yes
7269-QAJSO,Male,0,No,No,65,Yes,No,Fiber optic,No,No,No,No,No,Yes,Two year,Yes,Mailed check,76.1,5168.56,No
5664-VTPTX,Male,0,No,No,68,Yes,Yes,DSL,Yes,No,No,Yes,Yes,Yes,Two year,No,Electronic check,86.57,6020.59,No
9032-TAHCB,Male,0,No,No,72,Yes,No,DSL,No,No,No,No,Yes,Yes,Two year,Yes,Bank transfer (automatic),69.3,5149.44,No
6578-UKNGZ,Male,0,Yes,No,1,Yes,No,No,No internet service,No internet service,No internet service,No internet service,No internet service,No internet service,Month-to-month,No,Credit card (automatic),25.0,24.84,No
3097-JGDAK,Male,0,No,No,68,Yes,Yes,Fiber optic,No,No,Yes,Yes,Yes,No,Two year,Yes,Mailed check,97.15,6510.2,No
9853-TAHYN,Female,1,No,No,2,Yes,Yes,Fiber optic,No,Yes,No,No,No,No,Month-to-month,Yes,Electronic check,88.1,183.63,Yes
7729-RWPLS,Male,0,Yes,Yes,35,Yes,No,Fiber optic,No,Yes,No,No,Yes,No,Month-to-month,Yes,Bank transfer (automatic),86.71,2932.23,Yes
7472-UQIAH,Male,0,Yes,No,23,Yes,No,DSL,No,No,Yes,Yes,Yes,Yes,Month-to-month,No,Electronic check,78.06,1784.43,Yes
6543-LXDMW,Male,0,No,No,70,Yes,Yes,Fiber optic,Yes,Yes,Yes,Yes,Yes,No,One year,No,Bank transfer (automatic),110.03,7379.14,No
2682-YECAZ,Male,1,Yes,Yes,22,Yes,Yes,Fiber optic,No,No,Yes,No,No,No,Month-to-month,Yes,Bank transfer (automatic),81.55,1846.22,Yes
4191-IIABP,Male,0,Yes,No,42,Yes,No,No,No internet service,No internet service,No internet service,No internet service,No internet service,No internet service,One year,Yes,Electronic check,24.79,1022.92,No
8400-SLIGN,Male,0,Yes,No,52,Yes,No,DSL,No,Yes,No,Yes,Yes,Yes,Month-to-month,Yes,Credit card (automatic),78.73,4149.27,No
8796-PELCP,Female,0,Yes,No,1,No,No phone service,Fiber optic,Yes,Yes,No,No,No,Yes,Month-to-month,No,Bank transfer (automatic),88.42,91.17,Yes
8161-ZRVFQ,Male,0,Yes,No,42,Yes,Yes,DSL,No,No,No,No,No,No,Month-to-month,No,Mailed check,62.11,2539.44,Yes
9338-WIVRP,Female,0,No,No,34,Yes,Yes,Fiber optic,No,No,Yes,No,No,Yes,Month-to-month,Yes,Electronic check,93.98,3343.16,No
1829-WYIXA,Male,0,No,No,42,Yes,No,DSL,No,Yes,Yes,No,Yes,Yes,One year,Yes,Electronic check,77.34,3301.65,No
8038-VEGJK,Male,0,Yes,No,2,Yes,No,Fiber optic,No,No,Yes,No,Yes,Yes,Month-to-month,No,Electronic check,98.78,201.47,Yes
6150-UBFYE,Male,0,Yes,Yes,2,Yes,Yes,Fiber optic,No,Yes,No,No,Yes,No,Month-to-month,Yes,Bank transfer (automatic),97.69,203.77,Yes
6799-RGJJW,Female,0,Yes,Yes,6,Yes,No,No,No internet service,No internet service,No internet service,No internet service,No internet service,No internet service,Month-to-month,Yes,Bank transfer (automatic),23.69,144.5,Yes
7793-WZXGE,Female,1,Yes,Yes,68,Yes,No,Fiber optic,No,No,Yes,Yes,No,No,Month-to-month,Yes,Bank transfer (automatic),79.4,5343.74,No
2274-RJEAN,Male,1,Yes,Yes,18,Yes,Yes,Fiber optic,No,Yes,Yes,No,Yes,No,Month-to-month,Yes,Electronic check,100.57,1803.44,Yes
2086-NXKNC,Male,0,No,No,25,No,No phone service,Fiber optic,No,No,No,No,Yes,Yes,Two year,Yes,Bank transfer (automatic),83.52,2140.18,No
7766-RYGPP,Male,0,Yes,Yes,21,Yes,Yes,Fiber optic,No,Yes,No,No,Yes,No,Month-to-month,Yes,Mailed check,92.69,1849.17,Yes
8419-EBJWJ,Male,0,Yes,No,54,Yes,Yes,No,No internet service,No internet service,No internet service,No internet service,No internet service,No internet service,Two year,No,Bank transfer (automatic),36.23,2019.41,No
4751-ATNDE,Female,0,No,No,11,Yes,No,Fiber optic,No,No,No,No,No,Yes,Month-to-month,Yes,Credit card (automatic),83.5,916.4,Yes
5062-YSKSK,Female,1,Yes,No,2,Yes,No,Fiber optic,No,No,Yes,No,Yes,Yes,Month-to-month,Yes,Electronic check,92.5,184.33,No
4235-CLRXO,Male,0,No,Yes,20,Yes,Yes,No,No internet service,No internet service,No internet service,No internet service,No internet service,No internet service,Month-to-month,No,Credit card (automatic),33.72,666.03,No
4790-HSORK,Male,1,Yes,Yes,55,Yes,No,DSL,Yes,No,No,No,Yes,No,Two year,Yes,Mailed check,61.42,3359.4,No
5289-OKHZS,Female,1,Yes,Yes,70,No,No phone service,DSL,No,No,No,No,No,No,Two year,Yes,Bank transfer (automatic),46.36,3245.83,No
6608-WOIXU,Female,0,No,Yes,2,Yes,Yes,DSL,No,No,No,Yes,Yes,Yes,Month-to-month,No,Bank transfer (automatic),87.39,174.61,Yes
4037-ZWJRD,Female,0,Yes,Yes,63,Yes,No,DSL,Yes,No,No,Yes,Yes,No,Two year,No,Bank transfer (automatic),68.49,4324.98,No
3883-SXTCR,Male,0,Yes,No,2,Yes,No,DSL,No,No,No,Yes,No,No,Month-to-month,No,Electronic check,52.04,99.86,Yes
3511-YLDEB,Female,0,Yes,Yes,16,Yes,No,Fiber optic,No,No,Yes,Yes,Yes,No,Month-to-month,Yes,Mailed check,91.2,1407.75,No
8910-HRIAV,Male,0,Yes,Yes,1,Yes,Yes,DSL,No,No,No,Yes,Yes,No,Month-to-month,Yes,Credit card (automatic),74.78,72.34,Yes
4613-CSECH,Male,0,No,No,70,Yes,No,No,No internet service,No internet service,No internet service,No internet service,No internet service,No internet service,Month-to-month,No,Electronic check,25.18,1771.64,No
9108-ZOBTD,Female,0,No,No,53,Yes,No,DSL,No,No,Yes,No,No,Yes,One year,No,Credit card (automatic),63.87,3488.96,No
5178-QUNIN,Female,1,Yes,No,19,Yes,No,DSL,No,No,Yes,Yes,Yes,No,Month-to-month,No,Mailed check,73.56,1393.25,Yes
8644-WMHQV,Male,1,Yes,No,20,Yes,Yes,Fiber optic,No,No,Yes,No,No,No,Month-to-month,Yes,Credit card (automatic),84.45,1728.8,Yes
8304-RDSXD,Female,0,No,No,47,Yes,No,DSL,Yes,No,Yes,No,No,Yes,Two year,Yes,Credit card (automatic),69.94,3190.04,No
9491-SVJFY,Female,1,Yes,Yes,2,Yes,No,Fiber optic,Yes,Yes,Yes,Yes,Yes,No,Month-to-month,Yes,Electronic check,97.85,186.29,Yes
3780-XGUII,Male,0,No,No,0,Yes,No,No,No internet service,No internet service,No internet service,No internet service,No internet service,No internet service,Month-to-month,No,Credit card (automatic),23.42, ,Yes
1329-YWQOL,Female,1,No,No,66,No,No phone service,Fiber optic,No,Yes,Yes,Yes,Yes,Yes,Two year,No,Bank transfer (automatic),102.99,7092.15,No
4832-VFEYJ,Female,0,Yes,No,7,Yes,No,Fiber optic,No,Yes,No,Yes,No,No,Month-to-month,Yes,Mailed check,76.64,542.0,No
9381-GDXTG,Female,1,Yes,No,55,Yes,Yes,Fiber optic,No,No,No,No,No,Yes,Two year,Yes,Credit card (automatic),87.87,4680.54,No
6415-KYEUZ,Male,0,No,No,9,Yes,No,No,No internet service,No internet service,No internet service,No internet service,No internet service,No internet service,Month-to-month,Yes,Electronic check,24.79,227.94,Yes
9186-EZDES,Male,0,Yes,No,2,No,No phone service,DSL,No,No,No,No,Yes,No,One year,Yes,Electronic check,52.26,108.36,No
9864-HWPEZ,Female,0,Yes,Yes,70,Yes,No,No,No internet service,No internet service,No internet service,No internet service,No internet service,No internet service,Two year,Yes,Credit card (automatic),27.84,1903.91,No
8681-DNDBH,Male,0,No,No,70,Yes,No,Fiber optic,No,No,No,Yes,No,No,Month-to-month,Yes,Electronic check,76.59,5300.72,No
8694-XQDVY,Male,0,Yes,Yes,43,Yes,No,Fiber optic,Yes,Yes,Yes,No,Yes,No,Two year,Yes,Credit card (automatic),97.2,4002.71,No
2909-DVTTO,Female,1,No,No,28,Yes,Yes,Fiber optic,No,Yes,Yes,No,Yes,No,Month-to-month,Yes,Electronic check,101.59,2908.6,Yes
9219-BCEEA,Female,0,Yes,Yes,38,Yes,Yes,DSL,Yes,No,No,Yes,Yes,Yes,One year,No,Electronic check,91.32,3548.05,Yes
6142-MWJBK,Male,0,Yes,Yes,23,Yes,Yes,DSL,No,No,Yes,No,Yes,No,Month-to-month,No,Bank transfer (automatic),74.4,1719.41,Yes
7937-YOYVO,Male,0,No,No,58,Yes,No,Fiber optic,No,Yes,Yes,No,Yes,No,Two year,No,Credit card (automatic),89.41,5125.19,No
3251-UZSIK,Female,1,Yes,No,57,Yes,No,Fiber optic,No,No,No,No,No,No,One year,No,Bank transfer (automatic),70.91,4119.15,No
5902-UDOXH,Male,0,No,No,63,Yes,No,Fiber optic,No,Yes,No,No,Yes,No,Two year,Yes,Credit card (automatic),82.43,5451.72,No
1289-DCQNB,Male,0,No,No,34,No,No phone service,DSL,No,No,Yes,Yes,No,Yes,Two year,Yes,Mailed check,62.26,2096.48,No
3105-IPSRI,Male,0,No,No,62,Yes,No,DSL,No,Yes,Yes,Yes,Yes,Yes,One year,Yes,Credit card (automatic),81.17,5129.78,No
2700-EOWQC,Female,0,Yes,No,4,Yes,No,No,No internet service,No internet service,No internet service,No internet service,No internet service,No internet service,Month-to-month,Yes,Electronic check,23.24,95.9,No
4324-FRSEO,Male,1,No,No,1,Yes,Yes,Fiber optic,Yes,Yes,Yes,No,No,No,Month-to-month,Yes,Credit card (automatic),91.47,95.51,Yes
8373-RXHJV,Female,0,Yes,No,48,Yes,No,Fiber optic,Yes,No,Yes,No,Yes,Yes,Two year,No,Mailed check,103.44,4996.36,No
5852-HQWWM,Female,0,Yes,Yes,3,Yes,No,Fiber optic,Yes,Yes,No,No,Yes,Yes,Month-to-month,No,Credit card (automatic),97.05,295.86,Yes
8750-NCMMJ,Male,0,Yes,No,37,Yes,Yes,DSL,Yes,Yes,No,No,No,Yes,One year,No,Electronic check,78.33,2819.14,No
3810-UEXIB,Male,0,No,Yes,54,Yes,Yes,Fiber optic,No,Yes,No,No,No,No,Month-to-month,Yes,Electronic check,82.88,4291.81,No
6976-GZHRU,Male,0,Yes,Yes,23,Yes,No,Fiber optic,No,Yes,No,No,No,Yes,Month-to-month,No,Mailed check,85.28,2042.02,No
4724-ZCBWD,Male,1,No,No,1,Yes,Yes,DSL,Yes,No,Yes,No,Yes,No,Two year,No,Electronic check,77.15,79.15,No
6999-TWPSX,Male,0,Yes,No,70,No,No phone service,No,No internet service,No internet service,No internet service,No internet service,No internet service,No internet service,One year,Yes,Electronic check,22.43,1630.17,No
4834-HLRNA,Female,0,No,No,1,Yes,No,Fiber optic,No,No,Yes,No,No,Yes,Month-to-month,No,Credit card (automatic),82.03,78.99,No
7118-IFRRY,Male,0,Yes,No,70,Yes,No,No,No internet service,No internet service,No internet service,No internet service,No internet service,No internet service,Two year,Yes,Credit card (automatic),28.27,1967.39,No
3369-QBWCX,Female,0,No,No,2,Yes,No,Fiber optic,No,No,Yes,No,No,Yes,Month-to-month,No,Electronic check,87.41,178.13,No
2767-UGGOG,Female,0,No,No,56,Yes,No,No,No internet service,No internet service,No internet service,No internet service,No internet service,No internet service,Two year,Yes,Electronic check,26.22,1538.86,No
3224-FPXLS,Male,0,No,No,71,Yes,Yes,DSL,Yes,Yes,No,Yes,Yes,No,One year,Yes,Mailed check,84.32,5900.62,No
2508-OVPDN,Male,0,No,No,70,Yes,No,No,No internet service,No internet service,No internet service,No internet service,No internet service,No internet service,One year,No,Electronic check,22.74,1650.99,No
3207-HIMLI,Female,0,No,No,70,No,No phone service,Fiber optic,Yes,No,Yes,Yes,No,Yes,Two year,No,Bank transfer (automatic),87.41,6393.98,No
4114-VYOBZ,Female,0,Yes,Yes,69,Yes,Yes,DSL,No,Yes,Yes,Yes,No,Yes,Two year,Yes,Credit card (automatic),85.75,5863.38,No
3588-KIUFB,Female,0,No,No,33,Yes,No,Fiber optic,No,Yes,Yes,No,No,No,One year,Yes,Credit card (automatic),82.31,2802.0,No
1109-UVIBY,Male,0,Yes,No,38,Yes,No,Fiber optic,No,Yes,Yes,No,No,Yes,Two year,Yes,Bank transfer (automatic),87.18,3177.37,No
1857-DQISM,Female,0,Yes,No,45,Yes,No,Fiber optic,No,No,No,Yes,No,Yes,Two year,No,Bank transfer (automatic),85.24,3915.63,Yes
2795-ALMBI,Male,0,No,No,70,Yes,No,Fiber optic,No,Yes,No,No,Yes,Yes,Two year,No,Mailed check,96.42,6726.11,No
2987-RUCVH,Male,0,Yes,No,65,No,No phone service,No,No internet service,No internet service,No internet service,No internet service,No internet service,No internet service,One year,Yes,Mailed check,19.19,1191.57,No
1292-HOCFM,Male,0,Yes,Yes,60,Yes,No,Fiber optic,No,Yes,No,No,No,No,Two year,Yes,Credit card (automatic),78.33,4835.56,No
6283-QBPXN,Male,0,Yes,Yes,50,No,No phone service,Fiber optic,No,No,No,Yes,Yes,Yes,One year,No,Bank transfer (automatic),88.99,4512.99,No
2107-LGHGF,Female,1,Yes,No,44,Yes,Yes,DSL,No,No,No,No,No,Yes,One year,No,Credit card (automatic),69.48,3042.27,Yes
4130-TAPSU,Male,0,Yes,Yes,70,Yes,No,No,No internet service,No internet service,No internet service,No internet service,No internet service,No internet service,Two year,No,Credit card (automatic),23.83,1625.67,No
1563-JYJGN,Female,0,Yes,No,7,Yes,No,Fiber optic,No,Yes,Yes,No,No,Yes,Month-to-month,Yes,Credit card (automatic),93.14,657.67,Yes
9089-JWNQC,Female,0,Yes,Yes,7,Yes,No,No,No internet service,No internet service,No internet service,No internet service,No internet service,No internet service,One year,Yes,Bank transfer (automatic),22.53,152.59,No
1871-RINNT,Female,0,No,No,72,Yes,No,Fiber optic,Yes,No,No,Yes,Yes,Yes,Two year,No,Mailed check,98.45,6806.03,No
1269-WVXHV,Male,0,Yes,No,38,Yes,No,No,No internet service,No internet service,No internet service,No internet service,No internet service,No internet service,Two year,Yes,Credit card (automatic),27.27,1044.64,No
7643-AHEQH,Female,0,No,No,30,Yes,No,No,No internet service,No internet service,No internet service,No internet service,No internet service,No internet service,Month-to-month,No,Credit card (automatic),24.12,701.72,No
5192-AUFEB,Male,1,No,No,66,Yes,Yes,Fiber optic,Yes,No,No,No,Yes,No,Month-to-month,Yes,Electronic check,94.21,6399.87,Yes
8342-HWXRC,Female,0,Yes,Yes,66,Yes,No,Fiber optic,No,Yes,No,Yes,Yes,No,Two year,No,Electronic check,92.97,5881.11,No
2030-CRTTS,Female,0,Yes,Yes,6,Yes,No,Fiber optic,No,No,Yes,No,No,No,Month-to-month,Yes,Electronic check,74.05,429.86,Yes
6252-AHEQO,Male,0,Yes,No,5,Yes,Yes,Fiber optic,No,Yes,No,Yes,Yes,Yes,Month-to-month,No,Credit card (automatic),112.17,574.98,Yes
6255-CCLVQ,Male,0,No,No,61,Yes,No,Fiber optic,Yes,Yes,Yes,No,No,Yes,Two year,No,Credit card (automatic),96.9,6123.8,No
5446-WGFAL,Female,0,No,No,60,Yes,No,No,No internet service,No internet service,No internet service,No internet service,No internet service,No internet service,Two year,No,Bank transfer (automatic),26.81,1571.53,No
7305-WRTLW,Female,0,No,No,9,Yes,Yes,No,No internet service,No internet service,No internet service,No internet service,No internet service,No internet service,Month-to-month,No,Bank transfer (automatic),38.38,331.82,Yes
2903-QDNGO,Male,0,No,No,65,No,No phone service,DSL,No,No,Yes,No,No,No,Two year,No,Credit card (automatic),53.42,3404.31,No
5233-QVQUD,Male,0,No,No,30,Yes,No,DSL,Yes,No,No,No,No,Yes,Month-to-month,No,Electronic check,64.32,1856.98,Yes
4124-ZMLLB,Male,0,No,No,29,Yes,No,DSL,No,No,Yes,Yes,Yes,Yes,Two year,No,Electronic check,79.8,2228.83,No
7732-SGJYL,Female,0,No,No,72,Yes,Yes,DSL,Yes,Yes,No,Yes,No,No,One year,Yes,Mailed check,77.12,5659.4,No
6938-TFMIL,Male,0,No,No,34,Yes,Yes,Fiber optic,No,No,No,No,No,No,Month-to-month,No,Bank transfer (automatic),77.14,2677.72,Yes
7505-CCTWP,Female,0,No,No,3,Yes,No,Fiber optic,No,No,Yes,Yes,Yes,No,Month-to-month,Yes,Bank transfer (automatic),87.97,274.49,Yes
7240-FGSLA,Female,0,Yes,Yes,12,Yes,No,DSL,No,Yes,Yes,No,Yes,Yes,One year,Yes,Electronic check,83.76,1027.92,No
2803-MVLPF,Female,0,No,Yes,16,Yes,No,Fiber optic,No,No,No,No,No,No,Month-to-month,Yes,Mailed check,68.42,1058.58,Yes
4124-PEIZB,Female,1,No,No,71,Yes,No,No,No internet service,No internet service,No internet service,No internet service,No internet service,No internet service,Two year,Yes,Mailed check,25.29,1843.38,No
7309-VZKWG,Male,0,Yes,No,11,Yes,Yes,Fiber optic,Yes,No,No,Yes,No,Yes,One year,Yes,Electronic check,97.45,1082.34,Yes
2812-ROFYS,Male,0,Yes,No,25,Yes,No,Fiber optic,No,No,No,No,No,No,One year,Yes,Mailed check,70.51,1780.0,Yes
5195-BDASZ,Male,0,No,No,57,Yes,No,No,No internet service,No internet service,No internet service,No internet service,No internet service,No internet service,Month-to-month,No,Credit card (automatic),27.67,1569.5,No
2149-LRQSP,Male,0,Yes,Yes,12,Yes,No,Fiber optic,No,Yes,No,No,No,Yes,Month-to-month,Yes,Electronic check,88.64,1024.88,Yes
7361-APVQY,Male,1,No,No,53,Yes,Yes,DSL,Yes,Yes,No,No,No,Yes,Two year,No,Electronic check,79.35,4376.3,No
5542-ATWZU,Female,0,Yes,No,7,Yes,No,DSL,No,Yes,Yes,No,Yes,Yes,One year,Yes,Electronic check,83.12,553.02,Yes
1827-KLLDP,Female,1,No,No,10,Yes,No,DSL,No,Yes,No,No,Yes,No,Month-to-month,No,Mailed check,64.67,642.75,No
1721-ALCZA,Male,0,Yes,No,72,Yes,Yes,DSL,Yes,No,No,No,Yes,No,Month-to-month,Yes,Mailed check,77.62,5430.15,No
2365-MSQDL,Male,1,Yes,Yes,19,Yes,No,DSL,No,No,No,Yes,No,Yes,One year,Yes,Mailed check,62.73,1156.19,No
3262-EIUKE,Male,0,No,No,55,Yes,Yes,Fiber optic,Yes,No,Yes,Yes,No,No,One year,Yes,Credit card (automatic),94.94,5243.29,No
2832-TZYSB,Female,0,Yes,No,65,Yes,Yes,DSL,Yes,No,No,Yes,No,Yes,Two year,No,Bank transfer (automatic),82.66,5163.71,No
8970-TYZKF,Female,1,No,Yes,18,Yes,Yes,Fiber optic,Yes,No,No,Yes,No,Yes,Two year,No,Bank transfer (automatic),100.34,1723.93,No
9936-HCURN,Male,0,Yes,Yes,18,Yes,Yes,Fiber optic,No,No,No,Yes,No,Yes,One year,Yes,Mailed check,95.54,1734.48,No
4179-DGKTB,Female,0,No,No,59,Yes,No,Fiber optic,No,No,No,No,No,No,One year,Yes,Bank transfer (automatic),71.12,4244.51,No
9717-ZWNXB,Male,0,Yes,Yes,43,Yes,No,DSL,No,No,No,No,Yes,No,Month-to-month,Yes,Electronic check,56.4,2328.12,No
6350-VRPBD,Male,0,Yes,No,19,Yes,No,No,No internet service,No internet service,No internet service,No internet service,No internet service,No internet service,Two year,No,Bank transfer (automatic),21.21,389.36,No
6376-IVNPU,Male,0,No,No,57,No,No phone service,Fiber optic,Yes,No,Yes,No,No,Yes,One year,Yes,Electronic check,82.21,4512.1,No
2929-RCUCE,Female,0,Yes,Yes,67,Yes,No,Fiber optic,Yes,No,Yes,No,No,Yes,One year,Yes,Bank transfer (automatic),89.2,6195.76,No
4300-EGVLH,Male,0,No,No,9,Yes,Yes,Fiber optic,No,No,Yes,No,Yes,Yes,Month-to-month,Yes,Credit card (automatic),106.74,994.45,Yes
2999-LBIXC,Male,0,No,Yes,1,Yes,No,DSL,No,Yes,No,No,Yes,Yes,Month-to-month,Yes,Mailed check,71.95,70.49,Yes
9835-IPAEU,Male,0,Yes,Yes,12,Yes,Yes,Fiber optic,No,No,No,No,Yes,No,One year,Yes,Electronic check,91.02,1097.76,No
6736-HZKIT,Male,0,Yes,No,50,Yes,Yes,No,No internet service,No internet service,No internet service,No internet service,No internet service,No internet service,Month-to-month,Yes,Electronic check,33.02,1688.52,No
9509-NIUKC,Female,1,Yes,No,70,Yes,Yes,Fiber optic,No,Yes,No,Yes,Yes,No,Two year,Yes,Electronic check,97.91,7172.11,No
4948-SISWA,Male,0,Yes,Yes,67,Yes,No,Fiber optic,No,No,No,Yes,No,Yes,One year,No,Bank transfer (automatic),85.66,5508.92,No
7311-YIOJB,Female,0,Yes,Yes,8,Yes,Yes,Fiber optic,No,No,No,Yes,Yes,Yes,Month-to-month,Yes,Electronic check,107.71,885.2,Yes
3093-JFPFQ,Male,1,No,No,69,Yes,No,DSL,Yes,No,Yes,No,Yes,No,Two year,No,Mailed check,71.83,4802.18,No
9890-QRHRK,Male,0,No,No,63,Yes,Yes,No,No internet service,No internet service,No internet service,No internet service,No internet service,No internet service,Two year,Yes,Electronic check,34.82,2297.96,No
3065-VICGZ,Male,0,Yes,No,56,Yes,Yes,DSL,No,Yes,No,No,No,No,Two year,Yes,Mailed check,67.61,3860.43,No
7665-DLFMU,Male,0,Yes,Yes,51,Yes,No,Fiber optic,Yes,Yes,Yes,No,Yes,No,Two year,Yes,Bank transfer (automatic),92.71,4818.04,No
3962-TQEZC,Male,0,No,No,62,Yes,No,DSL,No,Yes,Yes,Yes,No,No,Two year,Yes,Credit card (automatic),63.04,3799.65,No
2997-HBZSJ,Male,0,Yes,Yes,67,Yes,No,No,No internet service,No internet service,No internet service,No internet service,No internet service,No internet service,Month-to-month,No,Electronic check,23.31,1550.62,No
8938-XFQWM,Female,0,No,No,63,Yes,Yes,DSL,No,Yes,No,No,No,No,Two year,Yes,Bank transfer (automatic),65.04,3921.27,No
8299-WPWPA,Female,1,Yes,Yes,3,Yes,Yes,Fiber optic,Yes,No,No,No,No,No,Month-to-month,No,Bank transfer (automatic),86.49,246.64,Yes
4446-KABQE,Female,0,No,No,54,Yes,No,DSL,No,No,No,Yes,Yes,Yes,One year,Yes,Credit card (automatic),78.4,4131.28,No
2875-YOQHE,Male,0,No,No,65,Yes,Yes,No,No internet service,No internet service,No internet service,No internet service,No internet service,No internet service,Two year,Yes,Bank transfer (automatic),36.09,2436.8,No
7396-PEKDM,Male,0,Yes,Yes,6,Yes,Yes,DSL,No,No,Yes,Yes,Yes,No,One year,No,Mailed check,78.54,465.9,No
5245-NPRPP,Male,0,No,No,8,Yes,Yes,No,No internet service,No internet service,No internet service,No internet service,No internet service,No internet service,Month-to-month,No,Credit card (automatic),32.51,257.03,Yes
5811-OJJZS,Female,0,No,No,60,Yes,No,DSL,Yes,No,Yes,No,No,Yes,One year,Yes,Mailed check,72.41,4177.27,No
7022-DKZLO,Female,0,No,No,17,Yes,No,Fiber optic,No,Yes,No,Yes,No,Yes,Month-to-month,No,Electronic check,90.58,1491.23,Yes
6374-AYMWF,Female,0,Yes,Yes,22,Yes,Yes,Fiber optic,No,No,Yes,No,Yes,No,Month-to-month,Yes,Bank transfer (automatic),93.99,2114.28,Yes
9007-RWRTG,Male,0,Yes,Yes,20,No,No phone service,No,No internet service,No internet service,No internet service,No internet service,No internet service,No internet service,One year,No,Mailed check,19.98,398.41,No
7811-NTZVE,Male,0,Yes,Yes,8,Yes,Yes,Fiber optic,No,No,Yes,No,No,Yes,Month-to-month,No,Bank transfer (automatic),93.94,719.3,No
9702-MZLLR,Male,0,Yes,No,71,Yes,No,Fiber optic,No,Yes,No,No,Yes,Yes,Two year,No,Electronic check,97.52,6918.28,No
7393-LUKLS,Male,0,Yes,Yes,62,Yes,Yes,Fiber optic,Yes,Yes,No,Yes,Yes,Yes,Month-to-month,Yes,Bank transfer (automatic),116.3,7501.26,No
2293-BQVZH,Male,0,No,No,10,Yes,No,Fiber optic,No,Yes,No,No,Yes,No,One year,Yes,Credit card (automatic),82.24,815.63,Yes
9152-VKJRA,Male,0,Yes,No,3,Yes,Yes,DSL,No,Yes,Yes,No,No,Yes,Month-to-month,Yes,Credit card (automatic),82.45,238.97,No
7548-LBPGS,Male,0,Yes,Yes,20,Yes,Yes,Fiber optic,No,Yes,No,No,Yes,No,One year,Yes,Mailed check,95.14,1848.3,Yes
4277-XWCRP,Male,0,Yes,Yes,23,Yes,No,Fiber optic,Yes,Yes,Yes,No,No,Yes,One year,No,Electronic check,95.46,2234.91,Yes
8934-FLTKG,Male,0,Yes,No,1,Yes,Yes,DSL,Yes,Yes,No,No,Yes,No,Month-to-month,No,Mailed check,77.02,76.52,Yes
6149-RXZTF,Female,0,Yes,Yes,70,Yes,Yes,Fiber optic,Yes,Yes,No,No,No,Yes,Two year,Yes,Electronic check,99.91,7019.33,No
5719-EXQWG,Male,0,No,No,66,Yes,Yes,DSL,Yes,No,Yes,Yes,No,Yes,Month-to-month,Yes,Electronic check,84.35,5718.86,No
6355-IKCGU,Male,0,No,Yes,66,Yes,No,DSL,No,Yes,No,No,Yes,Yes,One year,Yes,Mailed check,76.26,5093.65,No
6409-MUKXL,Female,1,No,No,62,Yes,No,DSL,No,No,No,No,No,No,Two year,No,Credit card (automatic),50.74,3144.58,No
5040-GPJXV,Female,1,Yes,Yes,55,Yes,No,Fiber optic,No,No,No,Yes,Yes,Yes,Two year,No,Credit card (automatic),91.94,5240.25,No
2251-MJIOL,Male,1,No,No,46,Yes,No,No,No internet service,No internet service,No internet service,No internet service,No internet service,No internet service,Two year,No,Mailed check,26.17,1256.14,No
8410-LSRNT,Female,0,Yes,Yes,71,Yes,No,Fiber optic,Yes,Yes,No,Yes,No,Yes,Month-to-month,Yes,Bank transfer (automatic),94.12,6725.31,No
9381-AUCTB,Male,0,Yes,Yes,53,Yes,No,DSL,No,Yes,No,No,No,Yes,Month-to-month,Yes,Credit card (automatic),66.13,3639.43,No
5864-QONNJ,Male,1,Yes,Yes,46,Yes,No,Fiber optic,No,No,Yes,No,No,No,Two year,Yes,Mailed check,73.12,3228.35,No
7212-PEERF,Male,0,Yes,Yes,61,Yes,Yes,Fiber optic,No,No,Yes,No,No,No,One year,Yes,Electronic check,82.38,4915.87,No
6361-DBCZL,Male,0,No,No,10,Yes,Yes,DSL,Yes,No,Yes,No,Yes,Yes,Month-to-month,Yes,Bank transfer (automatic),93.76,944.13,No
4015-VJWAL,Female,0,No,Yes,72,Yes,No,No,No internet service,No internet service,No internet service,No internet service,No internet service,No internet service,Month-to-month,No,Mailed check,24.1,1791.42,No
3510-RKZLB,Male,0,No,No,1,No,No phone service,DSL,No,No,No,Yes,No,No,Month-to-month,Yes,Electronic check,47.52,45.33,No
3505-IPJJD,Male,0,No,No,48,Yes,No,No,No internet service,No internet service,No internet service,No internet service,No internet service,No internet service,Month-to-month,Yes,Bank transfer (automatic),25.24,1256.46,No
2198-XRNXP,Female,0,Yes,No,2,Yes,No,Fiber optic,No,No,No,Yes,Yes,No,Month-to-month,No,Electronic check,85.4,165.81,Yes
3736-ICTZQ,Male,1,Yes,No,66,No,No phone service,Fiber optic,Yes,Yes,No,No,Yes,No,Month-to-month,No,Bank transfer (automatic),83.72,5749.99,No
5599-PVRKQ,Female,0,No,No,72,Yes,No,No,No internet service,No internet service,No internet service,No internet service,No internet service,No internet service,Month-to-month,No,Mailed check,23.02,1644.94,No
1073-BJCUH,Male,0,Yes,Yes,23,No,No phone service,Fiber optic,No,Yes,No,No,Yes,Yes,One year,No,Mailed check,88.55,1996.39,Yes
4653-HLUNL,Male,0,Yes,No,67,Yes,Yes,No,No internet service,No internet service,No internet service,No internet service,No internet service,No internet service,Month-to-month,No,Mailed check,37.54,2560.76,No
8918-VDTAY,Male,0,Yes,Yes,17,No,No phone service,DSL,Yes,No,No,Yes,No,No,One year,Yes,Electronic check,55.39,965.25,No
5314-XRLBA,Female,0,No,No,5,Yes,Yes,DSL,No,No,No,No,Yes,No,Month-to-month,Yes,Electronic check,68.8,332.11,Yes
3948-TNMNH,Female,0,No,No,12,Yes,Yes,Fiber optic,No,Yes,Yes,No,Yes,Yes,Month-to-month,No,Credit card (automatic),113.1,1379.16,Yes
1340-UQJKV,Male,0,Yes,Yes,14,Yes,No,DSL,No,Yes,No,No,No,No,Month-to-month,No,Bank transfer (automatic),53.41,760.01,Yes
7208-ECQRZ,Male,0,No,No,46,Yes,No,Fiber optic,No,Yes,No,Yes,No,Yes,One year,No,Electronic check,91.39,4039.56,No
3579-AOGXZ,Female,1,No,No,61,Yes,Yes,Fiber optic,Yes,Yes,No,No,No,Yes,One year,Yes,Electronic check,101.57,5981.4,Yes
9727-EUNRG,Female,0,No,No,7,Yes,Yes,No,No internet service,No internet service,No internet service,No internet service,No internet service,No internet service,Two year,Yes,Electronic check,35.11,236.34,Yes
8102-UUDJZ,Female,1,No,No,2,Yes,No,Fiber optic,No,Yes,No,No,Yes,Yes,Month-to-month,No,Electronic check,98.29,191.95,Yes
5257-GTUUU,Male,0,No,Yes,8,Yes,Yes,Fiber optic,No,Yes,No,No,Yes,No,Month-to-month,No,Bank transfer (automatic),95.74,791.63,Yes
2172-QCGIE,Female,0,Yes,No,13,Yes,Yes,DSL,Yes,No,Yes,No,No,No,Month-to-month,Yes,Electronic check,73.72,984.64,Yes
7372-BIKXF,Male,0,No,No,12,Yes,Yes,Fiber optic,No,Yes,No,No,Yes,No,One year,No,Mailed check,91.09,1080.93,Yes
4172-ZONZC,Female,0,No,No,8,Yes,No,Fiber optic,No,No,No,Yes,Yes,Yes,Month-to-month,No,Bank transfer (automatic),95.4,784.41,Yes
2694-PVKBQ,Male,0,Yes,No,28,Yes,No,Fiber optic,No,No,Yes,No,No,No,One year,Yes,Electronic check,76.02,2036.05,No
6047-DTDVG,Female,0,No,No,67,Yes,No,Fiber optic,No,Yes,Yes,No,Yes,Yes,One year,Yes,Bank transfer (automatic),96.58,6741.19,No
2591-RYPTT,Male,1,Yes,Yes,3,Yes,Yes,DSL,No,No,No,Yes,Yes,Yes,Month-to-month,No,Mailed check,83.04,247.16,Yes
9821-RUYAT,Female,0,No,No,67,Yes,Yes,Fiber optic,No,No,Yes,No,No,No,Two year,No,Electronic check,85.99,6019.83,No
6600-FHOHV,Female,1,Yes,No,32,Yes,Yes,Fiber optic,No,No,No,No,No,Yes,Month-to-month,Yes,Mailed check,93.77,2881.35,No
2329-MGTLB,Female,0,No,No,49,Yes,No,Fiber optic,Yes,Yes,No,No,No,Yes,Month-to-month,Yes,Electronic check,93.54,4629.95,No
9271-DLQAV,Female,0,Yes,Yes,63,Yes,Yes,DSL,No,Yes,Yes,No,Yes,No,Two year,Yes,Mailed check,79.84,5193.38,No
8374-GOYCZ,Female,0,Yes,No,14,Yes,No,Fiber optic,No,No,Yes,Yes,Yes,No,Month-to-month,Yes,Mailed check,87.41,1271.42,No
5799-WFUPZ,Female,0,Yes,No,71,Yes,Yes,DSL,Yes,No,Yes,Yes,Yes,No,Month-to-month,No,Electronic check,81.6,5647.43,No
8720-OBKKH,Male,0,Yes,No,2,Yes,No,No,No internet service,No internet service,No internet service,No internet service,No internet service,No internet service,Month-to-month,Yes,Bank transfer (automatic),24.88,47.91,No
5829-DJKEI,Male,0,No,No,35,Yes,Yes,Fiber optic,No,Yes,Yes,Yes,No,No,One year,No,Bank transfer (automatic),95.34,3408.98,No
5983-ZHZOS,Female,0,Yes,No,10,Yes,No,Fiber optic,Yes,Yes,No,No,No,Yes,Month-to-month,No,Electronic check,91.53,881.76,Yes
2400-BHICB,Female,0,Yes,No,23,Yes,No,DSL,No,No,Yes,Yes,No,Yes,Month-to-month,No,Electronic check,69.51,1557.06,Yes
3514-DVVWE,Male,1,No,No,27,Yes,No,Fiber optic,No,No,No,No,No,Yes,Two year,Yes,Electronic check,78.59,2227.26,Yes
3925-YWMSL,Female,0,Yes,No,70,Yes,Yes,Fiber optic,No,No,No,No,Yes,No,One year,Yes,Mailed check,92.93,6574.03,No
2511-SHFWB,Male,0,Yes,No,26,Yes,Yes,Fiber optic,No,Yes,No,No,Yes,Yes,Two year,No,Bank transfer (automatic),104.21,2816.33,No
4262-CNGOQ,Male,0,Yes,No,52,Yes,No,DSL,Yes,No,Yes,No,Yes,No,One year,Yes,Mailed check,67.13,3544.71,No
9257-HOPAJ,Female,1,No,No,71,Yes,Yes,No,No internet service,No internet service,No internet service,No internet service,No internet service,No internet service,One year,No,Bank transfer (automatic),34.23,2445.66,No
7176-CDFQH,Female,0,No,No,31,Yes,No,DSL,No,Yes,Yes,No,No,Yes,One year,No,Mailed check,73.18,2294.11,No
4327-CRYJV,Female,0,No,Yes,23,Yes,No,No,No internet service,No internet service,No internet service,No internet service,No internet service,No internet service,Month-to-month,No,Mailed check,24.05,579.17,No
6776-WBJPF,Female,0,No,No,72,Yes,No,DSL,No,No,No,Yes,Yes,Yes,One year,Yes,Mailed check,76.85,5793.95,No
3544-DFAID,Male,0,No,No,64,No,No phone service,Fiber optic,No,No,No,Yes,No,Yes,Two year,No,Electronic check,83.25,5575.8,No
6766-NIWAA,Male,0,No,No,71,Yes,No,Fiber optic,Yes,No,No,No,No,Yes,One year,No,Credit card (automatic),81.53,5635.5,No
2790-IIQGI,Female,0,Yes,Yes,22,Yes,No,DSL,Yes,No,Yes,No,Yes,No,Month-to-month,Yes,Credit card (automatic),69.41,1460.25,No
5122-VDVXH,Male,0,Yes,Yes,52,Yes,No,Fiber optic,No,Yes,Yes,No,Yes,Yes,One year,Yes,Bank transfer (automatic),98.61,5229.42,No
5904-QCHVM,Male,0,Yes,No,10,No,No phone service,Fiber optic,No,No,No,No,Yes,Yes,Month-to-month,Yes,Credit card (automatic),84.67,845.38,Yes
6728-VPQJL,Female,0,Yes,Yes,68,Yes,Yes,Fiber optic,Yes,No,Yes,No,No,No,One year,No,Bank transfer (automatic),86.5,6116.64,No
2904-VYSTX,Female,0,No,No,71,Yes,No,DSL,No,No,No,Yes,No,No,Two year,Yes,Credit card (automatic),51.9,3700.09,No
1948-NTNDL,Female,0,Yes,No,11,Yes,No,Fiber optic,No,No,No,Yes,No,Yes,Month-to-month,Yes,Mailed check,84.88,924.71,Yes
7294-GPLOO,Female,0,No,No,3,Yes,Yes,No,No internet service,No internet service,No internet service,No internet service,No internet service,No internet service,Month-to-month,No,Bank transfer (automatic),38.39,113.05,Yes
2306-JCWQH,Male,0,Yes,Yes,7,Yes,No,No,No internet service,No internet service,No internet service,No internet service,No internet service,No internet service,Month-to-month,Yes,Electronic check,21.77,146.56,Yes
1512-XDDRK,Male,0,Yes,Yes,46,Yes,No,No,No internet service,No internet service,No internet service,No internet service,No internet service,No internet service,Two year,Yes,Mailed check,21.76,973.64,No
9998-OUXPP,Female,0,Yes,Yes,11,Yes,Yes,DSL,No,No,Yes,Yes,No,Yes,Month-to-month,No,Bank transfer (automatic),77.89,854.85,Yes
3226-RTGWI,Female,0,Yes,No,47,No,No phone service,DSL,No,Yes,No,Yes,No,Yes,One year,Yes,Credit card (automatic),62.02,2839.64,No
4468-ALKUH,Male,0,No,No,18,Yes,No,DSL,No,Yes,Yes,No,No,Yes,Two year,Yes,Electronic check,69.12,1296.07,Yes
5380-KVZRU,Female,0,No,No,70,Yes,Yes,No,No internet service,No internet service,No internet service,No internet service,No internet service,No internet service,Two year,No,Credit card (automatic),35.08,2557.06,No
6358-MUMQO,Female,0,No,No,27,Yes,No,DSL,No,Yes,Yes,No,Yes,No,Two year,No,Credit card (automatic),72.31,1962.76,No
9300-MXFNK,Male,0,Yes,Yes,32,Yes,Yes,No,No internet service,No internet service,No internet service,No internet service,No internet service,No internet service,Month-to-month,No,Mailed check,32.62,1009.56,No
9387-INOPP,Female,0,Yes,No,18,Yes,No,Fiber optic,No,No,Yes,No,Yes,Yes,One year,No,Electronic check,91.1,1610.82,Yes
8904-SUDEW,Male,1,Yes,No,2,Yes,Yes,DSL,Yes,No,No,No,No,No,Two year,No,Mailed check,66.65,137.07,No
5174-NDKVB,Male,0,No,No,31,Yes,Yes,Fiber optic,Yes,Yes,No,Yes,No,No,Two year,No,Mailed check,94.75,2989.37,No
8710-MCWQK,Female,0,Yes,Yes,59,Yes,Yes,DSL,No,No,Yes,No,Yes,Yes,One year,Yes,Bank transfer (automatic),83.96,5076.95,No
6909-NRCQS,Male,0,No,No,71,Yes,No,Fiber optic,No,Yes,No,Yes,Yes,No,Two year,Yes,Credit card (automatic),92.63,6425.37,No
7684-DJSIU,Male,1,No,No,2,Yes,No,Fiber optic,No,No,No,No,Yes,No,Month-to-month,Yes,Electronic check,77.92,148.16,Yes
8965-BEAJT,Female,1,Yes,Yes,61,Yes,Yes,DSL,No,No,No,No,No,Yes,Two year,Yes,Electronic check,69.07,4008.5,No
5656-UHKTR,Female,0,No,No,11,Yes,Yes,No,No internet service,No internet service,No internet service,No internet service,No internet service,No internet service,Month-to-month,Yes,Electronic check,34.57,386.83,Yes
7078-MZYDS,Male,0,No,No,64,Yes,No,Fiber optic,Yes,Yes,No,Yes,Yes,No,Two year,Yes,Electronic check,93.43,6009.62,No
4055-NSNIF,Male,0,Yes,Yes,17,Yes,Yes,DSL,No,No,No,No,No,No,Two year,Yes,Credit card (automatic),58.04,977.85,No
8235-NYBPC,Male,0,No,No,3,Yes,Yes,Fiber optic,No,No,No,No,Yes,Yes,Month-to-month,Yes,Bank transfer (automatic),101.23,311.89,No
8233-OVJRV,Female,0,No,No,44,Yes,No,No,No internet service,No internet service,No internet service,No internet service,No internet service,No internet service,One year,No,Mailed check,26.05,1191.26,No
1103-UHFOO,Male,0,Yes,Yes,70,Yes,Yes,No,No internet service,No internet service,No internet service,No internet service,No internet service,No internet service,Two year,Yes,Electronic check,36.72,2667.85,No
8269-MKMMY,Male,0,Yes,No,6,Yes,Yes,No,No internet service,No internet service,No internet service,No internet service,No internet service,No internet service,Month-to-month,No,Mailed check,34.67,213.2,Yes
6492-SFNYH,Male,0,Yes,No,1,Yes,Yes,Fiber optic,Yes,No,No,No,No,Yes,Month-to-month,Yes,Credit card (automatic),97.94,102.82,Yes
2903-LPIQC,Male,0,No,No,69,Yes,No,Fiber optic,No,Yes,No,No,No,No,One year,Yes,Electronic check,74.06,4862.0,No
3038-YPKGF,Male,0,Yes,No,52,No,No phone service,Fiber optic,No,No,No,Yes,Yes,No,Two year,Yes,Electronic check,76.71,3884.43,No
5379-NDXOG,Male,0,Yes,Yes,62,Yes,No,Fiber optic,No,Yes,No,No,No,No,One year,Yes,Electronic check,77.42,4939.98,No
2006-EATVV,Female,0,Yes,Yes,2,Yes,No,No,No internet service,No internet service,No internet service,No internet service,No internet service,No internet service,Month-to-month,Yes,Credit card (automatic),21.7,42.69,No
7635-FADSL,Female,0,Yes,Yes,70,Yes,No,DSL,Yes,No,Yes,Yes,No,Yes,Two year,No,Electronic check,78.6,5717.46,No
6408-DCELY,Male,1,Yes,Yes,23,Yes,No,Fiber optic,No,Yes,No,No,Yes,Yes,Month-to-month,No,Credit card (automatic),95.23,2232.65,Yes
9010-ROLIJ,Female,0,No,No,70,Yes,Yes,DSL,Yes,No,No,No,Yes,No,Two year,Yes,Electronic check,75.55,5036.28,No
3852-VQZBK,Female,0,Yes,Yes,2,Yes,Yes,Fiber optic,No,No,No,No,Yes,Yes,Month-to-month,Yes,Bank transfer (automatic),98.92,197.15,Yes
2126-UDQEL,Male,0,No,Yes,69,Yes,Yes,Fiber optic,Yes,Yes,Yes,No,Yes,Yes,Two year,No,Electronic check,118.27,7847.09,No
3634-PSWFX,Male,0,No,No,50,Yes,No,No,No internet service,No internet service,No internet service,No internet service,No internet service,No internet service,One year,Yes,Credit card (automatic),22.29,1158.12,No
3076-GUEWA,Male,0,Yes,Yes,38,Yes,Yes,Fiber optic,Yes,No,No,No,No,No,Month-to-month,Yes,Electronic check,84.3,3107.13,Yes
2678-AGYJG,Female,1,No,No,2,Yes,Yes,Fiber optic,No,No,No,Yes,No,No,One year,Yes,Credit card (automatic),83.05,159.82,No
9003-LKDKI,Female,0,Yes,Yes,51,Yes,No,Fiber optic,No,No,Yes,No,Yes,Yes,Two year,Yes,Electronic check,94.14,4901.2,No
2370-QPDYH,Female,0,No,No,42,Yes,No,Fiber optic,No,No,Yes,No,No,No,Month-to-month,No,Mailed check,73.24,3015.63,No
1945-QSSXU,Female,1,Yes,No,55,Yes,Yes,Fiber optic,No,No,No,No,Yes,Yes,Two year,Yes,Electronic check,98.78,5505.19,No
5077-GHKVT,Female,0,Yes,No,54,Yes,No,Fiber optic,Yes,Yes,Yes,No,Yes,Yes,Two year,Yes,Electronic check,101.4,5612.93,No
9689-OROTT,Female,0,Yes,Yes,26,Yes,Yes,No,No internet service,No internet service,No internet service,No internet service,No internet service,No internet service,Month-to-month,Yes,Mailed check,34.64,909.75,Yes
5608-DDQZW,Female,0,Yes,Yes,7,Yes,No,DSL,Yes,No,No,No,No,Yes,Month-to-month,Yes,Electronic check,63.7,449.43,Yes
3594-BPDBL,Male,0,No,No,70,Yes,Yes,Fiber optic,No,No,No,Yes,No,No,One year,Yes,Mailed check,87.4,5896.82,No
7846-DMWHR,Male,0,Yes,No,71,Yes,No,Fiber optic,Yes,No,Yes,Yes,Yes,No,Month-to-month,Yes,Mailed check,95.05,6433.86,No
1553-EHFET,Female,0,Yes,No,8,Yes,No,DSL,No,No,No,Yes,No,Yes,Month-to-month,Yes,Mailed check,65.69,542.7,Yes
4925-UBIQR,Female,0,No,No,46,Yes,No,DSL,Yes,No,No,Yes,Yes,Yes,One year,Yes,Bank transfer (automatic),82.29,3750.92,No
9893-JTINW,Male,0,No,Yes,7,Yes,No,Fiber optic,No,Yes,No,Yes,Yes,No,Month-to-month,No,Bank transfer (automatic),92.23,627.87,No
7576-FZHCY,Female,1,Yes,Yes,67,No,No phone service,Fiber optic,Yes,No,No,No,Yes,Yes,One year,Yes,Credit card (automatic),91.34,6366.1,No
3517-JZNIT,Female,0,Yes,Yes,3,Yes,Yes,Fiber optic,No,No,No,No,No,Yes,Month-to-month,Yes,Electronic check,92.93,290.27,Yes
4731-QTFRT,Female,0,No,No,72,Yes,No,Fiber optic,Yes,No,No,No,Yes,No,Month-to-month,No,Electronic check,83.63,6275.91,No
8378-EZDOD,Male,0,Yes,No,44,Yes,No,Fiber optic,No,Yes,No,No,Yes,No,One year,Yes,Electronic check,86.69,3718.22,Yes
5274-KQLBF,Female,1,No,No,1,No,No phone service,DSL,No,No,No,No,No,No,Month-to-month,No,Mailed check,42.43,43.22,No
8347-QHWKE,Male,0,No,No,69,Yes,No,DSL,No,No,No,No,Yes,No,Month-to-month,No,Mailed check,60.97,4219.75,No
3080-QXUHJ,Male,0,Yes,Yes,51,Yes,No,No,No internet service,No internet service,No internet service,No internet service,No internet service,No internet service,One year,No,Credit card (automatic),28.77,1476.21,No
5169-XMTNU,Female,1,No,No,52,Yes,No,No,No internet service,No internet service,No internet service,No internet service,No internet service,No internet service,Month-to-month,Yes,Mailed check,23.77,1228.61,No
1476-CCOUS,Female,0,Yes,Yes,12,Yes,Yes,Fiber optic,No,Yes,Yes,Yes,No,No,Two year,Yes,Bank transfer (automatic),91.99,1068.26,No
9367-SJCCQ,Male,0,No,No,17,Yes,Yes,No,No internet service,No internet service,No internet service,No internet service,No internet service,No internet service,Month-to-month,Yes,Bank transfer (automatic),34.36,577.6,Yes
1253-NBSFR,Female,0,No,No,70,Yes,No,DSL,Yes,Yes,Yes,No,Yes,No,Two year,Yes,Electronic check,74.42,4986.44,No
3333-OJWYF,Male,1,No,No,46,Yes,Yes,Fiber optic,No,No,Yes,No,Yes,Yes,Two year,Yes,Credit card (automatic),105.87,5001.61,No
1689-MTTAY,Female,0,No,No,1,Yes,No,Fiber optic,No,No,No,Yes,No,Yes,Month-to-month,Yes,Bank transfer (automatic),82.66,82.51,No
1993-JYLSC,Female,0,No,Yes,16,Yes,No,DSL,Yes,Yes,Yes,Yes,Yes,Yes,Two year,No,Mailed check,93.44,1444.2,No
1410-NSWXE,Male,0,No,No,42,Yes,Yes,DSL,No,Yes,Yes,Yes,No,No,One year,No,Mailed check,74.82,3163.47,No
1999-WFAXA,Male,0,Yes,No,4,Yes,No,DSL,Yes,No,No,Yes,No,Yes,Month-to-month,Yes,Mailed check,72.13,275.92,No
1699-ATUWA,Female,0,No,No,3,Yes,No,No,No internet service,No internet service,No internet service,No internet service,No internet service,No internet service,Month-to-month,Yes,Electronic check,21.99,63.41,Yes
1168-LFSPU,Male,0,No,No,2,Yes,No,No,No internet service,No internet service,No internet service,No internet service,No internet service,No internet service,Month-to-month,No,Electronic check,23.62,47.87,Yes
1488-FWYNW,Male,0,No,No,46,Yes,Yes,DSL,Yes,No,Yes,No,Yes,Yes,Two year,Yes,Electronic check,87.88,3897.63,No
1665-WGTAN,Male,0,No,No,15,Yes,No,No,No internet service,No internet service,No internet service,No internet service,No internet service,No internet service,Two year,Yes,Mailed check,24.13,353.78,No
3288-CNCMO,Male,0,Yes,Yes,20,Yes,Yes,DSL,Yes,No,No,No,No,Yes,Month-to-month,Yes,Credit card (automatic),71.24,1447.07,Yes
7970-ZUCNB,Female,0,Yes,Yes,2,Yes,No,Fiber optic,No,No,No,No,No,Yes,Month-to-month,No,Bank transfer (automatic),77.34,154.62,Yes
5970-MLFWT,Male,0,No,No,56,Yes,Yes,Fiber optic,Yes,No,No,No,No,No,One year,Yes,Electronic check,84.66,4587.93,No
2487-IRVBU,Female,0,No,No,59,Yes,Yes,DSL,No,No,No,No,Yes,No,Two year,No,Bank transfer (automatic),67.18,3867.46,No
4091-PIBEA,Male,0,Yes,No,64,No,No phone service,No,No internet service,No internet service,No internet service,No internet service,No internet service,No internet service,Month-to-month,No,Electronic check,22.95,1530.73,No
6414-FOFGT,Female,1,Yes,Yes,48,Yes,No,DSL,Yes,Yes,No,No,No,Yes,Two year,Yes,Electronic check,69.25,3393.68,No
2333-LIEIM,Female,0,Yes,Yes,59,Yes,Yes,DSL,No,No,No,Yes,No,No,One year,Yes,Bank transfer (automatic),67.3,3888.84,No
7642-RQSUN,Male,0,No,No,40,Yes,Yes,No,No internet service,No internet service,No internet service,No internet service,No internet service,No internet service,One year,Yes,Electronic check,34.64,1321.42,No
3334-IVKQA,Female,0,No,No,31,Yes,Yes,Fiber optic,No,Yes,Yes,No,No,No,Month-to-month,Yes,Bank transfer (automatic),86.31,2769.62,Yes
2071-AVIFO,Male,0,Yes,No,11,Yes,Yes,Fiber optic,Yes,No,No,No,Yes,Yes,Month-to-month,Yes,Credit card (automatic),103.78,1180.72,No
7046-NBRXB,Female,0,Yes,Yes,2,Yes,Yes,No,No internet service,No internet service,No internet service,No internet service,No internet service,No internet service,Month-to-month,No,Electronic check,34.82,68.02,No
3222-JLXKA,Female,0,No,No,13,Yes,Yes,Fiber optic,No,No,No,No,Yes,Yes,One year,No,Electronic check,98.72,1285.18,Yes
9444-LITDA,Female,0,No,No,51,Yes,No,Fiber optic,No,Yes,No,No,Yes,No,Two year,Yes,Mailed check,85.74,4254.93,No
6764-YDJSN,Female,0,No,No,71,Yes,Yes,DSL,No,Yes,No,No,No,No,Two year,No,Electronic check,65.41,4609.83,No
2726-WJKFF,Male,0,No,No,10,No,No phone service,Fiber optic,No,Yes,No,Yes,No,No,Month-to-month,Yes,Mailed check,78.57,752.32,Yes
7704-QRBYD,Male,0,Yes,Yes,50,Yes,No,No,No internet service,No internet service,No internet service,No internet service,No internet service,No internet service,Two year,No,Bank transfer (automatic),23.96,1146.26,No
2854-PYFVP,Male,0,No,No,30,Yes,No,Fiber optic,No,No,No,No,Yes,No,Month-to-month,No,Electronic check,78.15,2270.83,Yes
6487-ZXWTQ,Female,1,No,No,45,Yes,No,Fiber optic,No,No,Yes,No,No,No,One year,No,Bank transfer (automatic),76.06,3271.91,No
6049-OZAYX,Female,0,No,No,1,Yes,Yes,No,No internet service,No internet service,No internet service,No internet service,No internet service,No internet service,One year,No,Mailed check,34.41,35.82,No
2759-MWSXS,Male,0,No,Yes,3,Yes,No,No,No internet service,No internet service,No internet service,No internet service,No internet service,No internet service,Month-to-month,No,Mailed check,21.09,63.53,Yes
4110-WOPHJ,Male,1,Yes,No,8,Yes,No,Fiber optic,No,Yes,No,Yes,No,No,Month-to-month,Yes,Mailed check,81.19,665.23,Yes
7166-OZNKL,Male,0,No,No,70,Yes,No,DSL,No,No,Yes,Yes,Yes,Yes,Month-to-month,Yes,Credit card (automatic),80.91,5540.95,No
8117-XEFED,Male,0,No,No,1,Yes,Yes,DSL,No,Yes,No,No,No,No,Month-to-month,Yes,Credit card (automatic),62.2,59.91,Yes
9527-YARVH,Male,1,Yes,No,39,Yes,No,No,No internet service,No internet service,No internet service,No internet service,No internet service,No internet service,Two year,No,Credit card (automatic),23.74,947.37,No
6780-MVEWY,Female,0,Yes,Yes,71,Yes,No,No,No internet service,No internet service,No internet service,No internet service,No internet service,No internet service,One year,Yes,Electronic check,27.76,1888.4,No
6413-GOVSN,Female,0,Yes,No,48,Yes,No,Fiber optic,No,Yes,Yes,No,No,Yes,Two year,Yes,Mailed check,90.43,4332.9,No
2789-ROFGQ,Female,1,No,No,30,Yes,Yes,Fiber optic,Yes,No,Yes,No,Yes,No,Month-to-month,No,Bank transfer (automatic),101.73,3157.42,Yes
6384-OTPZB,Female,0,No,No,21,Yes,No,Fiber optic,No,No,Yes,No,Yes,No,Month-to-month,Yes,Mailed check,87.04,1885.5,Yes
3653-JEKAB,Female,0,No,No,45,No,No phone service,DSL,Yes,No,No,Yes,No,Yes,Two year,No,Bank transfer (automatic),66.82,3131.96,No
4646-STQGZ,Female,0,Yes,No,30,Yes,Yes,No,No internet service,No internet service,No internet service,No internet service,No internet service,No internet service,Two year,Yes,Mailed check,35.77,1110.59,No
1341-UYFHB,Male,0,Yes,No,53,No,No phone service,Fiber optic,No,No,No,Yes,No,No,Two year,Yes,Bank transfer (automatic),71.54,3684.0,No
7276-LRJFL,Male,0,Yes,Yes,44,Yes,No,Fiber optic,Yes,Yes,No,Yes,Yes,No,Month-to-month,No,Electronic check,98.19,4380.08,Yes
2444-ESKIC,Male,0,Yes,Yes,39,Yes,Yes,Fiber optic,Yes,Yes,No,Yes,Yes,No,Two year,No,Mailed check,104.25,4240.36,No
3233-UPFCI,Female,0,No,No,71,Yes,Yes,No,No internet service,No internet service,No internet service,No internet service,No internet service,No internet service,Two year,Yes,Mailed check,36.37,2518.8,No
3944-PDAQR,Female,0,No,Yes,65,Yes,No,DSL,No,Yes,Yes,Yes,No,No,One year,Yes,Electronic check,68.39,4384.9,No
1140-NPMBN,Female,0,Yes,Yes,43,Yes,Yes,Fiber optic,No,No,Yes,No,Yes,Yes,Month-to-month,Yes,Credit card (automatic),103.27,4599.9,No
5272-VMCUX,Female,0,No,No,36,No,No phone service,No,No internet service,No internet service,No internet service,No internet service,No internet service,No internet service,One year,No,Electronic check,18.56,662.01,No
8772-DYDDL,Male,0,No,Yes,55,Yes,Yes,Fiber optic,No,No,No,Yes,Yes,Yes,Two year,Yes,Electronic check,102.08,5630.62,No
4544-XHINE,Female,0,Yes,Yes,62,Yes,No,Fiber optic,No,Yes,No,No,Yes,Yes,Two year,Yes,Bank transfer (automatic),94.59,6088.43,Yes
7405-MSJOC,Female,0,No,No,13,Yes,No,Fiber optic,Yes,Yes,Yes,No,No,No,Two year,No,Electronic check,81.8,1075.04,No
2894-HSTPV,Female,1,Yes,No,49,Yes,No,Fiber optic,No,Yes,No,No,Yes,No,Two year,Yes,Mailed check,85.6,4308.97,No
3313-PXSHF,Female,0,No,No,3,Yes,Yes,Fiber optic,No,No,Yes,No,No,Yes,Month-to-month,Yes,Credit card (automatic),97.2,294.4,Yes
7185-YGCCR,Female,0,No,No,25,No,No phone service,Fiber optic,No,No,No,No,No,No,Two year,Yes,Credit card (automatic),65.28,1701.21,No
8430-NFUOT,Male,1,Yes,Yes,71,Yes,No,Fiber optic,Yes,Yes,Yes,No,Yes,Yes,Two year,Yes,Electronic check,104.09,7369.74,No
1349-XVUIL,Male,0,Yes,No,16,Yes,No,No,No internet service,No internet service,No internet service,No internet service,No internet service,No internet service,Month-to-month,Yes,Electronic check,26.17,426.16,No
1803-EGFXV,Female,0,Yes,No,4,Yes,No,Fiber optic,No,No,Yes,No,No,No,Month-to-month,No,Bank transfer (automatic),72.22,288.28,Yes
8523-FPMLV,Female,0,Yes,No,4,Yes,No,No,No internet service,No internet service,No internet service,No internet service,No internet service,No internet service,Month-to-month,Yes,Credit card (automatic),27.26,105.64,No
5798-IHNAW,Male,0,Yes,No,21,Yes,Yes,Fiber optic,Yes,No,No,Yes,Yes,Yes,Month-to-month,Yes,Electronic check,107.56,2315.67,No
6565-QIIEX,Female,0,No,Yes,9,Yes,No,Fiber optic,No,No,Yes,No,Yes,Yes,Month-to-month,No,Credit card (automatic),92.25,834.67,No
9836-RWZXX,Female,0,No,No,24,Yes,No,DSL,No,No,Yes,No,Yes,No,Month-to-month,Yes,Electronic check,61.09,1395.52,Yes
8874-EQWQT,Male,0,No,No,54,Yes,Yes,Fiber optic,No,Yes,No,No,No,No,Two year,Yes,Bank transfer (automatic),84.94,4458.16,No
5211-HVLZD,Male,0,No,No,70,Yes,No,Fiber optic,No,No,No,No,No,Yes,One year,No,Electronic check,76.28,5477.24,No
7928-YNNMG,Male,0,No,No,3,Yes,Yes,Fiber optic,No,Yes,No,Yes,No,No,Month-to-month,Yes,Electronic check,93.3,267.06,Yes
5856-HEEZF,Male,0,Yes,No,59,Yes,Yes,DSL,Yes,No,No,No,Yes,Yes,Two year,Yes,Mailed check,87.96,5037.08,No
2271-VDBYM,Male,0,No,No,3,Yes,Yes,DSL,No,Yes,No,No,Yes,Yes,Month-to-month,No,Bank transfer (automatic),84.38,245.57,Yes
5518-DSZDS,Male,0,Yes,No,20,No,No phone service,Fiber optic,No,Yes,Yes,No,No,Yes,Two year,No,Credit card (automatic),81.26,1586.26,No
2490-ICYGJ,Male,0,Yes,Yes,72,Yes,Yes,Fiber optic,Yes,No,No,No,No,No,One year,No,Credit card (automatic),87.78,6319.83,No
3419-HQHUA,Female,0,No,No,2,Yes,Yes,DSL,No,No,Yes,Yes,No,No,One year,Yes,Mailed check,66.81,139.3,No
8623-LIVDM,Female,0,No,No,1,Yes,Yes,DSL,Yes,No,No,Yes,No,Yes,Month-to-month,No,Mailed check,82.68,84.79,Yes
1529-HUOAC,Female,0,Yes,No,16,Yes,No,DSL,Yes,Yes,No,Yes,No,Yes,One year,Yes,Bank transfer (automatic),76.61,1215.55,No
2899-AXMAC,Female,0,Yes,No,71,Yes,Yes,DSL,Yes,No,No,Yes,Yes,No,Month-to-month,No,Electronic check,83.47,5899.95,No
1328-TLECK,Female,0,Yes,No,1,Yes,No,DSL,Yes,Yes,No,Yes,No,No,Month-to-month,Yes,Mailed check,64.35,61.82,Yes
5734-WFMPJ,Female,0,No,No,8,Yes,Yes,DSL,Yes,Yes,No,No,No,No,Month-to-month,Yes,Bank transfer (automatic),72.64,589.44,Yes
9083-GIHMN,Female,0,No,No,43,Yes,Yes,No,No internet service,No internet service,No internet service,No internet service,No internet service,No internet service,Two year,Yes,Credit card (automatic),37.7,1668.89,No
9258-CNRSJ,Male,0,No,No,9,Yes,Yes,Fiber optic,Yes,No,Yes,No,Yes,No,Two year,No,Credit card (automatic),97.76,904.89,No
5715-YUCPJ,Female,0,No,Yes,2,Yes,No,No,No internet service,No internet service,No internet service,No internet service,No internet service,No internet service,Month-to-month,No,Electronic check,23.78,48.31,Yes
3779-DAFXS,Female,1,Yes,Yes,2,Yes,No,No,No internet service,No internet service,No internet service,No internet service,No internet service,No internet service,Month-to-month,Yes,Bank transfer (automatic),26.27,52.87,Yes
3461-TULSN,Male,0,Yes,Yes,38,Yes,No,Fiber optic,No,No,No,No,No,Yes,Two year,No,Electronic check,77.6,2809.31,No
6677-LVURK,Male,0,No,No,39,Yes,Yes,Fiber optic,No,Yes,Yes,No,Yes,No,One year,No,Mailed check,102.59,4176.93,No
7286-AKRCI,Female,0,Yes,Yes,53,Yes,No,Fiber optic,No,No,Yes,Yes,No,No,Month-to-month,No,Bank transfer (automatic),79.7,4322.27,No
4404-MHKZR,Male,0,Yes,No,3,Yes,No,No,No internet service,No internet service,No internet service,No internet service,No internet service,No internet service,Month-to-month,No,Mailed check,28.04,81.63,No
1162-WNXJP,Male,0,No,No,32,Yes,Yes,Fiber optic,Yes,No,Yes,No,No,Yes,Month-to-month,No,Bank transfer (automatic),100.79,3090.85,Yes
6812-TYIBS,Male,0,No,Yes,43,Yes,No,Fiber optic,No,No,Yes,No,Yes,Yes,Two year,Yes,Credit card (automatic),94.73,3942.72,No
9793-XZJZQ,Female,0,No,No,8,Yes,Yes,Fiber optic,No,No,Yes,Yes,No,No,Month-to-month,Yes,Mailed check,92.82,759.43,Yes
2057-GHJMV,Female,0,No,No,37,Yes,No,Fiber optic,No,Yes,Yes,No,Yes,No,Two year,No,Credit card (automatic),86.52,3283.13,No
1483-FFMDV,Female,0,No,No,53,Yes,Yes,Fiber optic,No,No,No,No,Yes,No,Month-to-month,Yes,Electronic check,86.38,4799.35,No
7812-HHWMW,Female,0,Yes,Yes,72,No,No phone service,DSL,No,No,No,No,No,Yes,Month-to-month,No,Credit card (automatic),53.6,4031.14,No
5090-XPZCQ,Male,0,No,No,42,Yes,No,DSL,No,No,Yes,No,Yes,Yes,One year,Yes,Bank transfer (automatic),73.77,3103.26,No
7099-YKEOE,Female,0,No,No,67,Yes,Yes,DSL,No,No,No,No,Yes,Yes,One year,No,Bank transfer (automatic),79.26,5227.8,No
7191-SYOGE,Male,1,No,No,65,Yes,No,Fiber optic,No,No,No,No,Yes,No,Two year,Yes,Credit card (automatic),78.48,4948.94,No
8734-AEFMB,Female,0,No,No,71,Yes,No,DSL,No,Yes,No,No,Yes,No,Two year,No,Mailed check,67.59,4656.6,No
6161-ESSTL,Male,0,No,No,54,Yes,Yes,Fiber optic,No,Yes,Yes,No,Yes,Yes,Two year,No,Mailed check,113.74,5935.8,No
1397-JAIRM,Male,0,No,No,8,Yes,Yes,No,No internet service,No internet service,No internet service,No internet service,No internet service,No internet service,Month-to-month,Yes,Bank transfer (automatic),36.61,294.55,Yes
7333-ASGXR,Male,0,Yes,No,14,No,No phone service,Fiber optic,No,No,Yes,No,No,No,One year,No,Mailed check,71.86,958.29,Yes
6275-PCODE,Female,0,Yes,No,60,Yes,No,DSL,Yes,No,No,Yes,No,No,One year,Yes,Electronic check,62.51,3676.96,No
7802-KOFTI,Female,0,Yes,No,34,Yes,No,No,No internet service,No internet service,No internet service,No internet service,No internet service,No internet service,Month-to-month,Yes,Mailed check,23.8,800.42,No
9524-IBEMP,Male,0,Yes,Yes,10,Yes,No,Fiber optic,No,Yes,Yes,No,No,Yes,Month-to-month,No,Electronic check,90.02,869.55,Yes
4557-DXCCD,Male,0,No,No,48,Yes,No,No,No internet service,No internet service,No internet service,No internet service,No internet service,No internet service,One year,No,Mailed check,28.99,1438.59,No
6129-JRJIX,Female,0,No,No,70,Yes,Yes,Fiber optic,No,Yes,Yes,No,No,Yes,Two year,No,Electronic check,100.33,6814.45,No
9649-SJLNH,Female,0,Yes,Yes,18,Yes,Yes,Fiber optic,No,Yes,Yes,Yes,No,Yes,Two year,No,Credit card (automatic),106.75,1965.03,No
2205-EQENG,Male,0,No,No,42,Yes,No,Fiber optic,Yes,No,Yes,No,Yes,No,Two year,Yes,Electronic check,93.75,4081.28,No
4836-MJOOR,Male,0,Yes,Yes,41,Yes,Yes,No,No internet service,No internet service,No internet service,No internet service,No internet service,No internet service,Month-to-month,Yes,Bank transfer (automatic),31.08,1277.47,No
2183-PCGXV,Male,0,No,No,3,No,No phone service,Fiber optic,No,Yes,Yes,No,No,Yes,Month-to-month,Yes,Bank transfer (automatic),87.1,265.75,Yes
5809-JSYZD,Female,0,No,No,2,Yes,No,DSL,Yes,No,No,No,Yes,No,Month-to-month,No,Electronic check,67.31,132.76,Yes
4620-COQWM,Male,0,Yes,Yes,70,No,No phone service,Fiber optic,No,Yes,No,Yes,No,Yes,Two year,Yes,Mailed check,85.47,6211.89,No
1690-NJQIF,Male,0,No,No,71,Yes,No,DSL,No,No,No,Yes,No,Yes,One year,Yes,Credit card (automatic),66.88,4542.87,No
1202-XQFXE,Male,0,No,No,70,Yes,No,Fiber optic,Yes,No,Yes,No,No,No,One year,Yes,Credit card (automatic),82.85,5885.43,No
2231-NHXQY,Female,0,Yes,No,22,Yes,Yes,DSL,No,Yes,No,Yes,No,No,Month-to-month,No,Electronic check,66.84,1449.96,Yes
6661-NTQYH,Female,0,No,No,13,Yes,No,Fiber optic,Yes,Yes,Yes,No,Yes,Yes,Month-to-month,No,Mailed check,101.28,1336.86,Yes
2466-QHHSI,Female,1,Yes,No,71,Yes,Yes,Fiber optic,No,Yes,No,No,Yes,Yes,One year,No,Bank transfer (automatic),103.56,7500.85,No
5363-DGQAN,Female,1,Yes,Yes,69,Yes,No,Fiber optic,No,Yes,No,No,No,Yes,Month-to-month,No,Credit card (automatic),86.57,6054.76,No
8844-KTCUO,Female,0,No,Yes,63,Yes,No,No,No internet service,No internet service,No internet service,No internet service,No internet service,No internet service,Two year,Yes,Electronic check,22.79,1495.33,No
2412-PCTOC,Male,0,No,No,17,Yes,Yes,Fiber optic,Yes,Yes,Yes,No,No,Yes,Month-to-month,No,Electronic check,108.22,1873.4,Yes
9086-QMZBE,Female,0,Yes,Yes,47,Yes,No,No,No internet service,No internet service,No internet service,No internet service,No internet service,No internet service,Two year,Yes,Electronic check,23.23,1102.26,No
9166-OUCQK,Male,1,No,Yes,57,Yes,No,DSL,No,No,Yes,No,Yes,No,Two year,Yes,Bank transfer (automatic),66.74,3669.06,No
1203-GELIK,Female,0,No,No,40,Yes,Yes,No,No internet service,No internet service,No internet service,No internet service,No internet service,No internet service,Two year,No,Electronic check,36.52,1429.77,No
9067-AVJBU,Female,0,No,No,43,Yes,No,Fiber optic,No,No,No,No,Yes,Yes,Two year,No,Mailed check,90.56,3712.9,No
3182-NPFBP,Female,0,Yes,Yes,58,Yes,Yes,No,No internet service,No internet service,No internet service,No internet service,No internet service,No internet service,Month-to-month,Yes,Credit card (automatic),37.03,2124.93,No
4774-OAZJH,Female,0,No,No,59,Yes,No,Fiber optic,Yes,No,Yes,No,Yes,No,Two year,Yes,Credit card (automatic),93.83,5323.88,No
6734-ZSWKK,Female,1,No,No,9,Yes,Yes,Fiber optic,No,No,Yes,No,No,No,Month-to-month,No,Mailed check,81.02,749.14,Yes
4360-ZQQNJ,Female,0,No,No,21,Yes,No,Fiber optic,No,Yes,No,No,Yes,Yes,Month-to-month,Yes,Credit card (automatic),97.83,2023.36,Yes
3492-ZGQSY,Male,0,Yes,Yes,60,Yes,No,DSL,Yes,Yes,Yes,Yes,Yes,Yes,One year,Yes,Electronic check,86.99,5317.89,No
2879-UMKDG,Female,0,Yes,No,11,Yes,Yes,DSL,No,No,Yes,Yes,No,Yes,Month-to-month,No,Mailed check,80.16,914.65,No
7707-ICAVO,Male,0,Yes,No,70,Yes,Yes,Fiber optic,Yes,Yes,No,No,No,Yes,Month-to-month,No,Bank transfer (automatic),102.44,7248.0,No
3694-QEGMR,Female,0,No,No,65,Yes,Yes,DSL,No,No,No,No,Yes,No,One year,Yes,Mailed check,69.19,4373.85,No
6020-POHZO,Male,1,No,No,70,Yes,No,Fiber optic,Yes,Yes,Yes,No,Yes,Yes,Two year,Yes,Mailed check,105.65,7127.27,No
8181-MFUMC,Male,1,No,No,14,Yes,Yes,DSL,No,Yes,No,No,Yes,Yes,Two year,No,Credit card (automatic),82.74,1149.23,No
6032-VISEY,Female,1,No,No,3,Yes,Yes,Fiber optic,Yes,Yes,No,No,No,No,Month-to-month,Yes,Electronic check,86.83,248.05,Yes
7476-IFJEG,Male,0,No,No,3,Yes,Yes,Fiber optic,Yes,Yes,No,No,No,No,Month-to-month,No,Credit card (automatic),88.41,257.72,Yes
5473-ZUTJV,Male,0,No,No,38,No,No phone service,DSL,Yes,No,No,No,Yes,Yes,Two year,Yes,Electronic check,71.03,2570.49,No
2473-BUEDL,Female,0,No,Yes,14,Yes,No,Fiber optic,No,No,No,No,Yes,No,Two year,Yes,Credit card (automatic),80.56,1140.04,No
5396-PAGMN,Female,0,Yes,Yes,11,Yes,Yes,Fiber optic,No,No,Yes,No,Yes,No,Two year,No,Electronic check,95.86,1074.73,No
9867-MAXCP,Male,0,Yes,Yes,8,Yes,No,Fiber optic,No,No,No,No,Yes,No,Month-to-month,No,Electronic check,79.05,646.02,Yes
8921-GSGEZ,Female,0,Yes,Yes,39,Yes,No,Fiber optic,No,Yes,Yes,No,No,Yes,One year,Yes,Mailed check,92.94,3654.68,No
5284-ZZDQN,Female,1,Yes,Yes,37,Yes,Yes,Fiber optic,Yes,Yes,No,Yes,No,Yes,Two year,Yes,Electronic check,105.53,3876.53,No
8090-ZPUVX,Female,0,Yes,No,24,Yes,No,DSL,No,No,Yes,Yes,Yes,No,Month-to-month,Yes,Electronic check,68.61,1622.27,Yes
5846-YGEOT,Female,0,No,No,3,Yes,Yes,DSL,Yes,No,Yes,Yes,Yes,Yes,Month-to-month,Yes,Credit card (automatic),93.01,272.87,No
6690-JSTIV,Male,0,Yes,No,71,Yes,Yes,Fiber optic,No,Yes,No,No,Yes,Yes,One year,No,Mailed check,104.96,7718.2,No
9392-CLTYN,Male,1,Yes,No,24,Yes,Yes,No,No internet service,No internet service,No internet service,No internet service,No internet service,No internet service,Month-to-month,Yes,Electronic check,38.76,942.36,Yes
6928-CZIQN,Male,0,No,No,3,Yes,Yes,No,No internet service,No internet service,No internet service,No internet service,No internet service,No internet service,Month-to-month,Yes,Mailed check,38.08,113.8,No
5035-XTGVG,Male,0,No,No,1,Yes,No,DSL,Yes,No,Yes,No,Yes,No,Month-to-month,Yes,Mailed check,72.3,72.17,Yes
8017-XTKZJ,Male,0,No,No,4,Yes,No,DSL,Yes,No,Yes,Yes,Yes,No,One year,No,Bank transfer (automatic),76.34,296.09,No
6457-FXXWV,Male,0,Yes,Yes,13,Yes,Yes,Fiber optic,No,Yes,Yes,No,Yes,Yes,Two year,Yes,Credit card (automatic),107.82,1337.64,No
2543-TRUAX,Female,0,No,No,46,Yes,No,DSL,No,Yes,No,No,No,No,One year,Yes,Credit card (automatic),56.01,2532.53,No
7520-DZNHE,Female,1,No,No,72,Yes,Yes,Fiber optic,No,No,No,No,No,No,Month-to-month,Yes,Bank transfer (automatic),78.88,5404.18,No
3679-NWQRS,Female,0,No,No,11,Yes,Yes,No,No internet service,No internet service,No internet service,No internet service,No internet service,No internet service,Month-to-month,Yes,Electronic check,36.21,383.17,Yes
4157-BJMYU,Male,0,Yes,No,61,Yes,No,Fiber optic,Yes,Yes,Yes,Yes,No,Yes,One year,Yes,Mailed check,100.6,5927.31,No
7764-NDHEA,Male,0,No,No,70,Yes,Yes,No,No internet service,No internet service,No internet service,No internet service,No internet service,No internet service,One year,Yes,Credit card (automatic),38.51,2759.31,No
3348-VDKOO,Female,0,No,No,21,Yes,Yes,DSL,No,Yes,No,Yes,Yes,No,One year,Yes,Electronic check,77.77,1575.91,Yes
6450-WEHZF,Male,0,Yes,Yes,10,Yes,Yes,DSL,No,No,Yes,No,Yes,Yes,Month-to-month,Yes,Electronic check,83.59,814.82,Yes
4535-WXKFA,Female,0,Yes,Yes,31,Yes,Yes,Fiber optic,No,Yes,No,No,No,Yes,One year,Yes,Mailed check,98.24,2956.67,No
4966-UBZDC,Female,0,Yes,Yes,70,Yes,No,Fiber optic,Yes,No,No,No,No,Yes,Two year,Yes,Mailed check,88.98,5999.23,No
8103-OHWCL,Male,0,No,No,1,Yes,Yes,No,No internet service,No internet service,No internet service,No internet service,No internet service,No internet service,Month-to-month,Yes,Mailed check,32.48,33.62,Yes
8513-NSUUI,Male,0,Yes,No,31,Yes,No,DSL,No,No,No,No,No,Yes,Month-to-month,Yes,Credit card (automatic),58.5,1754.5,Yes
4847-GXLSG,Male,1,No,No,58,Yes,No,DSL,No,No,No,Yes,Yes,No,One year,Yes,Mailed check,62.59,3670.29,No
1107-WWJYN,Male,0,Yes,No,43,Yes,Yes,Fiber optic,No,No,No,No,No,No,One year,Yes,Electronic check,81.28,3341.12,No
5320-GVPEP,Male,0,Yes,Yes,32,Yes,No,Fiber optic,No,No,No,Yes,Yes,No,Month-to-month,Yes,Electronic check,85.54,2763.21,Yes
2017-RYGPF,Male,0,No,No,38,No,No phone service,DSL,No,No,No,No,Yes,Yes,Month-to-month,No,Credit card (automatic),66.05,2494.71,No
7148-KVXKK,Female,0,No,No,45,Yes,No,DSL,Yes,No,Yes,Yes,Yes,No,Two year,Yes,Credit card (automatic),77.24,3545.81,No
2568-KFCFI,Male,0,No,Yes,51,Yes,No,DSL,Yes,No,Yes,No,No,Yes,One year,Yes,Mailed check,67.35,3410.11,No
1734-EMYAM,Female,0,Yes,Yes,18,Yes,Yes,Fiber optic,No,Yes,Yes,No,Yes,Yes,Two year,No,Mailed check,107.28,1936.97,No
9052-IRDBX,Male,0,Yes,Yes,34,Yes,No,DSL,Yes,No,Yes,Yes,Yes,No,Month-to-month,Yes,Credit card (automatic),78.04,2724.98,No
3931-BFVKP,Male,0,Yes,Yes,12,Yes,Yes,Fiber optic,Yes,No,Yes,No,Yes,Yes,One year,Yes,Bank transfer (automatic),113.77,1383.73,Yes
5299-FIWEP,Male,1,No,No,72,Yes,No,DSL,No,Yes,Yes,No,No,No,Two year,Yes,Electronic check,59.69,4275.4,No
2026-RGAVM,Male,0,No,No,6,Yes,No,DSL,Yes,No,No,No,No,Yes,Month-to-month,No,Bank transfer (automatic),61.19,379.78,No
8794-SCPIN,Male,0,No,No,4,Yes,Yes,DSL,Yes,No,No,No,No,Yes,Month-to-month,Yes,Bank transfer (automatic),76.73,316.17,No
7157-YLYGL,Male,0,No,No,11,Yes,Yes,Fiber optic,No,No,No,No,Yes,Yes,Month-to-month,Yes,Electronic check,98.26,1126.12,Yes
6780-LRDVQ,Male,0,No,No,70,Yes,Yes,No,No internet service,No internet service,No internet service,No internet service,No internet service,No internet service,Two year,Yes,Mailed check,31.54,2159.32,No
6669-XFQHA,Male,0,Yes,No,49,Yes,Yes,Fiber optic,No,No,No,Yes,No,No,Two year,No,Electronic check,84.15,4000.43,No
1713-QDZUR,Female,0,Yes,Yes,27,Yes,Yes,DSL,No,Yes,No,No,Yes,No,One year,Yes,Electronic check,74.01,1974.63,No
8727-MHFFI,Female,0,Yes,No,71,Yes,Yes,Fiber optic,No,Yes,Yes,No,Yes,Yes,Two year,Yes,Electronic check,110.56,8230.46,No
7786-VBRWS,Male,0,No,No,70,Yes,No,DSL,No,Yes,No,No,No,No,Two year,Yes,Mailed check,53.14,3650.82,No
8856-ZEVOM,Male,1,Yes,Yes,22,Yes,Yes,DSL,No,No,No,Yes,No,Yes,One year,Yes,Mailed check,77.68,1783.24,No
8520-LBGKM,Female,1,No,No,39,Yes,Yes,Fiber optic,Yes,No,No,No,Yes,No,Month-to-month,Yes,Bank transfer (automatic),92.62,3651.11,Yes
6868-PCEWQ,Female,0,Yes,No,70,Yes,Yes,Fiber optic,No,No,Yes,No,No,No,Month-to-month,No,Bank transfer (automatic),85.14,5772.77,No
1839-BHAZQ,Female,0,Yes,Yes,15,Yes,Yes,Fiber optic,No,Yes,Yes,No,Yes,Yes,One year,No,Electronic check,107.65,1658.43,Yes
5398-NWDJK,Male,0,Yes,Yes,23,Yes,No,Fiber optic,No,No,No,Yes,No,No,Two year,No,Credit card (automatic),75.48,1650.79,No
6408-NKRVE,Male,0,No,No,61,Yes,Yes,Fiber optic,Yes,No,Yes,No,No,Yes,Two year,Yes,Mailed check,102.07,6352.01,No
6628-JVFMU,Female,0,Yes,No,52,Yes,Yes,No,No internet service,No internet service,No internet service,No internet service,No internet service,No internet service,Two year,Yes,Electronic check,36.0,1934.47,No
9715-NKUIT,Female,1,No,No,2,Yes,Yes,No,No internet service,No internet service,No internet service,No internet service,No internet service,No internet service,Month-to-month,Yes,Electronic check,35.0,70.7,Yes
3606-CNBDZ,Male,0,No,No,3,Yes,No,Fiber optic,Yes,No,No,No,Yes,No,Month-to-month,No,Credit card (automatic),83.34,255.81,Yes
7842-CXSUB,Female,0,No,No,66,Yes,No,Fiber optic,No,No,Yes,Yes,Yes,No,Two year,No,Credit card (automatic),93.33,6314.76,No
3737-VWFKC,Male,0,No,No,1,Yes,Yes,Fiber optic,No,No,Yes,No,No,Yes,Month-to-month,Yes,Credit card (automatic),96.41,93.62,Yes
2432-GHWPK,Male,0,No,No,70,No,No phone service,No,No internet service,No internet service,No internet service,No internet service,No internet service,No internet service,One year,No,Bank transfer (automatic),20.83,1445.0,No
4380-EXIFP,Male,0,No,No,11,Yes,Yes,DSL,Yes,No,No,No,Yes,Yes,Month-to-month,Yes,Credit card (automatic),81.45,885.94,Yes
5792-KTYMF,Male,0,Yes,Yes,42,Yes,No,DSL,Yes,Yes,No,Yes,Yes,Yes,Month-to-month,Yes,Mailed check,86.81,3571.28,No
1101-QUCWL,Female,0,No,Yes,39,Yes,No,DSL,No,No,Yes,Yes,Yes,No,Month-to-month,No,Electronic check,73.02,2795.24,No
8971-FPTON,Female,0,Yes,Yes,22,No,No phone service,DSL,No,Yes,No,Yes,No,No,Month-to-month,No,Bank transfer (automatic),52.15,1170.72,No
4066-UMYZT,Female,0,Yes,Yes,1,Yes,Yes,DSL,No,Yes,Yes,Yes,No,No,Month-to-month,Yes,Electronic check,72.83,71.36,Yes
8695-HFJYJ,Male,0,No,No,7,Yes,No,Fiber optic,No,No,No,No,No,Yes,Month-to-month,Yes,Electronic check,76.79,554.3,Yes
2779-BDXUA,Male,0,Yes,Yes,44,Yes,Yes,No,No internet service,No internet service,No internet service,No internet service,No internet service,No internet service,One year,Yes,Bank transfer (automatic),35.97,1648.01,No
5120-BLSRJ,Male,0,Yes,No,26,Yes,Yes,DSL,No,Yes,Yes,Yes,No,No,One year,No,Electronic check,72.62,1957.68,No
3262-BQXHW,Male,0,Yes,No,23,Yes,Yes,No,No internet service,No internet service,No internet service,No internet service,No internet service,No internet service,Month-to-month,Yes,Bank transfer (automatic),38.14,907.73,No
7173-NITYB,Female,0,No,No,3,Yes,No,DSL,No,No,Yes,No,Yes,No,Month-to-month,No,Electronic check,62.23,188.42,Yes
5268-AFWKK,Male,0,Yes,No,18,Yes,No,Fiber optic,No,Yes,No,Yes,No,No,Month-to-month,Yes,Electronic check,83.64,1481.62,Yes
3044-CDYRL,Female,1,Yes,Yes,35,Yes,No,Fiber optic,No,No,No,Yes,Yes,No,Month-to-month,Yes,Electronic check,81.29,2904.66,Yes
2028-ASTSV,Female,0,No,No,2,Yes,Yes,Fiber optic,No,No,No,No,Yes,Yes,Month-to-month,Yes,Credit card (automatic),96.95,185.51,Yes
6532-SFEZK,Male,0,Yes,No,2,Yes,No,DSL,No,Yes,Yes,No,No,No,Month-to-month,Yes,Electronic check,63.61,127.14,Yes
8230-IWYSO,Female,1,No,No,31,Yes,No,Fiber optic,No,No,Yes,Yes,Yes,No,Month-to-month,No,Mailed check,90.62,2875.71,No
1054-RGHAY,Male,0,No,Yes,38,Yes,No,DSL,No,Yes,No,Yes,No,Yes,One year,No,Credit card (automatic),73.93,2822.08,No
6649-LSWLY,Female,0,Yes,Yes,11,Yes,No,DSL,Yes,No,No,No,No,Yes,Month-to-month,Yes,Electronic check,64.08,685.2,No
4554-QIDVW,Female,1,No,No,16,Yes,No,DSL,Yes,No,Yes,No,No,No,One year,No,Electronic check,62.52,970.5,Yes
7928-EGTTD,Male,0,No,No,61,Yes,No,DSL,No,Yes,Yes,No,Yes,Yes,One year,Yes,Mailed check,83.5,4855.1,No
7681-AZEAK,Male,0,No,Yes,68,Yes,No,Fiber optic,Yes,Yes,No,No,Yes,No,Two year,Yes,Electronic check,92.47,6543.07,No
1107-NWOAI,Female,0,Yes,Yes,16,Yes,Yes,Fiber optic,No,Yes,No,Yes,Yes,Yes,One year,No,Electronic check,108.45,1694.51,Yes
5725-FMVXV,Male,0,No,No,18,Yes,No,Fiber optic,Yes,No,No,Yes,No,No,Month-to-month,Yes,Electronic check,77.97,1378.53,Yes
1259-ZTRIU,Female,0,Yes,No,64,Yes,Yes,Fiber optic,Yes,Yes,No,No,Yes,No,Two year,No,Electronic check,98.56,6070.69,No
1749-MMXOQ,Male,0,Yes,Yes,72,Yes,No,DSL,No,Yes,Yes,No,Yes,Yes,One year,Yes,Bank transfer (automatic),82.83,5878.85,No
9136-QUWTU,Male,0,No,No,15,Yes,No,Fiber optic,No,No,Yes,No,Yes,Yes,One year,Yes,Bank transfer (automatic),92.67,1370.95,No
8591-IEEFW,Female,1,Yes,Yes,61,Yes,Yes,Fiber optic,Yes,No,Yes,No,No,No,Two year,No,Credit card (automatic),87.08,5467.31,No
9455-QXGAI,Female,0,No,Yes,30,Yes,No,DSL,No,Yes,No,Yes,Yes,No,One year,Yes,Credit card (automatic),70.28,2085.71,No
5505-SDPPP,Male,0,Yes,No,11,Yes,No,Fiber optic,No,No,No,No,Yes,No,Month-to-month,Yes,Electronic check,77.39,882.66,Yes
7572-LOZYC,Male,0,No,No,51,Yes,Yes,Fiber optic,No,Yes,No,No,No,Yes,Two year,Yes,Bank transfer (automatic),93.03,4773.1,No
1893-OPXID,Male,0,Yes,Yes,28,Yes,Yes,Fiber optic,Yes,No,Yes,No,Yes,No,One year,No,Credit card (automatic),98.5,2882.16,No
9577-GRBQK,Female,1,Yes,Yes,11,Yes,Yes,DSL,Yes,Yes,Yes,No,Yes,No,Month-to-month,Yes,Bank transfer (automatic),81.05,935.06,No
5907-WYOMP,Male,0,Yes,No,3,Yes,Yes,Fiber optic,Yes,No,No,No,Yes,No,Month-to-month,Yes,Credit card (automatic),96.95,281.26,Yes
4389-TOGKT,Male,0,Yes,No,68,Yes,No,No,No internet service,No internet service,No internet service,No internet service,No internet service,No internet service,Month-to-month,No,Credit card (automatic),26.36,1742.2,No
2750-XDTZE,Female,0,Yes,Yes,69,Yes,Yes,DSL,No,No,Yes,No,Yes,No,Two year,No,Electronic check,75.54,5385.54,No
5438-NLSRO,Male,0,Yes,Yes,2,Yes,No,DSL,No,Yes,Yes,No,No,No,Month-to-month,Yes,Credit card (automatic),63.46,128.85,Yes
5452-PKQEF,Female,0,No,No,49,Yes,Yes,Fiber optic,Yes,No,No,Yes,No,No,Two year,No,Bank transfer (automatic),92.89,4604.2,No
8846-WZRJR,Female,0,No,No,5,Yes,No,DSL,No,No,Yes,Yes,Yes,No,Month-to-month,Yes,Mailed check,73.63,385.82,Yes
1400-OEXGB,Female,1,Yes,Yes,47,Yes,No,Fiber optic,No,Yes,No,No,Yes,Yes,Two year,Yes,Electronic check,97.37,4725.32,No
1356-ZWRJY,Male,0,No,No,70,Yes,No,DSL,Yes,Yes,Yes,No,Yes,No,Two year,Yes,Mailed check,74.9,5191.9,No
4477-OZRPI,Male,0,No,No,11,Yes,No,No,No internet service,No internet service,No internet service,No internet service,No internet service,No internet service,Month-to-month,No,Credit card (automatic),24.5,271.54,No
2040-KURHL,Female,0,No,No,18,Yes,No,DSL,Yes,No,Yes,No,No,No,Month-to-month,Yes,Mailed check,63.57,1139.36,Yes
5669-KFDII,Male,0,No,No,61,Yes,Yes,Fiber optic,Yes,No,Yes,No,Yes,Yes,One year,Yes,Electronic check,111.42,6906.18,No
9673-NAEGS,Female,1,Yes,Yes,56,Yes,No,Fiber optic,No,Yes,Yes,No,No,No,One year,No,Bank transfer (automatic),77.99,4330.64,No
8325-MOPPB,Female,1,Yes,No,23,Yes,No,Fiber optic,No,No,No,No,No,Yes,One year,Yes,Mailed check,82.13,1874.96,No
2085-TTOVE,Male,0,Yes,Yes,66,Yes,Yes,Fiber optic,No,No,No,No,Yes,No,Two year,No,Mailed check,93.89,6325.01,No
8899-SDYPM,Female,0,No,No,70,Yes,Yes,DSL,No,No,Yes,Yes,No,Yes,Month-to-month,No,Electronic check,78.99,5277.52,No
6631-DBOBD,Female,1,Yes,No,27,Yes,Yes,DSL,No,No,No,Yes,No,No,Month-to-month,Yes,Electronic check,68.5,1814.18,No
4518-GXWCC,Female,0,No,No,1,Yes,Yes,No,No internet service,No internet service,No internet service,No internet service,No internet service,No internet service,Two year,Yes,Mailed check,33.07,32.6,No
6768-CJOXS,Female,0,Yes,No,33,Yes,No,DSL,Yes,No,Yes,Yes,No,Yes,Month-to-month,No,Electronic check,74.77,2509.45,Yes
9597-FHWHY,Female,0,Yes,Yes,56,Yes,Yes,Fiber optic,No,No,Yes,No,No,Yes,Month-to-month,No,Mailed check,98.41,5283.77,No
6850-IMINE,Male,0,Yes,Yes,8,Yes,No,No,No internet service,No internet service,No internet service,No internet service,No internet service,No internet service,Two year,Yes,Electronic check,22.33,174.16,No
2781-AHXRT,Female,0,Yes,No,3,Yes,Yes,DSL,No,Yes,Yes,Yes,Yes,Yes,Month-to-month,Yes,Bank transfer (automatic),91.38,270.04,Yes
9768-OAFYZ,Male,0,Yes,No,13,Yes,No,Fiber optic,No,No,Yes,Yes,No,No,Month-to-month,Yes,Credit card (automatic),82.67,1108.2,Yes
3407-KANAF,Female,0,Yes,No,1,Yes,No,DSL,No,Yes,No,No,Yes,Yes,Month-to-month,No,Credit card (automatic),78.02,76.97,No
6528-PYQFC,Male,0,No,No,54,Yes,No,DSL,Yes,Yes,Yes,No,No,No,Two year,Yes,Mailed check,61.07,3411.85,No
1544-JPDKP,Male,1,No,No,4,Yes,No,DSL,No,No,Yes,Yes,Yes,No,Month-to-month,Yes,Mailed check,71.64,295.64,Yes
8725-OYNGQ,Male,0,Yes,No,55,Yes,No,Fiber optic,No,No,No,No,Yes,Yes,Two year,Yes,Electronic check,88.94,4978.39,No
8450-UIEBV,Male,0,No,Yes,9,Yes,Yes,DSL,Yes,Yes,Yes,Yes,Yes,Yes,Month-to-month,No,Electronic check,98.84,875.91,No
2196-VLQPA,Male,0,No,No,72,No,No phone service,DSL,No,No,Yes,No,Yes,No,Two year,Yes,Mailed check,59.2,4467.91,No
9603-ZWHDM,Female,0,No,No,35,Yes,Yes,Fiber optic,Yes,Yes,Yes,Yes,Yes,No,Month-to-month,No,Mailed check,107.62,3648.1,Yes
6530-WJVXE,Male,0,Yes,No,1,Yes,No,DSL,Yes,No,No,No,Yes,Yes,Month-to-month,Yes,Mailed check,75.02,73.08,Yes
6892-JGZIG,Female,0,Yes,No,59,Yes,No,DSL,Yes,Yes,Yes,Yes,Yes,No,One year,Yes,Bank transfer (automatic),80.8,4908.52,No
1024-CMRTT,Male,0,Yes,No,23,Yes,Yes,No,No internet service,No internet service,No internet service,No internet service,No internet service,No internet service,One year,No,Credit card (automatic),32.72,765.46,No
4084-YMAHE,Male,0,No,No,43,No,No phone service,Fiber optic,No,No,No,Yes,Yes,No,Two year,Yes,Bank transfer (automatic),82.54,3617.36,No
3931-WYBMX,Male,1,No,No,71,Yes,Yes,No,No internet service,No internet service,No internet service,No internet service,No internet service,No internet service,Two year,Yes,Electronic check,36.68,2489.44,No
4036-MTGLU,Male,1,No,No,34,Yes,No,DSL,Yes,Yes,Yes,Yes,No,No,One year,No,Bank transfer (automatic),73.38,2582.35,No
7436-QCSAW,Male,0,Yes,No,62,Yes,Yes,Fiber optic,No,Yes,No,Yes,No,Yes,One year,No,Electronic check,97.82,5864.58,No
6044-DAQCQ,Female,0,Yes,Yes,14,Yes,No,No,No internet service,No internet service,No internet service,No internet service,No internet service,No internet service,Month-to-month,Yes,Electronic check,24.23,335.66,Yes
3317-FLMQP,Male,0,Yes,Yes,54,Yes,Yes,Fiber optic,No,No,Yes,No,Yes,Yes,Two year,Yes,Credit card (automatic),102.29,5758.88,No
8832-TPSWX,Female,0,Yes,Yes,3,No,No phone service,No,No internet service,No internet service,No internet service,No internet service,No internet service,No internet service,Month-to-month,Yes,Electronic check,18.25,52.22,No
4980-WYVTV,Male,0,Yes,Yes,70,Yes,Yes,DSL,Yes,Yes,Yes,Yes,Yes,No,Two year,No,Electronic check,88.83,6122.1,No
9095-ZPLHX,Female,0,Yes,No,7,Yes,Yes,DSL,Yes,Yes,Yes,Yes,No,Yes,Month-to-month,No,Credit card (automatic),86.79,590.86,No
9131-FPZYE,Male,1,No,Yes,14,Yes,No,DSL,Yes,No,No,Yes,No,Yes,One year,Yes,Bank transfer (automatic),71.37,1036.07,No
2521-QKBYU,Female,0,Yes,No,71,Yes,Yes,Fiber optic,No,No,No,No,Yes,Yes,One year,No,Mailed check,99.31,7079.15,No
9792-VVYTV,Male,0,No,No,4,Yes,No,No,No internet service,No internet service,No internet service,No internet service,No internet service,No internet service,One year,Yes,Electronic check,27.82,114.0,No
2271-XQQBX,Male,0,No,No,10,Yes,Yes,Fiber optic,No,Yes,No,Yes,No,No,Month-to-month,No,Credit card (automatic),89.53,932.89,Yes
7083-YSRWB,Female,0,No,No,40,Yes,No,No,No internet service,No internet service,No internet service,No internet service,No internet service,No internet service,Month-to-month,Yes,Electronic check,28.88,1204.44,Yes
4553-YPBSW,Female,0,No,No,72,No,No phone service,No,No internet service,No internet service,No internet service,No internet service,No internet service,No internet service,Month-to-month,No,Credit card (automatic),21.18,1480.66,No
3941-WZETF,Male,0,Yes,No,52,Yes,No,No,No internet service,No internet service,No internet service,No internet service,No internet service,No internet service,Month-to-month,No,Electronic check,26.67,1352.67,No
8865-WVUTO,Male,1,Yes,Yes,3,Yes,Yes,Fiber optic,No,Yes,No,No,Yes,No,Month-to-month,Yes,Bank transfer (automatic),98.04,290.07,Yes
2513-MLOGV,Female,1,No,No,57,Yes,No,DSL,Yes,Yes,Yes,Yes,Yes,Yes,Two year,Yes,Electronic check,86.57,5178.23,No
7028-WZREY,Male,1,Yes,Yes,24,Yes,Yes,DSL,No,No,Yes,No,No,No,One year,No,Mailed check,65.45,1611.01,No
1579-BBEWJ,Male,0,No,No,72,Yes,Yes,Fiber optic,No,Yes,No,Yes,Yes,Yes,Month-to-month,No,Credit card (automatic),112.76,8169.13,No
5722-CFDDD,Female,0,Yes,No,46,Yes,Yes,No,No internet service,No internet service,No internet service,No internet service,No internet service,No internet service,Two year,Yes,Bank transfer (automatic),38.68,1806.6,No
9093-TAILD,Female,0,Yes,No,35,Yes,No,Fiber optic,No,Yes,Yes,No,Yes,No,Month-to-month,Yes,Credit card (automatic),91.24,3050.35,Yes
9561-CVSCL,Male,1,No,No,38,No,No phone service,DSL,No,No,No,No,Yes,Yes,One year,Yes,Electronic check,66.3,2509.28,No
7508-ADBDP,Female,0,Yes,No,47,Yes,Yes,No,No internet service,No internet service,No internet service,No internet service,No internet service,No internet service,Month-to-month,Yes,Electronic check,37.05,1795.49,No
3236-QLACN,Male,0,Yes,No,55,Yes,No,DSL,No,No,Yes,Yes,Yes,Yes,Two year,No,Bank transfer (automatic),78.2,4121.29,No
5802-JXKHF,Male,0,No,No,2,No,No phone service,DSL,Yes,No,No,Yes,No,Yes,Month-to-month,Yes,Electronic check,65.35,131.96,No
8358-PPZBP,Male,1,Yes,Yes,3,Yes,No,DSL,No,No,No,No,No,No,One year,No,Electronic check,46.48,145.14,No
3976-TSDNW,Female,0,No,No,14,Yes,Yes,DSL,No,No,Yes,Yes,Yes,Yes,Month-to-month,Yes,Credit card (automatic),88.16,1191.03,Yes
1337-QFJBX,Male,0,Yes,Yes,30,Yes,Yes,Fiber optic,No,Yes,No,No,No,No,Two year,No,Electronic check,83.53,2485.73,No
9938-UOBTG,Male,0,Yes,No,15,No,No phone service,No,No internet service,No internet service,No internet service,No internet service,No internet service,No internet service,One year,Yes,Bank transfer (automatic),20.83,304.48,No
3355-VPIAQ,Female,1,Yes,No,8,Yes,No,DSL,No,No,No,No,Yes,Yes,Month-to-month,Yes,Bank transfer (automatic),73.98,587.26,Yes
7940-IIBPD,Male,0,Yes,No,71,Yes,No,Fiber optic,Yes,Yes,No,Yes,No,Yes,One year,Yes,Bank transfer (automatic),91.3,6626.89,No
5350-VFGQL,Female,0,Yes,No,1,Yes,No,Fiber optic,No,Yes,No,No,Yes,Yes,Month-to-month,No,Bank transfer (automatic),97.95,101.06,Yes
1022-GLOYE,Female,0,No,No,71,Yes,Yes,Fiber optic,Yes,Yes,Yes,No,Yes,Yes,Month-to-month,Yes,Mailed check,118.01,8252.7,Yes
9807-EZZFB,Female,0,No,No,70,Yes,No,Fiber optic,No,No,Yes,No,No,No,Month-to-month,No,Bank transfer (automatic),76.25,5202.15,No
3267-MBZCI,Male,1,No,Yes,51,No,No phone service,DSL,Yes,No,Yes,No,Yes,No,Two year,No,Electronic check,61.3,2992.91,No
9536-JDTHA,Male,1,Yes,Yes,1,Yes,Yes,Fiber optic,No,Yes,Yes,No,No,No,Month-to-month,No,Bank transfer (automatic),93.46,96.17,Yes
2837-DBENO,Female,0,Yes,Yes,9,Yes,Yes,Fiber optic,No,Yes,No,Yes,No,No,Month-to-month,Yes,Mailed check,93.86,818.15,No
1966-QTIQT,Male,0,No,No,72,Yes,Yes,No,No internet service,No internet service,No internet service,No internet service,No internet service,No internet service,Two year,Yes,Bank transfer (automatic),33.4,2518.43,No
4715-VKBLL,Male,0,No,No,70,Yes,No,Fiber optic,Yes,No,No,No,Yes,No,Month-to-month,Yes,Credit card (automatic),81.88,5919.66,No
8257-HPMMQ,Male,1,Yes,Yes,72,No,No phone service,No,No internet service,No internet service,No internet service,No internet service,No internet service,No internet service,Two year,Yes,Electronic check,23.42,1679.81,No
8801-ADIBC,Male,0,Yes,Yes,72,Yes,No,No,No internet service,No internet service,No internet service,No internet service,No internet service,No internet service,Two year,Yes,Electronic check,21.26,1534.24,No
6419-KUATL,Female,0,Yes,No,2,Yes,No,DSL,No,Yes,No,Yes,No,Yes,Month-to-month,No,Mailed check,71.87,150.73,Yes
9265-IMCVW,Female,0,Yes,No,39,No,No phone service,DSL,No,No,Yes,Yes,No,No,Two year,Yes,Bank transfer (automatic),58.91,2235.71,No
1680-DWOMY,Male,0,No,No,65,Yes,Yes,No,No internet service,No internet service,No internet service,No internet service,No internet service,No internet service,Month-to-month,Yes,Electronic check,34.42,2267.97,No
8939-TWYKP,Female,0,Yes,Yes,15,Yes,No,Fiber optic,No,No,No,No,No,No,Month-to-month,No,Mailed check,68.92,1070.58,Yes
2117-VEULR,Male,0,Yes,No,25,Yes,Yes,DSL,No,Yes,No,No,Yes,No,Month-to-month,Yes,Bank transfer (automatic),73.13,1842.56,Yes
5926-OYSRD,Female,0,No,No,12,Yes,Yes,DSL,No,Yes,Yes,Yes,No,No,Month-to-month,Yes,Electronic check,74.65,893.42,Yes
5887-OTXEC,Male,1,Yes,Yes,1,Yes,No,DSL,Yes,Yes,Yes,No,Yes,No,Month-to-month,No,Electronic check,73.34,74.61,Yes
3655-BVIPH,Male,0,No,No,2,Yes,Yes,DSL,Yes,No,No,Yes,Yes,Yes,Month-to-month,Yes,Mailed check,93.66,196.01,Yes
2692-DGSQP,Male,0,No,Yes,1,Yes,Yes,Fiber optic,No,Yes,No,No,Yes,No,Month-to-month,Yes,Electronic check,93.3,92.23,Yes
9142-RMDQD,Female,0,Yes,No,35,Yes,No,DSL,Yes,Yes,No,Yes,Yes,Yes,One year,No,Credit card (automatic),88.84,3252.66,No
5618-JCGDH,Male,0,No,No,44,Yes,No,DSL,Yes,Yes,No,Yes,No,No,Two year,No,Bank transfer (automatic),61.88,2814.39,No
4515-HWBPI,Male,0,Yes,Yes,14,Yes,Yes,DSL,No,No,Yes,No,Yes,Yes,One year,No,Bank transfer (automatic),81.04,1130.44,No
8820-FIPDB,Female,0,Yes,Yes,64,No,No phone service,No,No internet service,No internet service,No internet service,No internet service,No internet service,No internet service,One year,No,Bank transfer (automatic),18.25,1178.44,No
7798-VLKQR,Female,0,No,No,70,Yes,No,Fiber optic,No,Yes,Yes,Yes,No,Yes,Two year,No,Electronic check,91.89,6284.32,No
5490-DZHRM,Female,1,No,No,3,Yes,No,No,No internet service,No internet service,No internet service,No internet service,No internet service,No internet service,One year,Yes,Bank transfer (automatic),21.81,65.46,Yes
7949-BUALZ,Female,0,No,No,2,Yes,Yes,DSL,No,Yes,No,No,Yes,Yes,Two year,No,Bank transfer (automatic),82.48,170.68,No
6660-OWWRN,Female,0,No,Yes,15,Yes,No,No,No internet service,No internet service,No internet service,No internet service,No internet service,No internet service,Two year,Yes,Credit card (automatic),21.68,323.65,No
3256-PIZAO,Female,0,Yes,Yes,54,Yes,Yes,Fiber optic,No,No,No,Yes,No,No,Two year,Yes,Mailed check,88.04,4899.47,No
3984-CETNZ,Female,0,No,No,33,Yes,Yes,DSL,Yes,No,Yes,No,No,No,Month-to-month,No,Credit card (automatic),68.6,2189.59,Yes
4218-NQVNQ,Female,1,No,No,31,Yes,Yes,DSL,Yes,Yes,No,Yes,No,Yes,Month-to-month,No,Mailed check,88.2,2636.02,Yes
7996-FEASA,Female,0,Yes,No,4,Yes,Yes,DSL,No,Yes,No,No,Yes,No,Month-to-month,Yes,Electronic check,75.11,285.88,Yes
5983-ZRCCD,Male,0,No,No,18,Yes,No,DSL,No,No,No,Yes,No,No,Month-to-month,Yes,Credit card (automatic),53.8,923.71,Yes
4262-IQASF,Male,0,Yes,Yes,71,Yes,No,DSL,Yes,No,Yes,No,No,No,Two year,No,Bank transfer (automatic),63.05,4357.65,No
4400-YJKCH,Male,0,No,No,17,Yes,No,Fiber optic,Yes,No,No,No,No,Yes,Month-to-month,Yes,Electronic check,84.67,1501.89,No
4329-FZGBX,Female,0,No,No,42,Yes,No,DSL,No,Yes,No,No,No,No,One year,Yes,Bank transfer (automatic),56.29,2479.22,No
4256-TKGYQ,Female,0,No,No,2,Yes,Yes,Fiber optic,No,Yes,Yes,No,No,Yes,Month-to-month,No,Mailed check,98.6,188.69,No
1667-UHZDZ,Female,0,Yes,Yes,2,Yes,Yes,Fiber optic,Yes,No,No,No,Yes,No,Month-to-month,Yes,Electronic check,91.22,184.96,Yes
6350-WAZGO,Female,1,Yes,Yes,24,Yes,No,Fiber optic,No,Yes,No,No,No,Yes,Month-to-month,Yes,Credit card (automatic),85.51,2039.77,Yes
4745-WPQEL,Male,0,Yes,Yes,43,Yes,Yes,No,No internet service,No internet service,No internet service,No internet service,No internet service,No internet service,One year,No,Electronic check,33.38,1468.5,No
9086-WJRLG,Female,0,No,No,20,Yes,No,DSL,No,Yes,Yes,Yes,No,No,One year,Yes,Electronic check,65.15,1238.58,No
4530-DXYGT,Male,0,Yes,Yes,6,No,No phone service,Fiber optic,No,Yes,No,No,No,Yes,Month-to-month,No,Bank transfer (automatic),76.39,479.91,Yes
9621-TJNAK,Male,0,No,No,56,Yes,No,DSL,No,Yes,No,No,Yes,Yes,Two year,Yes,Bank transfer (automatic),72.41,4079.26,No
6755-SGFHM,Female,0,Yes,No,3,No,No phone service,DSL,No,No,No,No,No,Yes,Month-to-month,Yes,Mailed check,57.16,179.54,Yes
4940-TLAHA,Female,1,Yes,No,49,Yes,No,Fiber optic,No,Yes,Yes,Yes,No,No,Month-to-month,Yes,Electronic check,87.01,4413.84,No
9652-UHHDO,Female,0,Yes,Yes,71,No,No phone service,No,No internet service,No internet service,No internet service,No internet service,No internet service,No internet service,One year,Yes,Electronic check,18.25,1255.32,No
2292-KHSJZ,Male,0,No,No,29,Yes,Yes,Fiber optic,No,No,No,No,No,No,Month-to-month,Yes,Bank transfer (automatic),79.08,2313.82,Yes
5723-CMVKK,Female,0,No,No,7,No,No phone service,No,No internet service,No internet service,No internet service,No internet service,No internet service,No internet service,Month-to-month,No,Electronic check,24.0,164.27,Yes
1140-TPJUB,Male,0,Yes,Yes,65,Yes,Yes,Fiber optic,No,Yes,Yes,Yes,No,Yes,One year,Yes,Mailed check,103.69,6669.23,No
4914-EXXKB,Female,1,Yes,No,33,Yes,Yes,Fiber optic,No,No,No,No,Yes,Yes,Month-to-month,Yes,Credit card (automatic),96.22,3251.51,Yes
2639-BQREI,Male,0,No,No,70,Yes,Yes,DSL,No,Yes,Yes,No,No,Yes,Month-to-month,Yes,Credit card (automatic),78.8,5768.38,No
8190-EUEJJ,Female,0,Yes,Yes,54,Yes,No,Fiber optic,No,Yes,No,Yes,No,Yes,One year,No,Electronic check,88.35,4613.06,No
7554-YNXCO,Male,0,No,No,25,Yes,No,No,No internet service,No internet service,No internet service,No internet service,No internet service,No internet service,Two year,No,Bank transfer (automatic),26.45,654.25,No
2284-MAWHC,Male,0,No,No,44,No,No phone service,Fiber optic,No,No,No,No,Yes,No,Month-to-month,Yes,Electronic check,71.72,3107.17,Yes
6059-OLYXZ,Female,0,Yes,Yes,5,Yes,No,DSL,No,No,No,No,Yes,No,Month-to-month,No,Electronic check,63.55,322.73,No
5309-PHHNA,Female,0,No,No,21,Yes,Yes,Fiber optic,Yes,Yes,No,Yes,Yes,Yes,Month-to-month,No,Mailed check,112.33,2347.58,No
6539-FIULZ,Female,0,No,No,42,Yes,No,DSL,No,Yes,No,No,No,Yes,One year,No,Electronic check,62.02,2688.57,No
7681-PADJK,Female,0,No,No,41,Yes,No,No,No internet service,No internet service,No internet service,No internet service,No internet service,No internet service,Two year,No,Electronic check,24.32,951.08,No
8984-WYBZO,Female,0,No,No,41,Yes,Yes,No,No internet service,No internet service,No internet service,No internet service,No internet service,No internet service,One year,No,Mailed check,35.13,1504.77,No
8747-KVIDV,Female,0,No,No,56,No,No phone service,No,No internet service,No internet service,No internet service,No internet service,No internet service,No internet service,Month-to-month,No,Bank transfer (automatic),21.03,1235.7,No
1209-HYGNP,Male,1,Yes,No,3,Yes,Yes,DSL,No,Yes,Yes,Yes,Yes,Yes,Month-to-month,Yes,Bank transfer (automatic),91.05,286.37,Yes
1314-ZOMGE,Male,0,Yes,No,2,Yes,No,DSL,No,No,Yes,No,No,Yes,Month-to-month,Yes,Electronic check,66.16,129.69,No
4009-ORCQD,Female,0,Yes,Yes,4,Yes,No,No,No internet service,No internet service,No internet service,No internet service,No internet service,No internet service,Month-to-month,Yes,Electronic check,25.8,100.44,Yes
1148-BVFZZ,Male,0,No,Yes,61,Yes,No,Fiber optic,No,No,No,No,Yes,Yes,One year,No,Electronic check,88.39,5167.91,No
3952-QOUGV,Male,0,Yes,No,2,Yes,No,No,No internet service,No internet service,No internet service,No internet service,No internet service,No internet service,Two year,No,Electronic check,23.13,47.71,No
4490-SENUP,Male,1,Yes,No,9,Yes,No,No,No internet service,No internet service,No internet service,No internet service,No internet service,No internet service,Month-to-month,No,Mailed check,21.4,200.28,Yes
8566-ZGCYJ,Male,0,Yes,No,10,No,No phone service,No,No internet service,No internet service,No internet service,No internet service,No internet service,No internet service,Month-to-month,Yes,Credit card (automatic),18.95,186.53,No
9350-RLPAO,Female,0,Yes,No,48,Yes,No,DSL,Yes,Yes,No,Yes,No,Yes,One year,Yes,Electronic check,76.08,3530.79,No
7511-QHHYI,Male,0,Yes,No,22,Yes,Yes,Fiber optic,No,No,Yes,No,Yes,Yes,One year,Yes,Bank transfer (automatic),107.68,2433.47,Yes
9437-OJVAF,Male,0,Yes,Yes,7,Yes,No,No,No internet service,No internet service,No internet service,No internet service,No internet service,No internet service,Month-to-month,No,Electronic check,21.38,147.67,Yes
1348-ZCNXA,Female,0,No,No,27,Yes,Yes,DSL,No,No,No,Yes,No,Yes,Two year,No,Bank transfer (automatic),73.01,2008.74,No
7180-KSZHS,Female,0,No,No,51,Yes,No,Fiber optic,No,No,No,No,Yes,No,One year,No,Credit card (automatic),76.17,3856.52,No
6559-MRWNA,Female,0,No,No,60,Yes,Yes,Fiber optic,No,Yes,No,No,No,No,One year,Yes,Electronic check,82.98,5084.75,No
1808-LLOBR,Male,0,Yes,Yes,3,Yes,Yes,DSL,Yes,Yes,Yes,Yes,Yes,No,Month-to-month,No,Credit card (automatic),86.73,265.63,Yes
4807-WNYDZ,Male,0,No,No,54,Yes,No,No,No internet service,No internet service,No internet service,No internet service,No internet service,No internet service,One year,Yes,Bank transfer (automatic),22.86,1277.4,No
7347-UKEPZ,Male,0,No,No,1,Yes,Yes,DSL,Yes,No,Yes,No,Yes,No,Month-to-month,No,Mailed check,82.93,84.43,No
1149-FVQFQ,Male,0,Yes,No,55,Yes,Yes,DSL,No,Yes,No,Yes,Yes,No,Two year,No,Mailed check,79.02,4493.08,No
2805-NRQRR,Male,1,Yes,Yes,49,Yes,No,DSL,No,Yes,No,No,No,Yes,Month-to-month,No,Credit card (automatic),68.18,3253.75,No
3493-DVKUY,Female,0,No,No,29,Yes,Yes,Fiber optic,No,Yes,No,No,No,Yes,Month-to-month,Yes,Electronic check,97.84,2801.49,No
8848-DUHON,Female,0,No,No,3,Yes,Yes,No,No internet service,No internet service,No internet service,No internet service,No internet service,No internet service,Month-to-month,Yes,Electronic check,33.8,105.08,Yes
8012-TBFZR,Female,1,Yes,No,58,Yes,Yes,DSL,No,Yes,Yes,No,Yes,No,Month-to-month,No,Credit card (automatic),81.22,4817.08,No
8198-UMWSC,Female,0,Yes,No,2,Yes,No,No,No internet service,No internet service,No internet service,No internet service,No internet service,No internet service,Month-to-month,No,Bank transfer (automatic),24.52,47.79,Yes
9862-RNYOZ,Female,0,No,No,70,No,No phone service,Fiber optic,No,No,No,No,Yes,No,Two year,Yes,Electronic check,77.55,5313.1,No
7397-VMFQM,Female,0,No,No,59,Yes,No,Fiber optic,No,Yes,Yes,Yes,No,No,Two year,No,Bank transfer (automatic),81.16,4740.45,No
7534-GFUTC,Female,0,No,No,56,Yes,Yes,DSL,No,No,Yes,Yes,No,No,Month-to-month,Yes,Credit card (automatic),70.04,3773.0,Yes
5471-MLEJX,Female,0,Yes,No,57,Yes,No,No,No internet service,No internet service,No internet service,No internet service,No internet service,No internet service,Two year,No,Electronic check,23.27,1369.95,No
4427-KWYCE,Male,0,Yes,Yes,2,Yes,No,DSL,No,No,No,Yes,Yes,No,Month-to-month,Yes,Bank transfer (automatic),68.5,132.48,No
1882-ALGDJ,Male,0,No,No,72,Yes,Yes,DSL,No,Yes,Yes,Yes,Yes,Yes,Two year,Yes,Mailed check,96.68,7225.51,No
3176-SBLWM,Female,0,Yes,No,67,Yes,No,Fiber optic,No,No,No,No,No,No,Two year,No,Electronic check,71.59,4732.28,No
5030-TJYFX,Male,0,Yes,No,33,Yes,No,DSL,Yes,Yes,No,No,Yes,Yes,One year,Yes,Mailed check,83.04,2609.11,No
2747-MPIPJ,Female,0,Yes,No,54,Yes,Yes,Fiber optic,No,Yes,No,No,No,No,Month-to-month,Yes,Credit card (automatic),85.57,4556.29,No
9767-JKINE,Female,0,Yes,Yes,56,Yes,Yes,Fiber optic,No,Yes,No,No,No,No,One year,Yes,Electronic check,84.01,4665.06,No
4171-DRQSK,Female,0,No,No,64,Yes,No,Fiber optic,No,Yes,Yes,No,Yes,Yes,Month-to-month,Yes,Bank transfer (automatic),100.31,6137.33,No
8015-THFCH,Male,0,No,No,10,No,No phone service,DSL,No,Yes,No,Yes,Yes,Yes,Month-to-month,Yes,Electronic check,73.42,724.04,No
1533-TOXAY,Male,0,Yes,No,20,Yes,No,Fiber optic,Yes,No,No,Yes,No,Yes,One year,No,Mailed check,86.74,1736.05,No
3886-EZPFN,Male,0,No,No,62,Yes,Yes,Fiber optic,No,Yes,No,Yes,No,No,Two year,Yes,Mailed check,93.51,6059.07,No
4097-YEBSX,Female,0,No,No,59,Yes,Yes,Fiber optic,No,Yes,No,No,No,No,Two year,Yes,Credit card (automatic),82.22,4723.28,No
3555-TIHOB,Male,0,No,No,34,Yes,Yes,Fiber optic,No,Yes,No,No,No,No,Month-to-month,Yes,Mailed check,85.58,2851.31,No
7907-SROBN,Female,1,No,No,22,Yes,No,DSL,Yes,No,No,No,No,Yes,Two year,No,Mailed check,62.19,1304.57,No
3769-HISMY,Female,0,Yes,No,72,Yes,No,DSL,No,Yes,Yes,Yes,Yes,Yes,Month-to-month,No,Credit card (automatic),83.79,5792.21,No
5286-DOJFM,Female,0,No,No,23,Yes,Yes,DSL,No,Yes,No,No,No,No,Month-to-month,Yes,Mailed check,66.36,1535.28,Yes
9167-GPSFT,Female,0,Yes,No,58,Yes,No,No,No internet service,No internet service,No internet service,No internet service,No internet service,No internet service,One year,Yes,Credit card (automatic),22.93,1391.26,No
7373-CSDTW,Female,0,Yes,No,23,Yes,No,Fiber optic,No,Yes,Yes,No,Yes,No,Month-to-month,Yes,Electronic check,88.91,2139.34,Yes
5026-XBSZE,Male,0,Yes,Yes,15,Yes,No,DSL,Yes,No,No,Yes,No,No,Month-to-month,Yes,Electronic check,58.53,865.37,No
3871-JICWI,Female,0,Yes,No,47,No,No phone service,DSL,No,No,Yes,No,Yes,Yes,Two year,No,Bank transfer (automatic),73.8,3308.05,No
2932-HEMFV,Male,0,No,No,62,No,No phone service,DSL,No,No,No,Yes,Yes,Yes,Two year,No,Bank transfer (automatic),70.6,4283.31,No
7177-BJCHT,Male,0,No,No,72,Yes,Yes,DSL,No,No,No,No,No,Yes,One year,Yes,Bank transfer (automatic),71.25,5184.29,No
6870-VXJYQ,Male,0,No,No,4,Yes,Yes,DSL,No,Yes,Yes,Yes,Yes,No,Month-to-month,Yes,Mailed check,84.15,345.42,Yes
9720-VPLCN,Female,0,No,No,69,Yes,No,Fiber optic,No,Yes,No,Yes,Yes,No,Two year,No,Electronic check,86.9,6164.71,No
8770-CMXBI,Male,1,Yes,No,35,Yes,Yes,Fiber optic,Yes,Yes,Yes,No,Yes,Yes,One year,No,Electronic check,112.43,4112.09,No
7015-IZURO,Female,1,Yes,No,3,No,No phone service,DSL,Yes,No,No,Yes,No,Yes,Month-to-month,No,Electronic check,63.9,191.12,No
3823-AUGFU,Female,0,No,No,61,Yes,No,Fiber optic,No,Yes,No,Yes,No,No,Two year,No,Mailed check,80.74,4789.74,No
1578-CRYKT,Female,0,No,No,16,Yes,Yes,DSL,No,No,No,Yes,Yes,No,Month-to-month,No,Mailed check,71.26,1173.37,Yes
7018-FMWGX,Male,0,No,No,68,Yes,Yes,Fiber optic,Yes,No,No,No,Yes,No,Two year,No,Electronic check,92.54,5978.54,No
4176-IEOOC,Female,0,Yes,No,4,Yes,No,DSL,No,No,No,Yes,Yes,No,Month-to-month,Yes,Electronic check,67.13,268.89,Yes
5774-MQIHT,Female,0,No,No,53,Yes,Yes,Fiber optic,No,No,No,No,Yes,No,One year,Yes,Credit card (automatic),91.07,4611.92,No
9772-ATMHF,Male,0,No,No,14,Yes,No,Fiber optic,No,No,Yes,No,No,Yes,Month-to-month,Yes,Mailed check,84.76,1155.59,Yes
4989-MNVLT,Female,0,Yes,No,11,No,No phone service,Fiber optic,Yes,No,No,No,No,Yes,Month-to-month,No,Mailed check,78.58,907.12,Yes
1561-UIHVS,Male,0,No,No,2,Yes,Yes,Fiber optic,Yes,Yes,No,No,No,Yes,Month-to-month,No,Mailed check,97.82,202.21,No
9503-UDVBR,Female,0,Yes,Yes,30,Yes,Yes,Fiber optic,No,Yes,Yes,No,Yes,No,Month-to-month,No,Electronic check,103.16,3245.59,No
8426-SHRFT,Female,1,Yes,No,21,Yes,No,Fiber optic,No,No,No,No,Yes,No,One year,Yes,Electronic check,76.19,1578.71,No
9924-WBWWG,Male,0,No,No,2,Yes,Yes,DSL,No,Yes,No,Yes,No,No,Month-to-month,No,Electronic check,67.61,129.81,No
3649-ZVLQN,Male,0,No,No,9,Yes,No,Fiber optic,No,Yes,Yes,No,No,No,Month-to-month,Yes,Bank transfer (automatic),77.73,730.15,Yes
7197-KPQSR,Female,0,No,No,31,Yes,No,Fiber optic,No,Yes,No,No,No,No,Month-to-month,No,Credit card (automatic),73.37,2236.67,No
8536-IUYUW,Male,0,No,No,62,Yes,Yes,DSL,No,No,No,Yes,No,Yes,One year,Yes,Electronic check,76.52,4609.88,No
9689-RVJEW,Male,0,Yes,Yes,71,Yes,No,Fiber optic,No,Yes,Yes,No,Yes,No,One year,Yes,Electronic check,93.68,6614.88,No
5205-ZXAXZ,Female,0,Yes,No,34,Yes,Yes,Fiber optic,Yes,Yes,No,No,No,Yes,Month-to-month,Yes,Mailed check,101.18,3345.09,Yes
3841-QHGGC,Female,0,Yes,No,22,Yes,No,No,No internet service,No internet service,No internet service,No internet service,No internet service,No internet service,Month-to-month,Yes,Bank transfer (automatic),28.37,644.94,Yes
1990-CUZDJ,Female,1,No,No,71,Yes,No,Fiber optic,No,No,Yes,Yes,No,No,Two year,Yes,Mailed check,81.37,5679.88,No
5878-SSWKU,Female,0,No,No,72,Yes,No,No,No internet service,No internet service,No internet service,No internet service,No internet service,No internet service,Two year,Yes,Mailed check,25.77,1837.45,No
5397-CUTDG,Male,0,No,No,6,Yes,Yes,No,No internet service,No internet service,No internet service,No internet service,No internet service,No internet service,Month-to-month,Yes,Bank transfer (automatic),34.63,205.26,Yes
5637-IFYSP,Female,0,No,No,35,Yes,Yes,No,No internet service,No internet service,No internet service,No internet service,No internet service,No internet service,Month-to-month,Yes,Credit card (automatic),36.59,1302.97,No
7499-HMDII,Female,1,No,No,64,Yes,No,DSL,Yes,Yes,Yes,Yes,Yes,No,Two year,No,Electronic check,80.39,5039.88,No
4241-HORWE,Male,0,No,No,64,Yes,No,DSL,No,No,No,Yes,No,Yes,Two year,Yes,Credit card (automatic),64.25,4300.5,No
9894-GZVRB,Female,0,No,Yes,51,Yes,No,Fiber optic,Yes,No,No,No,Yes,Yes,One year,No,Mailed check,97.19,5123.67,No
4654-MMTWU,Female,0,No,No,29,Yes,Yes,DSL,Yes,Yes,Yes,No,No,Yes,Month-to-month,No,Electronic check,82.36,2498.97,Yes
6796-AWZKX,Male,0,Yes,No,22,Yes,Yes,Fiber optic,Yes,No,No,No,No,No,One year,Yes,Mailed check,84.35,1849.34,No
8903-PNYMW,Female,0,Yes,Yes,62,Yes,No,DSL,Yes,No,No,No,No,Yes,Two year,No,Mailed check,66.46,4038.7,No
3183-THYQO,Female,0,Yes,No,9,Yes,No,DSL,Yes,Yes,Yes,No,Yes,No,Month-to-month,Yes,Electronic check,77.5,673.84,Yes
3763-OYHDO,Male,0,No,No,24,No,No phone service,DSL,No,No,Yes,No,No,Yes,Month-to-month,Yes,Electronic check,62.23,1432.03,No
2245-TTZUM,Female,0,No,Yes,39,Yes,No,Fiber optic,No,No,Yes,Yes,No,No,Two year,Yes,Mailed check,81.84,3096.2,No
5357-SVSKH,Female,0,Yes,No,65,No,No phone service,DSL,No,No,Yes,No,Yes,No,Two year,Yes,Mailed check,60.45,3997.08,No
5530-JGRPT,Female,0,No,No,20,Yes,Yes,Fiber optic,No,No,No,No,No,No,One year,Yes,Credit card (automatic),79.54,1525.52,Yes
9287-KXEGF,Male,0,No,No,37,Yes,Yes,Fiber optic,No,No,Yes,No,No,No,One year,Yes,Mailed check,88.29,3311.87,No
4871-UDLSB,Male,1,Yes,Yes,12,Yes,Yes,No,No internet service,No internet service,No internet service,No internet service,No internet service,No internet service,Month-to-month,No,Credit card (automatic),35.09,438.75,Yes
1004-GDFMT,Male,0,No,No,65,Yes,No,DSL,No,No,No,Yes,Yes,Yes,One year,Yes,Mailed check,77.95,4908.57,No
6116-DEWGM,Female,0,No,No,60,Yes,Yes,No,No internet service,No internet service,No internet service,No internet service,No internet service,No internet service,Two year,Yes,Electronic check,32.73,2010.39,No
2859-AVAKP,Female,0,Yes,No,63,Yes,No,Fiber optic,No,Yes,No,Yes,Yes,No,Two year,No,Mailed check,88.3,5628.48,No
8030-SVVYA,Male,0,Yes,No,2,Yes,Yes,Fiber optic,Yes,No,No,No,Yes,Yes,Month-to-month,Yes,Electronic check,105.82,214.54,Yes
8867-TOJXZ,Male,0,Yes,Yes,31,Yes,No,No,No internet service,No internet service,No internet service,No internet service,No internet service,No internet service,One year,No,Mailed check,26.1,827.24,No
3390-LNMCO,Male,1,No,No,3,Yes,Yes,DSL,No,Yes,No,Yes,Yes,Yes,Month-to-month,No,Electronic check,89.75,274.03,Yes
6037-OKFNC,Female,0,Yes,No,50,Yes,Yes,Fiber optic,No,No,Yes,No,No,No,Two year,Yes,Credit card (automatic),86.21,4100.31,No
2533-JVECP,Female,0,No,No,15,Yes,No,Fiber optic,No,Yes,Yes,No,No,Yes,Month-to-month,Yes,Mailed check,86.05,1260.64,Yes
1410-XBGSN,Male,0,No,No,59,No,No phone service,Fiber optic,No,No,No,Yes,No,Yes,Two year,Yes,Bank transfer (automatic),78.12,4804.43,No
3970-MZHFH,Male,0,Yes,Yes,2,Yes,No,DSL,Yes,No,Yes,Yes,No,Yes,Month-to-month,Yes,Bank transfer (automatic),75.41,143.61,Yes
7273-MROHO,Male,1,No,Yes,33,Yes,Yes,DSL,Yes,Yes,Yes,No,No,Yes,One year,Yes,Mailed check,85.64,2809.75,No
3811-KGCKQ,Male,1,No,No,3,Yes,Yes,Fiber optic,No,No,Yes,No,No,No,Month-to-month,Yes,Electronic check,83.12,237.78,Yes
6969-USEYK,Female,0,Yes,No,38,Yes,No,No,No internet service,No internet service,No internet service,No internet service,No internet service,No internet service,Month-to-month,No,Mailed check,28.94,1144.56,No
1089-NZROB,Male,0,No,No,43,Yes,Yes,Fiber optic,No,Yes,Yes,No,No,No,Two year,Yes,Credit card (automatic),86.54,3874.59,No
6578-JRDMF,Male,1,No,No,28,Yes,Yes,DSL,Yes,Yes,No,No,Yes,Yes,Month-to-month,No,Electronic check,89.89,2609.16,No
4766-IOTBY,Female,0,Yes,No,12,Yes,Yes,Fiber optic,No,No,Yes,Yes,No,No,Month-to-month,Yes,Credit card (automatic),89.28,1118.76,Yes
3964-SVKPU,Female,1,Yes,Yes,1,Yes,No,Fiber optic,No,No,No,No,Yes,No,Month-to-month,No,Bank transfer (automatic),81.61,84.92,Yes
6190-YSXOI,Female,0,No,No,49,Yes,Yes,Fiber optic,Yes,No,No,No,Yes,Yes,One year,Yes,Electronic check,103.39,4823.27,No
3449-EYESM,Female,0,No,No,68,Yes,No,Fiber optic,No,No,No,No,No,No,Month-to-month,Yes,Mailed check,68.39,4663.19,Yes
6051-ELUHF,Female,0,Yes,No,55,Yes,No,Fiber optic,Yes,Yes,Yes,No,No,Yes,Two year,No,Electronic check,92.58,5150.22,No
8454-CQSNV,Female,0,Yes,Yes,70,Yes,No,Fiber optic,No,Yes,No,No,No,No,Month-to-month,Yes,Credit card (automatic),74.58,5337.38,No
9978-HHPZK,Female,0,No,No,71,Yes,No,Fiber optic,No,No,No,Yes,No,No,Two year,Yes,Electronic check,77.56,5594.76,No
3787-COHCG,Female,0,Yes,Yes,27,Yes,No,Fiber optic,Yes,No,Yes,Yes,Yes,No,One year,Yes,Mailed check,96.46,2654.31,No
5661-BXVMP,Female,0,No,No,52,No,No phone service,DSL,No,No,Yes,No,No,Yes,Month-to-month,No,Bank transfer (automatic),59.8,3154.27,No
6320-XMLSI,Male,1,No,No,22,Yes,Yes,Fiber optic,No,No,Yes,No,Yes,Yes,Month-to-month,Yes,Credit card (automatic),108.57,2305.75,Yes
2376-KBPVC,Male,0,Yes,Yes,70,Yes,Yes,Fiber optic,No,No,No,No,Yes,No,Two year,No,Credit card (automatic),93.13,6554.89,No
2050-QROLM,Male,0,Yes,Yes,39,Yes,No,Fiber optic,No,Yes,Yes,No,No,No,One year,Yes,Bank transfer (automatic),80.51,3124.31,No
3774-PSBOC,Female,0,No,No,57,Yes,Yes,Fiber optic,Yes,Yes,Yes,No,No,Yes,Two year,No,Credit card (automatic),107.45,6426.64,Yes
3741-MQEKG,Female,0,No,Yes,1,No,No phone service,Fiber optic,No,Yes,No,No,Yes,No,One year,Yes,Bank transfer (automatic),76.74,77.9,No
2897-QDQDS,Female,0,No,No,40,Yes,Yes,DSL,Yes,No,No,Yes,Yes,No,Two year,No,Mailed check,83.33,3460.68,No
3248-ENJBE,Male,0,Yes,No,56,Yes,No,Fiber optic,No,No,No,Yes,Yes,Yes,Two year,No,Electronic check,98.22,5292.37,No
1924-ZROJY,Male,0,No,No,11,Yes,Yes,Fiber optic,Yes,No,Yes,No,No,No,One year,Yes,Electronic check,89.38,964.32,Yes
6190-MWHLD,Female,0,Yes,No,1,Yes,Yes,No,No internet service,No internet service,No internet service,No internet service,No internet service,No internet service,Month-to-month,Yes,Mailed check,38.65,39.68,Yes
9711-ONRTG,Male,0,No,Yes,56,Yes,Yes,DSL,No,Yes,No,Yes,No,Yes,One year,Yes,Electronic check,77.23,4438.04,No
9314-HKERW,Male,0,Yes,No,17,Yes,No,No,No internet service,No internet service,No internet service,No internet service,No internet service,No internet service,One year,Yes,Electronic check,23.14,379.53,No
7512-TPECO,Female,0,No,No,25,Yes,No,No,No internet service,No internet service,No internet service,No internet service,No internet service,No internet service,Two year,Yes,Electronic check,26.88,677.44,Yes
6569-MKKPK,Male,0,Yes,Yes,39,Yes,No,DSL,Yes,No,No,Yes,No,No,Two year,Yes,Mailed check,63.15,2402.7,No
4667-ZCIET,Male,0,Yes,Yes,3,Yes,Yes,No,No internet service,No internet service,No internet service,No internet service,No internet service,No internet service,Month-to-month,Yes,Credit card (automatic),32.67,99.19,Yes
4390-YAITC,Male,0,Yes,No,3,Yes,Yes,DSL,No,No,No,No,No,Yes,Month-to-month,Yes,Electronic check,73.54,212.73,No
2307-EQEDV,Male,0,Yes,No,71,Yes,Yes,No,No internet service,No internet service,No internet service,No internet service,No internet service,No internet service,Two year,No,Electronic check,36.85,2590.24,Yes
8934-VMRTQ,Female,1,Yes,No,17,Yes,Yes,DSL,No,No,Yes,Yes,No,Yes,One year,Yes,Electronic check,83.49,1382.64,No
1643-KVZDA,Male,0,Yes,Yes,10,Yes,Yes,No,No internet service,No internet service,No internet service,No internet service,No internet service,No internet service,One year,Yes,Electronic check,34.06,339.49,Yes
4613-GOMZP,Male,0,Yes,No,2,Yes,No,Fiber optic,No,No,No,No,Yes,No,Month-to-month,Yes,Credit card (automatic),82.4,162.46,Yes
3594-RENDG,Male,0,Yes,No,5,Yes,No,Fiber optic,Yes,Yes,Yes,No,Yes,Yes,Month-to-month,Yes,Credit card (automatic),104.76,541.5,Yes
9710-SJMBV,Female,0,No,No,25,Yes,No,Fiber optic,No,No,Yes,Yes,Yes,Yes,Month-to-month,Yes,Bank transfer (automatic),103.56,2670.09,No
7714-HVWQN,Male,1,No,No,17,Yes,No,Fiber optic,No,No,Yes,Yes,No,No,Month-to-month,No,Credit card (automatic),77.23,1353.86,Yes
3945-FNKDX,Male,0,Yes,No,24,Yes,No,Fiber optic,No,Yes,Yes,No,Yes,No,One year,No,Mailed check,93.61,2175.58,No
9998-VIQMI,Male,0,No,No,53,Yes,Yes,DSL,Yes,Yes,Yes,No,No,No,One year,No,Mailed check,74.27,3876.17,Yes
7153-NGDZE,Male,0,Yes,No,47,Yes,Yes,DSL,Yes,Yes,No,No,No,Yes,Two year,No,Mailed check,83.72,3878.02,No
9669-POQBZ,Male,0,Yes,No,31,No,No phone service,No,No internet service,No internet service,No internet service,No internet service,No internet service,No internet service,Two year,Yes,Electronic check,18.25,589.22,No
5761-PLLTF,Female,0,Yes,No,63,Yes,No,Fiber optic,No,Yes,No,No,No,No,One year,Yes,Credit card (automatic),77.59,4878.32,No
9534-TQKBZ,Female,1,Yes,No,67,Yes,Yes,DSL,No,No,No,No,No,No,Month-to-month,No,Credit card (automatic),61.09,4043.08,No
4491-SFODX,Female,0,No,No,42,No,No phone service,No,No internet service,No internet service,No internet service,No internet service,No internet service,No internet service,One year,No,Electronic check,23.21,969.41,No
8704-KAPQP,Female,0,No,No,3,Yes,Yes,Fiber optic,No,No,Yes,No,No,Yes,Month-to-month,Yes,Credit card (automatic),92.0,282.37,Yes
9472-CCRZS,Male,0,Yes,No,22,Yes,No,DSL,No,No,No,No,Yes,Yes,One year,Yes,Electronic check,71.74,1530.36,No
3186-JCHAH,Female,1,No,No,46,Yes,No,Fiber optic,Yes,No,Yes,No,Yes,Yes,One year,Yes,Mailed check,103.52,4916.49,No
3983-ZWWLG,Male,0,No,No,2,Yes,No,Fiber optic,No,Yes,No,No,No,No,Month-to-month,Yes,Mailed check,78.35,164.32,Yes
6171-VKWNM,Female,1,Yes,Yes,1,Yes,Yes,DSL,No,No,Yes,No,No,No,Month-to-month,No,Bank transfer (automatic),62.58,64.89,No
3926-XPWNC,Male,0,No,No,71,Yes,No,No,No internet service,No internet service,No internet service,No internet service,No internet service,No internet service,Month-to-month,Yes,Electronic check,25.08,1845.97,No
6368-QMOCW,Female,1,Yes,Yes,55,Yes,Yes,Fiber optic,No,No,No,No,No,Yes,Month-to-month,Yes,Bank transfer (automatic),93.16,4942.97,No
1877-WAQDU,Female,1,No,No,4,No,No phone service,No,No internet service,No internet service,No internet service,No internet service,No internet service,No internet service,One year,Yes,Bank transfer (automatic),22.62,91.72,No
5807-CBALV,Male,0,No,No,26,Yes,No,No,No internet service,No internet service,No internet service,No internet service,No internet service,No internet service,Month-to-month,No,Mailed check,26.32,692.99,No
5991-SKOOF,Male,0,No,No,7,Yes,Yes,DSL,No,Yes,Yes,No,Yes,No,Month-to-month,No,Bank transfer (automatic),79.42,566.43,No
2388-ZPDAT,Female,0,Yes,Yes,1,Yes,No,DSL,Yes,Yes,No,Yes,No,No,Month-to-month,Yes,Bank transfer (automatic),66.39,68.67,Yes
5517-HJXCW,Male,0,No,No,21,Yes,No,Fiber optic,No,No,No,Yes,Yes,No,Month-to-month,Yes,Credit card (automatic),83.74,1724.2,Yes
6292-XVIQQ,Female,0,Yes,No,48,Yes,No,DSL,No,No,No,No,No,No,One year,Yes,Credit card (automatic),51.52,2453.34,No
1139-QFAEY,Male,0,Yes,Yes,71,Yes,No,Fiber optic,No,Yes,No,Yes,Yes,Yes,Month-to-month,Yes,Credit card (automatic),101.95,7483.74,No
6974-AMPES,Male,0,No,Yes,59,Yes,Yes,No,No internet service,No internet service,No internet service,No internet service,No internet service,No internet service,Two year,Yes,Electronic check,31.07,1900.29,No
5877-RFYSZ,Female,0,No,No,9,Yes,No,Fiber optic,Yes,Yes,No,Yes,Yes,Yes,Month-to-month,No,Electronic check,106.73,964.19,No
9002-XECZP,Male,0,No,No,17,Yes,No,Fiber optic,No,Yes,No,No,No,No,One year,Yes,Credit card (automatic),72.7,1215.14,No
8867-FPBWR,Male,1,Yes,Yes,34,Yes,No,Fiber optic,No,Yes,No,No,No,Yes,Two year,No,Bank transfer (automatic),83.98,2892.99,No
2523-SGAIM,Female,0,Yes,No,6,Yes,Yes,DSL,Yes,No,No,No,Yes,Yes,Month-to-month,No,Electronic check,84.47,487.14,Yes
1731-JWFCZ,Female,0,No,No,65,Yes,Yes,Fiber optic,No,Yes,No,Yes,Yes,No,One year,Yes,Electronic check,103.89,6851.75,No
2051-BFWES,Female,0,Yes,Yes,5,Yes,Yes,Fiber optic,Yes,No,No,Yes,Yes,No,Month-to-month,Yes,Mailed check,96.03,492.51,Yes
4389-KGHSY,Female,0,No,Yes,13,No,No phone service,No,No internet service,No internet service,No internet service,No internet service,No internet service,No internet service,Month-to-month,No,Mailed check,22.2,279.55,Yes
2436-THESM,Male,0,No,No,40,Yes,Yes,Fiber optic,No,No,No,No,No,Yes,One year,Yes,Credit card (automatic),92.92,3564.79,No
8283-IJQLF,Male,1,No,No,3,Yes,No,DSL,No,Yes,No,Yes,No,No,Month-to-month,No,Electronic check,57.94,170.58,No
9921-AUKRZ,Male,0,No,No,45,Yes,No,DSL,Yes,Yes,No,No,No,Yes,One year,Yes,Electronic check,68.01,3159.61,No
6533-VMSCZ,Female,0,Yes,Yes,71,Yes,No,No,No internet service,No internet service,No internet service,No internet service,No internet service,No internet service,One year,Yes,Electronic check,27.81,1970.24,No
4709-LPPKU,Male,0,No,Yes,52,Yes,No,Fiber optic,No,No,Yes,No,Yes,Yes,One year,No,Bank transfer (automatic),96.15,5178.49,No
3623-SLMYD,Male,0,No,No,63,Yes,Yes,DSL,No,Yes,Yes,No,No,Yes,One year,No,Mailed check,83.14,5073.26,No
7957-DMPPV,Female,0,No,No,26,Yes,No,No,No internet service,No internet service,No internet service,No internet service,No internet service,No internet service,Two year,No,Credit card (automatic),25.09,635.38,No
1919-CVSML,Female,0,No,Yes,19,Yes,No,Fiber optic,No,No,Yes,No,Yes,No,Month-to-month,No,Mailed check,82.84,1507.17,Yes
4819-OXDIC,Female,0,No,No,16,Yes,No,No,No internet service,No internet service,No internet service,No internet service,No internet service,No internet service,One year,No,Electronic check,28.02,438.1,Yes
9352-RNVUA,Male,0,Yes,Yes,49,Yes,Yes,No,No internet service,No internet service,No internet service,No internet service,No internet service,No internet service,Two year,No,Electronic check,34.44,1617.44,No
4412-KZLLR,Female,0,No,No,34,Yes,No,DSL,No,Yes,No,No,Yes,No,One year,Yes,Mailed check,63.27,2131.72,No
5547-TEVUN,Male,0,Yes,No,29,Yes,No,DSL,No,No,Yes,No,Yes,Yes,Month-to-month,Yes,Credit card (automatic),72.74,2017.86,No
8611-RCKOK,Female,0,No,No,3,Yes,Yes,Fiber optic,Yes,No,No,Yes,No,No,Month-to-month,Yes,Bank transfer (automatic),92.85,283.47,Yes
8458-LXHMT,Male,0,No,No,50,Yes,Yes,No,No internet service,No internet service,No internet service,No internet service,No internet service,No internet service,One year,Yes,Bank transfer (automatic),36.2,1838.8,No
5709-FSHIA,Male,0,Yes,Yes,55,Yes,No,Fiber optic,No,No,No,Yes,Yes,No,One year,Yes,Bank transfer (automatic),86.76,4600.41,No
8340-SELAW,Male,0,No,Yes,7,Yes,Yes,DSL,No,No,No,No,Yes,No,Month-to-month,Yes,Credit card (automatic),70.7,470.69,Yes
9872-MUVBH,Male,0,Yes,Yes,58,Yes,Yes,DSL,Yes,Yes,No,Yes,No,Yes,One year,No,Credit card (automatic),88.8,5296.81,No
9177-AKCHE,Female,1,Yes,No,69,Yes,No,Fiber optic,No,No,Yes,No,No,No,One year,Yes,Bank transfer (automatic),71.41,5018.7,No
6067-CINWW,Female,0,Yes,No,5,Yes,Yes,Fiber optic,No,Yes,No,No,No,Yes,Month-to-month,Yes,Credit card (automatic),95.72,475.13,Yes
4426-HTDUV,Female,1,No,No,27,Yes,Yes,DSL,Yes,No,Yes,Yes,Yes,No,Month-to-month,No,Bank transfer (automatic),88.1,2482.7,No
9296-SZVFD,Male,0,Yes,Yes,69,Yes,No,DSL,No,Yes,No,No,Yes,Yes,One year,No,Mailed check,71.79,5007.49,No
2925-WDSUS,Female,0,Yes,No,31,Yes,No,DSL,No,Yes,No,No,No,Yes,Month-to-month,No,Electronic check,66.73,2141.85,Yes
5999-CASOU,Male,1,Yes,Yes,63,Yes,Yes,DSL,No,Yes,Yes,No,Yes,Yes,Month-to-month,No,Mailed check,87.65,5628.61,No
6786-MRGYW,Male,0,Yes,No,8,Yes,Yes,Fiber optic,No,Yes,No,No,Yes,No,Month-to-month,Yes,Electronic check,98.67,803.52,Yes
6289-VGZQF,Male,1,Yes,Yes,2,Yes,No,No,No internet service,No internet service,No internet service,No internet service,No internet service,No internet service,Month-to-month,Yes,Credit card (automatic),25.67,50.28,Yes
4693-EIGYN,Male,1,No,No,2,Yes,No,DSL,Yes,Yes,Yes,Yes,Yes,No,Month-to-month,Yes,Electronic check,79.38,159.74,Yes
9032-DJKGD,Male,1,No,No,72,Yes,Yes,Fiber optic,No,No,Yes,Yes,Yes,Yes,One year,Yes,Electronic check,106.7,7535.19,No
8089-XBCSA,Male,1,No,No,5,Yes,Yes,DSL,Yes,Yes,No,No,No,No,One year,Yes,Electronic check,73.03,354.54,No
9155-YYRWJ,Female,0,Yes,No,68,No,No phone service,Fiber optic,No,Yes,No,No,Yes,No,Two year,No,Mailed check,78.62,5101.82,No
8635-UYSCE,Female,1,No,No,15,Yes,No,DSL,No,Yes,Yes,No,No,No,Two year,Yes,Bank transfer (automatic),60.75,931.88,No
2688-JZYVI,Male,0,Yes,No,1,No,No phone service,No,No internet service,No internet service,No internet service,No internet service,No internet service,No internet service,Month-to-month,Yes,Credit card (automatic),21.42,21.02,No
6889-WKMKD,Male,0,Yes,Yes,10,Yes,Yes,Fiber optic,Yes,No,No,Yes,No,Yes,Month-to-month,Yes,Mailed check,100.85,1053.59,Yes
7016-HWGCJ,Male,0,Yes,Yes,33,Yes,No,DSL,No,No,No,Yes,No,Yes,One year,Yes,Credit card (automatic),62.48,1995.63,No
6710-WJCEX,Male,0,Yes,Yes,3,Yes,Yes,Fiber optic,No,Yes,No,Yes,No,Yes,Month-to-month,Yes,Mailed check,96.77,280.77,No
1244-UNJZH,Male,0,Yes,No,70,Yes,No,Fiber optic,No,No,Yes,No,Yes,Yes,Two year,No,Electronic check,93.56,6691.09,No
9392-HLBAP,Male,0,No,No,70,Yes,No,No,No internet service,No internet service,No internet service,No internet service,No internet service,No internet service,Month-to-month,No,Credit card (automatic),21.94,1513.59,No
3033-CDDKI,Female,1,No,No,4,Yes,Yes,Fiber optic,No,Yes,No,No,No,Yes,Month-to-month,Yes,Bank transfer (automatic),96.47,391.94,Yes
9175-DYTMD,Female,0,No,No,56,No,No phone service,Fiber optic,No,Yes,No,No,Yes,No,Month-to-month,Yes,Bank transfer (automatic),80.79,4637.6,Yes
8652-INZLD,Male,0,No,No,28,Yes,No,DSL,No,No,No,No,No,No,One year,No,Credit card (automatic),53.95,1522.9,No
9989-ZPMGA,Female,0,No,No,72,No,No phone service,Fiber optic,No,No,No,No,Yes,No,Two year,Yes,Bank transfer (automatic),72.69,5363.4,No
1616-ANTFG,Female,0,No,No,2,Yes,No,No,No internet service,No internet service,No internet service,No internet service,No internet service,No internet service,Month-to-month,No,Electronic check,26.72,54.27,Yes
7814-DIZEA,Male,0,No,No,29,Yes,Yes,Fiber optic,No,No,Yes,No,Yes,No,One year,Yes,Electronic check,95.11,2648.5,Yes
5052-FQABN,Male,0,No,No,13,Yes,Yes,DSL,No,Yes,Yes,No,Yes,No,Two year,Yes,Mailed check,78.26,1057.95,No
6540-NUXPY,Female,0,Yes,Yes,55,Yes,No,Fiber optic,No,Yes,No,No,Yes,No,Month-to-month,No,Electronic check,84.83,4597.62,Yes
4223-BVANY,Female,0,No,No,3,Yes,No,Fiber optic,Yes,Yes,Yes,No,Yes,No,One year,Yes,Mailed check,98.15,294.71,Yes
4232-ANFJY,Male,0,Yes,Yes,45,Yes,No,Fiber optic,Yes,No,No,Yes,Yes,Yes,Two year,Yes,Electronic check,99.12,4348.54,No
